date,store_id,sku_id,sales_units,unit_price,is_promotion,is_weekend,lead_time_days,is_stockout_day
2024-01-01,Store-North-01,SKU-ELECTRONICS-01,61,114.83,0,0,4,0
2024-01-02,Store-North-01,SKU-ELECTRONICS-01,55,114.83,0,0,4,0
2024-01-03,Store-North-01,SKU-ELECTRONICS-01,0,97.6,1,0,4,1
2024-01-04,Store-North-01,SKU-ELECTRONICS-01,108,97.6,1,0,4,0
2024-01-05,Store-North-01,SKU-ELECTRONICS-01,53,114.83,0,0,4,0
2024-01-06,Store-North-01,SKU-ELECTRONICS-01,93,114.83,0,1,4,0
2024-01-07,Store-North-01,SKU-ELECTRONICS-01,173,97.6,1,1,4,0
2024-01-08,Store-North-01,SKU-ELECTRONICS-01,101,97.6,1,0,4,0
2024-01-09,Store-North-01,SKU-ELECTRONICS-01,70,114.83,0,0,4,0
2024-01-10,Store-North-01,SKU-ELECTRONICS-01,68,114.83,0,0,4,0
2024-01-11,Store-North-01,SKU-ELECTRONICS-01,61,114.83,0,0,4,0
2024-01-12,Store-North-01,SKU-ELECTRONICS-01,58,114.83,0,0,4,0
2024-01-13,Store-North-01,SKU-ELECTRONICS-01,95,114.83,0,1,4,0
2024-01-14,Store-North-01,SKU-ELECTRONICS-01,79,114.83,0,1,4,0
2024-01-15,Store-North-01,SKU-ELECTRONICS-01,112,97.6,1,0,4,0
2024-01-16,Store-North-01,SKU-ELECTRONICS-01,104,97.6,1,0,4,0
2024-01-17,Store-North-01,SKU-ELECTRONICS-01,78,114.83,0,0,4,0
2024-01-18,Store-North-01,SKU-ELECTRONICS-01,63,114.83,0,0,4,0
2024-01-19,Store-North-01,SKU-ELECTRONICS-01,69,114.83,0,0,4,0
2024-01-20,Store-North-01,SKU-ELECTRONICS-01,85,114.83,0,1,4,0
2024-01-21,Store-North-01,SKU-ELECTRONICS-01,81,114.83,0,1,4,0
2024-01-22,Store-North-01,SKU-ELECTRONICS-01,54,114.83,0,0,4,0
2024-01-23,Store-North-01,SKU-ELECTRONICS-01,66,114.83,0,0,4,0
2024-01-24,Store-North-01,SKU-ELECTRONICS-01,69,114.83,0,0,4,0
2024-01-25,Store-North-01,SKU-ELECTRONICS-01,69,114.83,0,0,4,0
2024-01-26,Store-North-01,SKU-ELECTRONICS-01,62,114.83,0,0,4,0
2024-01-27,Store-North-01,SKU-ELECTRONICS-01,89,114.83,0,1,4,0
2024-01-28,Store-North-01,SKU-ELECTRONICS-01,88,114.83,0,1,4,0
2024-01-29,Store-North-01,SKU-ELECTRONICS-01,63,114.83,0,0,4,0
2024-01-30,Store-North-01,SKU-ELECTRONICS-01,73,114.83,0,0,4,0
2024-01-31,Store-North-01,SKU-ELECTRONICS-01,62,114.83,0,0,4,0
2024-02-01,Store-North-01,SKU-ELECTRONICS-01,116,97.6,1,0,4,0
2024-02-02,Store-North-01,SKU-ELECTRONICS-01,68,114.83,0,0,4,0
2024-02-03,Store-North-01,SKU-ELECTRONICS-01,100,114.83,0,1,4,0
2024-02-04,Store-North-01,SKU-ELECTRONICS-01,98,114.83,0,1,4,0
2024-02-05,Store-North-01,SKU-ELECTRONICS-01,79,114.83,0,0,4,0
2024-02-06,Store-North-01,SKU-ELECTRONICS-01,80,114.83,0,0,4,0
2024-02-07,Store-North-01,SKU-ELECTRONICS-01,76,114.83,0,0,4,0
2024-02-08,Store-North-01,SKU-ELECTRONICS-01,77,114.83,0,0,4,0
2024-02-09,Store-North-01,SKU-ELECTRONICS-01,153,97.6,1,0,4,0
2024-02-10,Store-North-01,SKU-ELECTRONICS-01,103,114.83,0,1,4,0
2024-02-11,Store-North-01,SKU-ELECTRONICS-01,104,114.83,0,1,4,0
2024-02-12,Store-North-01,SKU-ELECTRONICS-01,74,114.83,0,0,4,0
2024-02-13,Store-North-01,SKU-ELECTRONICS-01,75,114.83,0,0,4,0
2024-02-14,Store-North-01,SKU-ELECTRONICS-01,79,114.83,0,0,4,0
2024-02-15,Store-North-01,SKU-ELECTRONICS-01,91,114.83,0,0,4,0
2024-02-16,Store-North-01,SKU-ELECTRONICS-01,71,114.83,0,0,4,0
2024-02-17,Store-North-01,SKU-ELECTRONICS-01,95,114.83,0,1,4,0
2024-02-18,Store-North-01,SKU-ELECTRONICS-01,91,114.83,0,1,4,0
2024-02-19,Store-North-01,SKU-ELECTRONICS-01,72,114.83,0,0,4,0
2024-02-20,Store-North-01,SKU-ELECTRONICS-01,77,114.83,0,0,4,0
2024-02-21,Store-North-01,SKU-ELECTRONICS-01,76,114.83,0,0,4,0
2024-02-22,Store-North-01,SKU-ELECTRONICS-01,80,114.83,0,0,4,0
2024-02-23,Store-North-01,SKU-ELECTRONICS-01,77,114.83,0,0,4,0
2024-02-24,Store-North-01,SKU-ELECTRONICS-01,179,97.6,1,1,4,0
2024-02-25,Store-North-01,SKU-ELECTRONICS-01,100,114.83,0,1,4,0
2024-02-26,Store-North-01,SKU-ELECTRONICS-01,62,114.83,0,0,4,0
2024-02-27,Store-North-01,SKU-ELECTRONICS-01,78,114.83,0,0,4,0
2024-02-28,Store-North-01,SKU-ELECTRONICS-01,95,114.83,0,0,4,0
2024-02-29,Store-North-01,SKU-ELECTRONICS-01,75,114.83,0,0,4,0
2024-03-01,Store-North-01,SKU-ELECTRONICS-01,90,114.83,0,0,4,0
2024-03-02,Store-North-01,SKU-ELECTRONICS-01,101,114.83,0,1,4,0
2024-03-03,Store-North-01,SKU-ELECTRONICS-01,90,114.83,0,1,4,0
2024-03-04,Store-North-01,SKU-ELECTRONICS-01,64,114.83,0,0,4,0
2024-03-05,Store-North-01,SKU-ELECTRONICS-01,79,114.83,0,0,4,0
2024-03-06,Store-North-01,SKU-ELECTRONICS-01,0,114.83,0,0,4,1
2024-03-07,Store-North-01,SKU-ELECTRONICS-01,82,114.83,0,0,4,0
2024-03-08,Store-North-01,SKU-ELECTRONICS-01,106,114.83,0,0,4,0
2024-03-09,Store-North-01,SKU-ELECTRONICS-01,107,114.83,0,1,4,0
2024-03-10,Store-North-01,SKU-ELECTRONICS-01,84,114.83,0,1,4,0
2024-03-11,Store-North-01,SKU-ELECTRONICS-01,75,114.83,0,0,4,0
2024-03-12,Store-North-01,SKU-ELECTRONICS-01,87,114.83,0,0,4,0
2024-03-13,Store-North-01,SKU-ELECTRONICS-01,75,114.83,0,0,4,0
2024-03-14,Store-North-01,SKU-ELECTRONICS-01,87,114.83,0,0,4,0
2024-03-15,Store-North-01,SKU-ELECTRONICS-01,89,114.83,0,0,4,0
2024-03-16,Store-North-01,SKU-ELECTRONICS-01,98,114.83,0,1,4,0
2024-03-17,Store-North-01,SKU-ELECTRONICS-01,188,97.6,1,1,4,0
2024-03-18,Store-North-01,SKU-ELECTRONICS-01,80,114.83,0,0,4,0
2024-03-19,Store-North-01,SKU-ELECTRONICS-01,142,97.6,1,0,4,0
2024-03-20,Store-North-01,SKU-ELECTRONICS-01,85,114.83,0,0,4,0
2024-03-21,Store-North-01,SKU-ELECTRONICS-01,88,114.83,0,0,4,0
2024-03-22,Store-North-01,SKU-ELECTRONICS-01,73,114.83,0,0,4,0
2024-03-23,Store-North-01,SKU-ELECTRONICS-01,126,114.83,0,1,4,0
2024-03-24,Store-North-01,SKU-ELECTRONICS-01,0,114.83,0,1,4,1
2024-03-25,Store-North-01,SKU-ELECTRONICS-01,81,114.83,0,0,4,0
2024-03-26,Store-North-01,SKU-ELECTRONICS-01,81,114.83,0,0,4,0
2024-03-27,Store-North-01,SKU-ELECTRONICS-01,0,114.83,0,0,4,1
2024-03-28,Store-North-01,SKU-ELECTRONICS-01,84,114.83,0,0,4,0
2024-03-29,Store-North-01,SKU-ELECTRONICS-01,74,114.83,0,0,4,0
2024-03-30,Store-North-01,SKU-ELECTRONICS-01,118,114.83,0,1,4,0
2024-03-31,Store-North-01,SKU-ELECTRONICS-01,108,114.83,0,1,4,0
2024-04-01,Store-North-01,SKU-ELECTRONICS-01,84,114.83,0,0,4,0
2024-04-02,Store-North-01,SKU-ELECTRONICS-01,151,97.6,1,0,4,0
2024-04-03,Store-North-01,SKU-ELECTRONICS-01,87,114.83,0,0,4,0
2024-04-04,Store-North-01,SKU-ELECTRONICS-01,89,114.83,0,0,4,0
2024-04-05,Store-North-01,SKU-ELECTRONICS-01,68,114.83,0,0,4,0
2024-04-06,Store-North-01,SKU-ELECTRONICS-01,130,114.83,0,1,4,0
2024-04-07,Store-North-01,SKU-ELECTRONICS-01,109,114.83,0,1,4,0
2024-04-08,Store-North-01,SKU-ELECTRONICS-01,88,114.83,0,0,4,0
2024-04-09,Store-North-01,SKU-ELECTRONICS-01,101,114.83,0,0,4,0
2024-04-10,Store-North-01,SKU-ELECTRONICS-01,84,114.83,0,0,4,0
2024-04-11,Store-North-01,SKU-ELECTRONICS-01,94,114.83,0,0,4,0
2024-04-12,Store-North-01,SKU-ELECTRONICS-01,81,114.83,0,0,4,0
2024-04-13,Store-North-01,SKU-ELECTRONICS-01,128,114.83,0,1,4,0
2024-04-14,Store-North-01,SKU-ELECTRONICS-01,110,114.83,0,1,4,0
2024-04-15,Store-North-01,SKU-ELECTRONICS-01,160,97.6,1,0,4,0
2024-04-16,Store-North-01,SKU-ELECTRONICS-01,90,114.83,0,0,4,0
2024-04-17,Store-North-01,SKU-ELECTRONICS-01,105,114.83,0,0,4,0
2024-04-18,Store-North-01,SKU-ELECTRONICS-01,146,97.6,1,0,4,0
2024-04-19,Store-North-01,SKU-ELECTRONICS-01,94,114.83,0,0,4,0
2024-04-20,Store-North-01,SKU-ELECTRONICS-01,148,114.83,0,1,4,0
2024-04-21,Store-North-01,SKU-ELECTRONICS-01,209,97.6,1,1,4,0
2024-04-22,Store-North-01,SKU-ELECTRONICS-01,81,114.83,0,0,4,0
2024-04-23,Store-North-01,SKU-ELECTRONICS-01,88,114.83,0,0,4,0
2024-04-24,Store-North-01,SKU-ELECTRONICS-01,92,114.83,0,0,4,0
2024-04-25,Store-North-01,SKU-ELECTRONICS-01,186,97.6,1,0,4,0
2024-04-26,Store-North-01,SKU-ELECTRONICS-01,91,114.83,0,0,4,0
2024-04-27,Store-North-01,SKU-ELECTRONICS-01,116,114.83,0,1,4,0
2024-04-28,Store-North-01,SKU-ELECTRONICS-01,0,114.83,0,1,4,1
2024-04-29,Store-North-01,SKU-ELECTRONICS-01,95,114.83,0,0,4,0
2024-04-30,Store-North-01,SKU-ELECTRONICS-01,92,114.83,0,0,4,0
2024-05-01,Store-North-01,SKU-ELECTRONICS-01,82,114.83,0,0,4,0
2024-05-02,Store-North-01,SKU-ELECTRONICS-01,97,114.83,0,0,4,0
2024-05-03,Store-North-01,SKU-ELECTRONICS-01,161,97.6,1,0,4,0
2024-05-04,Store-North-01,SKU-ELECTRONICS-01,103,114.83,0,1,4,0
2024-05-05,Store-North-01,SKU-ELECTRONICS-01,118,114.83,0,1,4,0
2024-05-06,Store-North-01,SKU-ELECTRONICS-01,104,114.83,0,0,4,0
2024-05-07,Store-North-01,SKU-ELECTRONICS-01,93,114.83,0,0,4,0
2024-05-08,Store-North-01,SKU-ELECTRONICS-01,90,114.83,0,0,4,0
2024-05-09,Store-North-01,SKU-ELECTRONICS-01,90,114.83,0,0,4,0
2024-05-10,Store-North-01,SKU-ELECTRONICS-01,100,114.83,0,0,4,0
2024-05-11,Store-North-01,SKU-ELECTRONICS-01,221,97.6,1,1,4,0
2024-05-12,Store-North-01,SKU-ELECTRONICS-01,115,114.83,0,1,4,0
2024-05-13,Store-North-01,SKU-ELECTRONICS-01,86,114.83,0,0,4,0
2024-05-14,Store-North-01,SKU-ELECTRONICS-01,86,114.83,0,0,4,0
2024-05-15,Store-North-01,SKU-ELECTRONICS-01,91,114.83,0,0,4,0
2024-05-16,Store-North-01,SKU-ELECTRONICS-01,84,114.83,0,0,4,0
2024-05-17,Store-North-01,SKU-ELECTRONICS-01,84,114.83,0,0,4,0
2024-05-18,Store-North-01,SKU-ELECTRONICS-01,113,114.83,0,1,4,0
2024-05-19,Store-North-01,SKU-ELECTRONICS-01,119,114.83,0,1,4,0
2024-05-20,Store-North-01,SKU-ELECTRONICS-01,175,97.6,1,0,4,0
2024-05-21,Store-North-01,SKU-ELECTRONICS-01,89,114.83,0,0,4,0
2024-05-22,Store-North-01,SKU-ELECTRONICS-01,89,114.83,0,0,4,0
2024-05-23,Store-North-01,SKU-ELECTRONICS-01,76,114.83,0,0,4,0
2024-05-24,Store-North-01,SKU-ELECTRONICS-01,83,114.83,0,0,4,0
2024-05-25,Store-North-01,SKU-ELECTRONICS-01,107,114.83,0,1,4,0
2024-05-26,Store-North-01,SKU-ELECTRONICS-01,214,97.6,1,1,4,0
2024-05-27,Store-North-01,SKU-ELECTRONICS-01,83,114.83,0,0,4,0
2024-05-28,Store-North-01,SKU-ELECTRONICS-01,94,114.83,0,0,4,0
2024-05-29,Store-North-01,SKU-ELECTRONICS-01,83,114.83,0,0,4,0
2024-05-30,Store-North-01,SKU-ELECTRONICS-01,79,114.83,0,0,4,0
2024-05-31,Store-North-01,SKU-ELECTRONICS-01,83,114.83,0,0,4,0
2024-06-01,Store-North-01,SKU-ELECTRONICS-01,224,97.6,1,1,4,0
2024-06-02,Store-North-01,SKU-ELECTRONICS-01,0,97.6,1,1,4,1
2024-06-03,Store-North-01,SKU-ELECTRONICS-01,86,114.83,0,0,4,0
2024-06-04,Store-North-01,SKU-ELECTRONICS-01,87,114.83,0,0,4,0
2024-06-05,Store-North-01,SKU-ELECTRONICS-01,76,114.83,0,0,4,0
2024-06-06,Store-North-01,SKU-ELECTRONICS-01,93,114.83,0,0,4,0
2024-06-07,Store-North-01,SKU-ELECTRONICS-01,80,114.83,0,0,4,0
2024-06-08,Store-North-01,SKU-ELECTRONICS-01,116,114.83,0,1,4,0
2024-06-09,Store-North-01,SKU-ELECTRONICS-01,0,114.83,0,1,4,1
2024-06-10,Store-North-01,SKU-ELECTRONICS-01,151,97.6,1,0,4,0
2024-06-11,Store-North-01,SKU-ELECTRONICS-01,166,97.6,1,0,4,0
2024-06-12,Store-North-01,SKU-ELECTRONICS-01,81,114.83,0,0,4,0
2024-06-13,Store-North-01,SKU-ELECTRONICS-01,162,97.6,1,0,4,0
2024-06-14,Store-North-01,SKU-ELECTRONICS-01,93,114.83,0,0,4,0
2024-06-15,Store-North-01,SKU-ELECTRONICS-01,129,114.83,0,1,4,0
2024-06-16,Store-North-01,SKU-ELECTRONICS-01,110,114.83,0,1,4,0
2024-06-17,Store-North-01,SKU-ELECTRONICS-01,84,114.83,0,0,4,0
2024-06-18,Store-North-01,SKU-ELECTRONICS-01,79,114.83,0,0,4,0
2024-06-19,Store-North-01,SKU-ELECTRONICS-01,83,114.83,0,0,4,0
2024-06-20,Store-North-01,SKU-ELECTRONICS-01,87,114.83,0,0,4,0
2024-06-21,Store-North-01,SKU-ELECTRONICS-01,88,114.83,0,0,4,0
2024-06-22,Store-North-01,SKU-ELECTRONICS-01,116,114.83,0,1,4,0
2024-06-23,Store-North-01,SKU-ELECTRONICS-01,116,114.83,0,1,4,0
2024-06-24,Store-North-01,SKU-ELECTRONICS-01,147,97.6,1,0,4,0
2024-06-25,Store-North-01,SKU-ELECTRONICS-01,81,114.83,0,0,4,0
2024-06-26,Store-North-01,SKU-ELECTRONICS-01,88,114.83,0,0,4,0
2024-06-27,Store-North-01,SKU-ELECTRONICS-01,86,114.83,0,0,4,0
2024-06-28,Store-North-01,SKU-ELECTRONICS-01,75,114.83,0,0,4,0
2024-06-29,Store-North-01,SKU-ELECTRONICS-01,111,114.83,0,1,4,0
2024-06-30,Store-North-01,SKU-ELECTRONICS-01,182,97.6,1,1,4,0
2024-07-01,Store-North-01,SKU-ELECTRONICS-01,0,97.6,1,0,4,1
2024-07-02,Store-North-01,SKU-ELECTRONICS-01,86,114.83,0,0,4,0
2024-07-03,Store-North-01,SKU-ELECTRONICS-01,123,97.6,1,0,4,0
2024-07-04,Store-North-01,SKU-ELECTRONICS-01,70,114.83,0,0,4,0
2024-07-05,Store-North-01,SKU-ELECTRONICS-01,73,114.83,0,0,4,0
2024-07-06,Store-North-01,SKU-ELECTRONICS-01,100,114.83,0,1,4,0
2024-07-07,Store-North-01,SKU-ELECTRONICS-01,107,114.83,0,1,4,0
2024-07-08,Store-North-01,SKU-ELECTRONICS-01,92,114.83,0,0,4,0
2024-07-09,Store-North-01,SKU-ELECTRONICS-01,78,114.83,0,0,4,0
2024-07-10,Store-North-01,SKU-ELECTRONICS-01,0,114.83,0,0,4,1
2024-07-11,Store-North-01,SKU-ELECTRONICS-01,83,114.83,0,0,4,0
2024-07-12,Store-North-01,SKU-ELECTRONICS-01,74,114.83,0,0,4,0
2024-07-13,Store-North-01,SKU-ELECTRONICS-01,91,114.83,0,1,4,0
2024-07-14,Store-North-01,SKU-ELECTRONICS-01,98,114.83,0,1,4,0
2024-07-15,Store-North-01,SKU-ELECTRONICS-01,77,114.83,0,0,4,0
2024-07-16,Store-North-01,SKU-ELECTRONICS-01,68,114.83,0,0,4,0
2024-07-17,Store-North-01,SKU-ELECTRONICS-01,73,114.83,0,0,4,0
2024-07-18,Store-North-01,SKU-ELECTRONICS-01,126,97.6,1,0,4,0
2024-07-19,Store-North-01,SKU-ELECTRONICS-01,85,114.83,0,0,4,0
2024-07-20,Store-North-01,SKU-ELECTRONICS-01,95,114.83,0,1,4,0
2024-07-21,Store-North-01,SKU-ELECTRONICS-01,97,114.83,0,1,4,0
2024-07-22,Store-North-01,SKU-ELECTRONICS-01,84,114.83,0,0,4,0
2024-07-23,Store-North-01,SKU-ELECTRONICS-01,89,114.83,0,0,4,0
2024-07-24,Store-North-01,SKU-ELECTRONICS-01,57,114.83,0,0,4,0
2024-07-25,Store-North-01,SKU-ELECTRONICS-01,74,114.83,0,0,4,0
2024-07-26,Store-North-01,SKU-ELECTRONICS-01,66,114.83,0,0,4,0
2024-07-27,Store-North-01,SKU-ELECTRONICS-01,184,97.6,1,1,4,0
2024-07-28,Store-North-01,SKU-ELECTRONICS-01,106,114.83,0,1,4,0
2024-07-29,Store-North-01,SKU-ELECTRONICS-01,57,114.83,0,0,4,0
2024-07-30,Store-North-01,SKU-ELECTRONICS-01,60,114.83,0,0,4,0
2024-07-31,Store-North-01,SKU-ELECTRONICS-01,73,114.83,0,0,4,0
2024-08-01,Store-North-01,SKU-ELECTRONICS-01,66,114.83,0,0,4,0
2024-08-02,Store-North-01,SKU-ELECTRONICS-01,72,114.83,0,0,4,0
2024-08-03,Store-North-01,SKU-ELECTRONICS-01,91,114.83,0,1,4,0
2024-08-04,Store-North-01,SKU-ELECTRONICS-01,97,114.83,0,1,4,0
2024-08-05,Store-North-01,SKU-ELECTRONICS-01,61,114.83,0,0,4,0
2024-08-06,Store-North-01,SKU-ELECTRONICS-01,66,114.83,0,0,4,0
2024-08-07,Store-North-01,SKU-ELECTRONICS-01,73,114.83,0,0,4,0
2024-08-08,Store-North-01,SKU-ELECTRONICS-01,57,114.83,0,0,4,0
2024-08-09,Store-North-01,SKU-ELECTRONICS-01,130,97.6,1,0,4,0
2024-08-10,Store-North-01,SKU-ELECTRONICS-01,85,114.83,0,1,4,0
2024-08-11,Store-North-01,SKU-ELECTRONICS-01,81,114.83,0,1,4,0
2024-08-12,Store-North-01,SKU-ELECTRONICS-01,55,114.83,0,0,4,0
2024-08-13,Store-North-01,SKU-ELECTRONICS-01,60,114.83,0,0,4,0
2024-08-14,Store-North-01,SKU-ELECTRONICS-01,63,114.83,0,0,4,0
2024-08-15,Store-North-01,SKU-ELECTRONICS-01,145,97.6,1,0,4,0
2024-08-16,Store-North-01,SKU-ELECTRONICS-01,70,114.83,0,0,4,0
2024-08-17,Store-North-01,SKU-ELECTRONICS-01,157,97.6,1,1,4,0
2024-08-18,Store-North-01,SKU-ELECTRONICS-01,88,114.83,0,1,4,0
2024-08-19,Store-North-01,SKU-ELECTRONICS-01,61,114.83,0,0,4,0
2024-08-20,Store-North-01,SKU-ELECTRONICS-01,54,114.83,0,0,4,0
2024-08-21,Store-North-01,SKU-ELECTRONICS-01,67,114.83,0,0,4,0
2024-08-22,Store-North-01,SKU-ELECTRONICS-01,64,114.83,0,0,4,0
2024-08-23,Store-North-01,SKU-ELECTRONICS-01,60,114.83,0,0,4,0
2024-08-24,Store-North-01,SKU-ELECTRONICS-01,79,114.83,0,1,4,0
2024-08-25,Store-North-01,SKU-ELECTRONICS-01,85,114.83,0,1,4,0
2024-08-26,Store-North-01,SKU-ELECTRONICS-01,70,114.83,0,0,4,0
2024-08-27,Store-North-01,SKU-ELECTRONICS-01,57,114.83,0,0,4,0
2024-08-28,Store-North-01,SKU-ELECTRONICS-01,0,97.6,1,0,4,1
2024-08-29,Store-North-01,SKU-ELECTRONICS-01,60,114.83,0,0,4,0
2024-08-30,Store-North-01,SKU-ELECTRONICS-01,100,97.6,1,0,4,0
2024-08-31,Store-North-01,SKU-ELECTRONICS-01,140,97.6,1,1,4,0
2024-09-01,Store-North-01,SKU-ELECTRONICS-01,80,114.83,0,1,4,0
2024-09-02,Store-North-01,SKU-ELECTRONICS-01,89,97.6,1,0,4,0
2024-09-03,Store-North-01,SKU-ELECTRONICS-01,64,114.83,0,0,4,0
2024-09-04,Store-North-01,SKU-ELECTRONICS-01,67,114.83,0,0,4,0
2024-09-05,Store-North-01,SKU-ELECTRONICS-01,62,114.83,0,0,4,0
2024-09-06,Store-North-01,SKU-ELECTRONICS-01,50,114.83,0,0,4,0
2024-09-07,Store-North-01,SKU-ELECTRONICS-01,132,97.6,1,1,4,0
2024-09-08,Store-North-01,SKU-ELECTRONICS-01,84,114.83,0,1,4,0
2024-09-09,Store-North-01,SKU-ELECTRONICS-01,58,114.83,0,0,4,0
2024-09-10,Store-North-01,SKU-ELECTRONICS-01,66,114.83,0,0,4,0
2024-09-11,Store-North-01,SKU-ELECTRONICS-01,64,114.83,0,0,4,0
2024-09-12,Store-North-01,SKU-ELECTRONICS-01,54,114.83,0,0,4,0
2024-09-13,Store-North-01,SKU-ELECTRONICS-01,93,97.6,1,0,4,0
2024-09-14,Store-North-01,SKU-ELECTRONICS-01,66,114.83,0,1,4,0
2024-09-15,Store-North-01,SKU-ELECTRONICS-01,132,97.6,1,1,4,0
2024-09-16,Store-North-01,SKU-ELECTRONICS-01,64,114.83,0,0,4,0
2024-09-17,Store-North-01,SKU-ELECTRONICS-01,57,114.83,0,0,4,0
2024-09-18,Store-North-01,SKU-ELECTRONICS-01,54,114.83,0,0,4,0
2024-09-19,Store-North-01,SKU-ELECTRONICS-01,45,114.83,0,0,4,0
2024-09-20,Store-North-01,SKU-ELECTRONICS-01,42,114.83,0,0,4,0
2024-09-21,Store-North-01,SKU-ELECTRONICS-01,93,114.83,0,1,4,0
2024-09-22,Store-North-01,SKU-ELECTRONICS-01,139,97.6,1,1,4,0
2024-09-23,Store-North-01,SKU-ELECTRONICS-01,95,97.6,1,0,4,0
2024-09-24,Store-North-01,SKU-ELECTRONICS-01,40,114.83,0,0,4,0
2024-09-25,Store-North-01,SKU-ELECTRONICS-01,89,97.6,1,0,4,0
2024-09-26,Store-North-01,SKU-ELECTRONICS-01,47,114.83,0,0,4,0
2024-09-27,Store-North-01,SKU-ELECTRONICS-01,49,114.83,0,0,4,0
2024-09-28,Store-North-01,SKU-ELECTRONICS-01,60,114.83,0,1,4,0
2024-09-29,Store-North-01,SKU-ELECTRONICS-01,76,114.83,0,1,4,0
2024-09-30,Store-North-01,SKU-ELECTRONICS-01,74,97.6,1,0,4,0
2024-10-01,Store-North-01,SKU-ELECTRONICS-01,49,114.83,0,0,4,0
2024-10-02,Store-North-01,SKU-ELECTRONICS-01,37,114.83,0,0,4,0
2024-10-03,Store-North-01,SKU-ELECTRONICS-01,45,114.83,0,0,4,0
2024-10-04,Store-North-01,SKU-ELECTRONICS-01,65,114.83,0,0,4,0
2024-10-05,Store-North-01,SKU-ELECTRONICS-01,76,114.83,0,1,4,0
2024-10-06,Store-North-01,SKU-ELECTRONICS-01,60,114.83,0,1,4,0
2024-10-07,Store-North-01,SKU-ELECTRONICS-01,61,114.83,0,0,4,0
2024-10-08,Store-North-01,SKU-ELECTRONICS-01,48,114.83,0,0,4,0
2024-10-09,Store-North-01,SKU-ELECTRONICS-01,55,114.83,0,0,4,0
2024-10-10,Store-North-01,SKU-ELECTRONICS-01,50,114.83,0,0,4,0
2024-10-11,Store-North-01,SKU-ELECTRONICS-01,42,114.83,0,0,4,0
2024-10-12,Store-North-01,SKU-ELECTRONICS-01,67,114.83,0,1,4,0
2024-10-13,Store-North-01,SKU-ELECTRONICS-01,0,114.83,0,1,4,1
2024-10-14,Store-North-01,SKU-ELECTRONICS-01,51,114.83,0,0,4,0
2024-10-15,Store-North-01,SKU-ELECTRONICS-01,41,114.83,0,0,4,0
2024-10-16,Store-North-01,SKU-ELECTRONICS-01,40,114.83,0,0,4,0
2024-10-17,Store-North-01,SKU-ELECTRONICS-01,52,114.83,0,0,4,0
2024-10-18,Store-North-01,SKU-ELECTRONICS-01,53,114.83,0,0,4,0
2024-10-19,Store-North-01,SKU-ELECTRONICS-01,120,97.6,1,1,4,0
2024-10-20,Store-North-01,SKU-ELECTRONICS-01,62,114.83,0,1,4,0
2024-10-21,Store-North-01,SKU-ELECTRONICS-01,88,97.6,1,0,4,0
2024-10-22,Store-North-01,SKU-ELECTRONICS-01,45,114.83,0,0,4,0
2024-10-23,Store-North-01,SKU-ELECTRONICS-01,52,114.83,0,0,4,0
2024-10-24,Store-North-01,SKU-ELECTRONICS-01,64,114.83,0,0,4,0
2024-10-25,Store-North-01,SKU-ELECTRONICS-01,50,114.83,0,0,4,0
2024-10-26,Store-North-01,SKU-ELECTRONICS-01,82,114.83,0,1,4,0
2024-10-27,Store-North-01,SKU-ELECTRONICS-01,65,114.83,0,1,4,0
2024-10-28,Store-North-01,SKU-ELECTRONICS-01,54,114.83,0,0,4,0
2024-10-29,Store-North-01,SKU-ELECTRONICS-01,47,114.83,0,0,4,0
2024-10-30,Store-North-01,SKU-ELECTRONICS-01,48,114.83,0,0,4,0
2024-10-31,Store-North-01,SKU-ELECTRONICS-01,53,114.83,0,0,4,0
2024-11-01,Store-North-01,SKU-ELECTRONICS-01,76,97.6,1,0,4,0
2024-11-02,Store-North-01,SKU-ELECTRONICS-01,66,114.83,0,1,4,0
2024-11-03,Store-North-01,SKU-ELECTRONICS-01,58,114.83,0,1,4,0
2024-11-04,Store-North-01,SKU-ELECTRONICS-01,46,114.83,0,0,4,0
2024-11-05,Store-North-01,SKU-ELECTRONICS-01,54,114.83,0,0,4,0
2024-11-06,Store-North-01,SKU-ELECTRONICS-01,50,114.83,0,0,4,0
2024-11-07,Store-North-01,SKU-ELECTRONICS-01,50,114.83,0,0,4,0
2024-11-08,Store-North-01,SKU-ELECTRONICS-01,44,114.83,0,0,4,0
2024-11-09,Store-North-01,SKU-ELECTRONICS-01,74,114.83,0,1,4,0
2024-11-10,Store-North-01,SKU-ELECTRONICS-01,68,114.83,0,1,4,0
2024-11-11,Store-North-01,SKU-ELECTRONICS-01,47,114.83,0,0,4,0
2024-11-12,Store-North-01,SKU-ELECTRONICS-01,85,97.6,1,0,4,0
2024-11-13,Store-North-01,SKU-ELECTRONICS-01,38,114.83,0,0,4,0
2024-11-14,Store-North-01,SKU-ELECTRONICS-01,57,114.83,0,0,4,0
2024-11-15,Store-North-01,SKU-ELECTRONICS-01,47,114.83,0,0,4,0
2024-11-16,Store-North-01,SKU-ELECTRONICS-01,65,114.83,0,1,4,0
2024-11-17,Store-North-01,SKU-ELECTRONICS-01,56,114.83,0,1,4,0
2024-11-18,Store-North-01,SKU-ELECTRONICS-01,44,114.83,0,0,4,0
2024-11-19,Store-North-01,SKU-ELECTRONICS-01,46,114.83,0,0,4,0
2024-11-20,Store-North-01,SKU-ELECTRONICS-01,48,114.83,0,0,4,0
2024-11-21,Store-North-01,SKU-ELECTRONICS-01,40,114.83,0,0,4,0
2024-11-22,Store-North-01,SKU-ELECTRONICS-01,43,114.83,0,0,4,0
2024-11-23,Store-North-01,SKU-ELECTRONICS-01,124,97.6,1,1,4,0
2024-11-24,Store-North-01,SKU-ELECTRONICS-01,72,114.83,0,1,4,0
2024-11-25,Store-North-01,SKU-ELECTRONICS-01,52,114.83,0,0,4,0
2024-11-26,Store-North-01,SKU-ELECTRONICS-01,51,114.83,0,0,4,0
2024-11-27,Store-North-01,SKU-ELECTRONICS-01,65,114.83,0,0,4,0
2024-11-28,Store-North-01,SKU-ELECTRONICS-01,56,114.83,0,0,4,0
2024-11-29,Store-North-01,SKU-ELECTRONICS-01,45,114.83,0,0,4,0
2024-11-30,Store-North-01,SKU-ELECTRONICS-01,76,114.83,0,1,4,0
2024-12-01,Store-North-01,SKU-ELECTRONICS-01,71,114.83,0,1,4,0
2024-12-02,Store-North-01,SKU-ELECTRONICS-01,53,114.83,0,0,4,0
2024-12-03,Store-North-01,SKU-ELECTRONICS-01,48,114.83,0,0,4,0
2024-12-04,Store-North-01,SKU-ELECTRONICS-01,40,114.83,0,0,4,0
2024-12-05,Store-North-01,SKU-ELECTRONICS-01,51,114.83,0,0,4,0
2024-12-06,Store-North-01,SKU-ELECTRONICS-01,62,114.83,0,0,4,0
2024-12-07,Store-North-01,SKU-ELECTRONICS-01,66,114.83,0,1,4,0
2024-12-08,Store-North-01,SKU-ELECTRONICS-01,68,114.83,0,1,4,0
2024-12-09,Store-North-01,SKU-ELECTRONICS-01,52,114.83,0,0,4,0
2024-12-10,Store-North-01,SKU-ELECTRONICS-01,56,114.83,0,0,4,0
2024-12-11,Store-North-01,SKU-ELECTRONICS-01,65,114.83,0,0,4,0
2024-12-12,Store-North-01,SKU-ELECTRONICS-01,54,114.83,0,0,4,0
2024-12-13,Store-North-01,SKU-ELECTRONICS-01,55,114.83,0,0,4,0
2024-12-14,Store-North-01,SKU-ELECTRONICS-01,82,114.83,0,1,4,0
2024-12-15,Store-North-01,SKU-ELECTRONICS-01,159,97.6,1,1,4,0
2024-12-16,Store-North-01,SKU-ELECTRONICS-01,54,114.83,0,0,4,0
2024-12-17,Store-North-01,SKU-ELECTRONICS-01,55,114.83,0,0,4,0
2024-12-18,Store-North-01,SKU-ELECTRONICS-01,57,114.83,0,0,4,0
2024-12-19,Store-North-01,SKU-ELECTRONICS-01,56,114.83,0,0,4,0
2024-12-20,Store-North-01,SKU-ELECTRONICS-01,48,114.83,0,0,4,0
2024-12-21,Store-North-01,SKU-ELECTRONICS-01,90,114.83,0,1,4,0
2024-12-22,Store-North-01,SKU-ELECTRONICS-01,72,114.83,0,1,4,0
2024-12-23,Store-North-01,SKU-ELECTRONICS-01,106,97.6,1,0,4,0
2024-12-24,Store-North-01,SKU-ELECTRONICS-01,60,114.83,0,0,4,0
2024-12-25,Store-North-01,SKU-ELECTRONICS-01,63,114.83,0,0,4,0
2024-12-26,Store-North-01,SKU-ELECTRONICS-01,61,114.83,0,0,4,0
2024-12-27,Store-North-01,SKU-ELECTRONICS-01,56,114.83,0,0,4,0
2024-12-28,Store-North-01,SKU-ELECTRONICS-01,77,114.83,0,1,4,0
2024-12-29,Store-North-01,SKU-ELECTRONICS-01,71,114.83,0,1,4,0
2024-12-30,Store-North-01,SKU-ELECTRONICS-01,61,114.83,0,0,4,0
2024-12-31,Store-North-01,SKU-ELECTRONICS-01,61,114.83,0,0,4,0
2025-01-01,Store-North-01,SKU-ELECTRONICS-01,64,114.83,0,0,4,0
2025-01-02,Store-North-01,SKU-ELECTRONICS-01,61,114.83,0,0,4,0
2025-01-03,Store-North-01,SKU-ELECTRONICS-01,54,114.83,0,0,4,0
2025-01-04,Store-North-01,SKU-ELECTRONICS-01,77,114.83,0,1,4,0
2025-01-05,Store-North-01,SKU-ELECTRONICS-01,91,114.83,0,1,4,0
2025-01-06,Store-North-01,SKU-ELECTRONICS-01,55,114.83,0,0,4,0
2025-01-07,Store-North-01,SKU-ELECTRONICS-01,60,114.83,0,0,4,0
2025-01-08,Store-North-01,SKU-ELECTRONICS-01,60,114.83,0,0,4,0
2025-01-09,Store-North-01,SKU-ELECTRONICS-01,119,97.6,1,0,4,0
2025-01-10,Store-North-01,SKU-ELECTRONICS-01,70,114.83,0,0,4,0
2025-01-11,Store-North-01,SKU-ELECTRONICS-01,83,114.83,0,1,4,0
2025-01-12,Store-North-01,SKU-ELECTRONICS-01,92,114.83,0,1,4,0
2025-01-13,Store-North-01,SKU-ELECTRONICS-01,105,97.6,1,0,4,0
2025-01-14,Store-North-01,SKU-ELECTRONICS-01,63,114.83,0,0,4,0
2025-01-15,Store-North-01,SKU-ELECTRONICS-01,105,97.6,1,0,4,0
2025-01-16,Store-North-01,SKU-ELECTRONICS-01,57,114.83,0,0,4,0
2025-01-17,Store-North-01,SKU-ELECTRONICS-01,55,114.83,0,0,4,0
2025-01-18,Store-North-01,SKU-ELECTRONICS-01,84,114.83,0,1,4,0
2025-01-19,Store-North-01,SKU-ELECTRONICS-01,91,114.83,0,1,4,0
2025-01-20,Store-North-01,SKU-ELECTRONICS-01,55,114.83,0,0,4,0
2025-01-21,Store-North-01,SKU-ELECTRONICS-01,67,114.83,0,0,4,0
2025-01-22,Store-North-01,SKU-ELECTRONICS-01,61,114.83,0,0,4,0
2025-01-23,Store-North-01,SKU-ELECTRONICS-01,75,114.83,0,0,4,0
2025-01-24,Store-North-01,SKU-ELECTRONICS-01,71,114.83,0,0,4,0
2025-01-25,Store-North-01,SKU-ELECTRONICS-01,82,114.83,0,1,4,0
2025-01-26,Store-North-01,SKU-ELECTRONICS-01,93,114.83,0,1,4,0
2025-01-27,Store-North-01,SKU-ELECTRONICS-01,0,114.83,0,0,4,1
2025-01-28,Store-North-01,SKU-ELECTRONICS-01,65,114.83,0,0,4,0
2025-01-29,Store-North-01,SKU-ELECTRONICS-01,61,114.83,0,0,4,0
2025-01-30,Store-North-01,SKU-ELECTRONICS-01,64,114.83,0,0,4,0
2025-01-31,Store-North-01,SKU-ELECTRONICS-01,134,97.6,1,0,4,0
2025-02-01,Store-North-01,SKU-ELECTRONICS-01,97,114.83,0,1,4,0
2025-02-02,Store-North-01,SKU-ELECTRONICS-01,86,114.83,0,1,4,0
2025-02-03,Store-North-01,SKU-ELECTRONICS-01,76,114.83,0,0,4,0
2025-02-04,Store-North-01,SKU-ELECTRONICS-01,67,114.83,0,0,4,0
2025-02-05,Store-North-01,SKU-ELECTRONICS-01,68,114.83,0,0,4,0
2025-02-06,Store-North-01,SKU-ELECTRONICS-01,69,114.83,0,0,4,0
2025-02-07,Store-North-01,SKU-ELECTRONICS-01,63,114.83,0,0,4,0
2025-02-08,Store-North-01,SKU-ELECTRONICS-01,101,114.83,0,1,4,0
2025-02-09,Store-North-01,SKU-ELECTRONICS-01,170,97.6,1,1,4,0
2025-02-10,Store-North-01,SKU-ELECTRONICS-01,66,114.83,0,0,4,0
2025-02-11,Store-North-01,SKU-ELECTRONICS-01,66,114.83,0,0,4,0
2025-02-12,Store-North-01,SKU-ELECTRONICS-01,84,114.83,0,0,4,0
2025-02-13,Store-North-01,SKU-ELECTRONICS-01,61,114.83,0,0,4,0
2025-02-14,Store-North-01,SKU-ELECTRONICS-01,59,114.83,0,0,4,0
2025-02-15,Store-North-01,SKU-ELECTRONICS-01,109,114.83,0,1,4,0
2025-02-16,Store-North-01,SKU-ELECTRONICS-01,99,114.83,0,1,4,0
2025-02-17,Store-North-01,SKU-ELECTRONICS-01,87,114.83,0,0,4,0
2025-02-18,Store-North-01,SKU-ELECTRONICS-01,55,114.83,0,0,4,0
2025-02-19,Store-North-01,SKU-ELECTRONICS-01,0,114.83,0,0,4,1
2025-02-20,Store-North-01,SKU-ELECTRONICS-01,73,114.83,0,0,4,0
2025-02-21,Store-North-01,SKU-ELECTRONICS-01,94,114.83,0,0,4,0
2025-02-22,Store-North-01,SKU-ELECTRONICS-01,105,114.83,0,1,4,0
2025-02-23,Store-North-01,SKU-ELECTRONICS-01,87,114.83,0,1,4,0
2025-02-24,Store-North-01,SKU-ELECTRONICS-01,82,114.83,0,0,4,0
2025-02-25,Store-North-01,SKU-ELECTRONICS-01,77,114.83,0,0,4,0
2025-02-26,Store-North-01,SKU-ELECTRONICS-01,77,114.83,0,0,4,0
2025-02-27,Store-North-01,SKU-ELECTRONICS-01,79,114.83,0,0,4,0
2025-02-28,Store-North-01,SKU-ELECTRONICS-01,124,97.6,1,0,4,0
2025-03-01,Store-North-01,SKU-ELECTRONICS-01,108,114.83,0,1,4,0
2025-03-02,Store-North-01,SKU-ELECTRONICS-01,126,114.83,0,1,4,0
2025-03-03,Store-North-01,SKU-ELECTRONICS-01,136,97.6,1,0,4,0
2025-03-04,Store-North-01,SKU-ELECTRONICS-01,83,114.83,0,0,4,0
2025-03-05,Store-North-01,SKU-ELECTRONICS-01,82,114.83,0,0,4,0
2025-03-06,Store-North-01,SKU-ELECTRONICS-01,87,114.83,0,0,4,0
2025-03-07,Store-North-01,SKU-ELECTRONICS-01,67,114.83,0,0,4,0
2025-03-08,Store-North-01,SKU-ELECTRONICS-01,109,114.83,0,1,4,0
2025-03-09,Store-North-01,SKU-ELECTRONICS-01,118,114.83,0,1,4,0
2025-03-10,Store-North-01,SKU-ELECTRONICS-01,132,97.6,1,0,4,0
2025-03-11,Store-North-01,SKU-ELECTRONICS-01,80,114.83,0,0,4,0
2025-03-12,Store-North-01,SKU-ELECTRONICS-01,76,114.83,0,0,4,0
2025-03-13,Store-North-01,SKU-ELECTRONICS-01,77,114.83,0,0,4,0
2025-03-14,Store-North-01,SKU-ELECTRONICS-01,88,114.83,0,0,4,0
2025-03-15,Store-North-01,SKU-ELECTRONICS-01,124,114.83,0,1,4,0
2025-03-16,Store-North-01,SKU-ELECTRONICS-01,213,97.6,1,1,4,0
2025-03-17,Store-North-01,SKU-ELECTRONICS-01,94,114.83,0,0,4,0
2025-03-18,Store-North-01,SKU-ELECTRONICS-01,80,114.83,0,0,4,0
2025-03-19,Store-North-01,SKU-ELECTRONICS-01,0,114.83,0,0,4,1
2025-03-20,Store-North-01,SKU-ELECTRONICS-01,74,114.83,0,0,4,0
2025-03-21,Store-North-01,SKU-ELECTRONICS-01,85,114.83,0,0,4,0
2025-03-22,Store-North-01,SKU-ELECTRONICS-01,121,114.83,0,1,4,0
2025-03-23,Store-North-01,SKU-ELECTRONICS-01,118,114.83,0,1,4,0
2025-03-24,Store-North-01,SKU-ELECTRONICS-01,74,114.83,0,0,4,0
2025-03-25,Store-North-01,SKU-ELECTRONICS-01,77,114.83,0,0,4,0
2025-03-26,Store-North-01,SKU-ELECTRONICS-01,73,114.83,0,0,4,0
2025-03-27,Store-North-01,SKU-ELECTRONICS-01,93,114.83,0,0,4,0
2025-03-28,Store-North-01,SKU-ELECTRONICS-01,90,114.83,0,0,4,0
2025-03-29,Store-North-01,SKU-ELECTRONICS-01,106,114.83,0,1,4,0
2025-03-30,Store-North-01,SKU-ELECTRONICS-01,123,114.83,0,1,4,0
2025-03-31,Store-North-01,SKU-ELECTRONICS-01,104,114.83,0,0,4,0
2025-04-01,Store-North-01,SKU-ELECTRONICS-01,78,114.83,0,0,4,0
2025-04-02,Store-North-01,SKU-ELECTRONICS-01,85,114.83,0,0,4,0
2025-04-03,Store-North-01,SKU-ELECTRONICS-01,0,114.83,0,0,4,1
2025-04-04,Store-North-01,SKU-ELECTRONICS-01,146,97.6,1,0,4,0
2025-04-05,Store-North-01,SKU-ELECTRONICS-01,117,114.83,0,1,4,0
2025-04-06,Store-North-01,SKU-ELECTRONICS-01,172,97.6,1,1,4,0
2025-04-07,Store-North-01,SKU-ELECTRONICS-01,86,114.83,0,0,4,0
2025-04-08,Store-North-01,SKU-ELECTRONICS-01,99,114.83,0,0,4,0
2025-04-09,Store-North-01,SKU-ELECTRONICS-01,83,114.83,0,0,4,0
2025-04-10,Store-North-01,SKU-ELECTRONICS-01,148,97.6,1,0,4,0
2025-04-11,Store-North-01,SKU-ELECTRONICS-01,101,114.83,0,0,4,0
2025-04-12,Store-North-01,SKU-ELECTRONICS-01,123,114.83,0,1,4,0
2025-04-13,Store-North-01,SKU-ELECTRONICS-01,127,114.83,0,1,4,0
2025-04-14,Store-North-01,SKU-ELECTRONICS-01,79,114.83,0,0,4,0
2025-04-15,Store-North-01,SKU-ELECTRONICS-01,73,114.83,0,0,4,0
2025-04-16,Store-North-01,SKU-ELECTRONICS-01,80,114.83,0,0,4,0
2025-04-17,Store-North-01,SKU-ELECTRONICS-01,90,114.83,0,0,4,0
2025-04-18,Store-North-01,SKU-ELECTRONICS-01,87,114.83,0,0,4,0
2025-04-19,Store-North-01,SKU-ELECTRONICS-01,103,114.83,0,1,4,0
2025-04-20,Store-North-01,SKU-ELECTRONICS-01,113,114.83,0,1,4,0
2025-04-21,Store-North-01,SKU-ELECTRONICS-01,89,114.83,0,0,4,0
2025-04-22,Store-North-01,SKU-ELECTRONICS-01,0,114.83,0,0,4,1
2025-04-23,Store-North-01,SKU-ELECTRONICS-01,94,114.83,0,0,4,0
2025-04-24,Store-North-01,SKU-ELECTRONICS-01,91,114.83,0,0,4,0
2025-04-25,Store-North-01,SKU-ELECTRONICS-01,74,114.83,0,0,4,0
2025-04-26,Store-North-01,SKU-ELECTRONICS-01,131,114.83,0,1,4,0
2025-04-27,Store-North-01,SKU-ELECTRONICS-01,103,114.83,0,1,4,0
2025-04-28,Store-North-01,SKU-ELECTRONICS-01,74,114.83,0,0,4,0
2025-04-29,Store-North-01,SKU-ELECTRONICS-01,84,114.83,0,0,4,0
2025-04-30,Store-North-01,SKU-ELECTRONICS-01,90,114.83,0,0,4,0
2025-05-01,Store-North-01,SKU-ELECTRONICS-01,92,114.83,0,0,4,0
2025-05-02,Store-North-01,SKU-ELECTRONICS-01,0,114.83,0,0,4,1
2025-05-03,Store-North-01,SKU-ELECTRONICS-01,128,114.83,0,1,4,0
2025-05-04,Store-North-01,SKU-ELECTRONICS-01,105,114.83,0,1,4,0
2025-05-05,Store-North-01,SKU-ELECTRONICS-01,89,114.83,0,0,4,0
2025-05-06,Store-North-01,SKU-ELECTRONICS-01,94,114.83,0,0,4,0
2025-05-07,Store-North-01,SKU-ELECTRONICS-01,149,97.6,1,0,4,0
2025-05-08,Store-North-01,SKU-ELECTRONICS-01,83,114.83,0,0,4,0
2025-05-09,Store-North-01,SKU-ELECTRONICS-01,93,114.83,0,0,4,0
2025-05-10,Store-North-01,SKU-ELECTRONICS-01,135,114.83,0,1,4,0
2025-05-11,Store-North-01,SKU-ELECTRONICS-01,192,97.6,1,1,4,0
2025-05-12,Store-North-01,SKU-ELECTRONICS-01,96,114.83,0,0,4,0
2025-05-13,Store-North-01,SKU-ELECTRONICS-01,91,114.83,0,0,4,0
2025-05-14,Store-North-01,SKU-ELECTRONICS-01,82,114.83,0,0,4,0
2025-05-15,Store-North-01,SKU-ELECTRONICS-01,153,97.6,1,0,4,0
2025-05-16,Store-North-01,SKU-ELECTRONICS-01,71,114.83,0,0,4,0
2025-05-17,Store-North-01,SKU-ELECTRONICS-01,110,114.83,0,1,4,0
2025-05-18,Store-North-01,SKU-ELECTRONICS-01,116,114.83,0,1,4,0
2025-05-19,Store-North-01,SKU-ELECTRONICS-01,98,114.83,0,0,4,0
2025-05-20,Store-North-01,SKU-ELECTRONICS-01,101,114.83,0,0,4,0
2025-05-21,Store-North-01,SKU-ELECTRONICS-01,85,114.83,0,0,4,0
2025-05-22,Store-North-01,SKU-ELECTRONICS-01,86,114.83,0,0,4,0
2025-05-23,Store-North-01,SKU-ELECTRONICS-01,155,97.6,1,0,4,0
2025-05-24,Store-North-01,SKU-ELECTRONICS-01,130,114.83,0,1,4,0
2025-05-25,Store-North-01,SKU-ELECTRONICS-01,122,114.83,0,1,4,0
2025-05-26,Store-North-01,SKU-ELECTRONICS-01,91,114.83,0,0,4,0
2025-05-27,Store-North-01,SKU-ELECTRONICS-01,70,114.83,0,0,4,0
2025-05-28,Store-North-01,SKU-ELECTRONICS-01,81,114.83,0,0,4,0
2025-05-29,Store-North-01,SKU-ELECTRONICS-01,94,114.83,0,0,4,0
2025-05-30,Store-North-01,SKU-ELECTRONICS-01,99,114.83,0,0,4,0
2025-05-31,Store-North-01,SKU-ELECTRONICS-01,121,114.83,0,1,4,0
2025-06-01,Store-North-01,SKU-ELECTRONICS-01,114,114.83,0,1,4,0
2025-06-02,Store-North-01,SKU-ELECTRONICS-01,91,114.83,0,0,4,0
2025-06-03,Store-North-01,SKU-ELECTRONICS-01,0,114.83,0,0,4,1
2025-06-04,Store-North-01,SKU-ELECTRONICS-01,85,114.83,0,0,4,0
2025-06-05,Store-North-01,SKU-ELECTRONICS-01,84,114.83,0,0,4,0
2025-06-06,Store-North-01,SKU-ELECTRONICS-01,73,114.83,0,0,4,0
2025-06-07,Store-North-01,SKU-ELECTRONICS-01,107,114.83,0,1,4,0
2025-06-08,Store-North-01,SKU-ELECTRONICS-01,107,114.83,0,1,4,0
2025-06-09,Store-North-01,SKU-ELECTRONICS-01,172,97.6,1,0,4,0
2025-06-10,Store-North-01,SKU-ELECTRONICS-01,84,114.83,0,0,4,0
2025-06-11,Store-North-01,SKU-ELECTRONICS-01,84,114.83,0,0,4,0
2025-06-12,Store-North-01,SKU-ELECTRONICS-01,95,114.83,0,0,4,0
2025-06-13,Store-North-01,SKU-ELECTRONICS-01,76,114.83,0,0,4,0
2025-06-14,Store-North-01,SKU-ELECTRONICS-01,124,114.83,0,1,4,0
2025-06-15,Store-North-01,SKU-ELECTRONICS-01,0,114.83,0,1,4,1
2025-06-16,Store-North-01,SKU-ELECTRONICS-01,61,114.83,0,0,4,0
2025-06-17,Store-North-01,SKU-ELECTRONICS-01,80,114.83,0,0,4,0
2025-06-18,Store-North-01,SKU-ELECTRONICS-01,76,114.83,0,0,4,0
2025-06-19,Store-North-01,SKU-ELECTRONICS-01,94,114.83,0,0,4,0
2025-06-20,Store-North-01,SKU-ELECTRONICS-01,75,114.83,0,0,4,0
2025-06-21,Store-North-01,SKU-ELECTRONICS-01,94,114.83,0,1,4,0
2025-06-22,Store-North-01,SKU-ELECTRONICS-01,107,114.83,0,1,4,0
2025-06-23,Store-North-01,SKU-ELECTRONICS-01,85,114.83,0,0,4,0
2025-06-24,Store-North-01,SKU-ELECTRONICS-01,81,114.83,0,0,4,0
2025-06-25,Store-North-01,SKU-ELECTRONICS-01,71,114.83,0,0,4,0
2025-06-26,Store-North-01,SKU-ELECTRONICS-01,90,114.83,0,0,4,0
2025-06-27,Store-North-01,SKU-ELECTRONICS-01,65,114.83,0,0,4,0
2025-06-28,Store-North-01,SKU-ELECTRONICS-01,98,114.83,0,1,4,0
2025-06-29,Store-North-01,SKU-ELECTRONICS-01,189,97.6,1,1,4,0
2025-06-30,Store-North-01,SKU-ELECTRONICS-01,144,97.6,1,0,4,0
2025-07-01,Store-North-01,SKU-ELECTRONICS-01,76,114.83,0,0,4,0
2025-07-02,Store-North-01,SKU-ELECTRONICS-01,0,114.83,0,0,4,1
2025-07-03,Store-North-01,SKU-ELECTRONICS-01,79,114.83,0,0,4,0
2025-07-04,Store-North-01,SKU-ELECTRONICS-01,97,114.83,0,0,4,0
2025-07-05,Store-North-01,SKU-ELECTRONICS-01,114,114.83,0,1,4,0
2025-07-06,Store-North-01,SKU-ELECTRONICS-01,105,114.83,0,1,4,0
2025-07-07,Store-North-01,SKU-ELECTRONICS-01,64,114.83,0,0,4,0
2025-07-08,Store-North-01,SKU-ELECTRONICS-01,66,114.83,0,0,4,0
2025-07-09,Store-North-01,SKU-ELECTRONICS-01,74,114.83,0,0,4,0
2025-07-10,Store-North-01,SKU-ELECTRONICS-01,76,114.83,0,0,4,0
2025-07-11,Store-North-01,SKU-ELECTRONICS-01,73,114.83,0,0,4,0
2025-07-12,Store-North-01,SKU-ELECTRONICS-01,103,114.83,0,1,4,0
2025-07-13,Store-North-01,SKU-ELECTRONICS-01,101,114.83,0,1,4,0
2025-07-14,Store-North-01,SKU-ELECTRONICS-01,85,114.83,0,0,4,0
2025-07-15,Store-North-01,SKU-ELECTRONICS-01,65,114.83,0,0,4,0
2025-07-16,Store-North-01,SKU-ELECTRONICS-01,84,114.83,0,0,4,0
2025-07-17,Store-North-01,SKU-ELECTRONICS-01,83,114.83,0,0,4,0
2025-07-18,Store-North-01,SKU-ELECTRONICS-01,68,114.83,0,0,4,0
2025-07-19,Store-North-01,SKU-ELECTRONICS-01,106,114.83,0,1,4,0
2025-07-20,Store-North-01,SKU-ELECTRONICS-01,114,114.83,0,1,4,0
2025-07-21,Store-North-01,SKU-ELECTRONICS-01,0,114.83,0,0,4,1
2025-07-22,Store-North-01,SKU-ELECTRONICS-01,73,114.83,0,0,4,0
2025-07-23,Store-North-01,SKU-ELECTRONICS-01,90,114.83,0,0,4,0
2025-07-24,Store-North-01,SKU-ELECTRONICS-01,71,114.83,0,0,4,0
2025-07-25,Store-North-01,SKU-ELECTRONICS-01,72,114.83,0,0,4,0
2025-07-26,Store-North-01,SKU-ELECTRONICS-01,91,114.83,0,1,4,0
2025-07-27,Store-North-01,SKU-ELECTRONICS-01,93,114.83,0,1,4,0
2025-07-28,Store-North-01,SKU-ELECTRONICS-01,53,114.83,0,0,4,0
2025-07-29,Store-North-01,SKU-ELECTRONICS-01,63,114.83,0,0,4,0
2025-07-30,Store-North-01,SKU-ELECTRONICS-01,160,97.6,1,0,4,0
2025-07-31,Store-North-01,SKU-ELECTRONICS-01,84,114.83,0,0,4,0
2025-08-01,Store-North-01,SKU-ELECTRONICS-01,72,114.83,0,0,4,0
2025-08-02,Store-North-01,SKU-ELECTRONICS-01,99,114.83,0,1,4,0
2025-08-03,Store-North-01,SKU-ELECTRONICS-01,76,114.83,0,1,4,0
2025-08-04,Store-North-01,SKU-ELECTRONICS-01,0,114.83,0,0,4,1
2025-08-05,Store-North-01,SKU-ELECTRONICS-01,79,114.83,0,0,4,0
2025-08-06,Store-North-01,SKU-ELECTRONICS-01,72,114.83,0,0,4,0
2025-08-07,Store-North-01,SKU-ELECTRONICS-01,113,97.6,1,0,4,0
2025-08-08,Store-North-01,SKU-ELECTRONICS-01,71,114.83,0,0,4,0
2025-08-09,Store-North-01,SKU-ELECTRONICS-01,94,114.83,0,1,4,0
2025-08-10,Store-North-01,SKU-ELECTRONICS-01,88,114.83,0,1,4,0
2025-08-11,Store-North-01,SKU-ELECTRONICS-01,63,114.83,0,0,4,0
2025-08-12,Store-North-01,SKU-ELECTRONICS-01,74,114.83,0,0,4,0
2025-08-13,Store-North-01,SKU-ELECTRONICS-01,106,97.6,1,0,4,0
2025-08-14,Store-North-01,SKU-ELECTRONICS-01,69,114.83,0,0,4,0
2025-08-15,Store-North-01,SKU-ELECTRONICS-01,65,114.83,0,0,4,0
2025-08-16,Store-North-01,SKU-ELECTRONICS-01,78,114.83,0,1,4,0
2025-08-17,Store-North-01,SKU-ELECTRONICS-01,91,114.83,0,1,4,0
2025-08-18,Store-North-01,SKU-ELECTRONICS-01,71,114.83,0,0,4,0
2025-08-19,Store-North-01,SKU-ELECTRONICS-01,50,114.83,0,0,4,0
2025-08-20,Store-North-01,SKU-ELECTRONICS-01,64,114.83,0,0,4,0
2025-08-21,Store-North-01,SKU-ELECTRONICS-01,58,114.83,0,0,4,0
2025-08-22,Store-North-01,SKU-ELECTRONICS-01,70,114.83,0,0,4,0
2025-08-23,Store-North-01,SKU-ELECTRONICS-01,84,114.83,0,1,4,0
2025-08-24,Store-North-01,SKU-ELECTRONICS-01,78,114.83,0,1,4,0
2025-08-25,Store-North-01,SKU-ELECTRONICS-01,128,97.6,1,0,4,0
2025-08-26,Store-North-01,SKU-ELECTRONICS-01,54,114.83,0,0,4,0
2025-08-27,Store-North-01,SKU-ELECTRONICS-01,49,114.83,0,0,4,0
2025-08-28,Store-North-01,SKU-ELECTRONICS-01,59,114.83,0,0,4,0
2025-08-29,Store-North-01,SKU-ELECTRONICS-01,106,97.6,1,0,4,0
2025-08-30,Store-North-01,SKU-ELECTRONICS-01,66,114.83,0,1,4,0
2025-08-31,Store-North-01,SKU-ELECTRONICS-01,157,97.6,1,1,4,0
2025-09-01,Store-North-01,SKU-ELECTRONICS-01,63,114.83,0,0,4,0
2025-09-02,Store-North-01,SKU-ELECTRONICS-01,61,114.83,0,0,4,0
2025-09-03,Store-North-01,SKU-ELECTRONICS-01,100,97.6,1,0,4,0
2025-09-04,Store-North-01,SKU-ELECTRONICS-01,83,114.83,0,0,4,0
2025-09-05,Store-North-01,SKU-ELECTRONICS-01,59,114.83,0,0,4,0
2025-09-06,Store-North-01,SKU-ELECTRONICS-01,86,114.83,0,1,4,0
2025-09-07,Store-North-01,SKU-ELECTRONICS-01,143,97.6,1,1,4,0
2025-09-08,Store-North-01,SKU-ELECTRONICS-01,52,114.83,0,0,4,0
2025-09-09,Store-North-01,SKU-ELECTRONICS-01,66,114.83,0,0,4,0
2025-09-10,Store-North-01,SKU-ELECTRONICS-01,54,114.83,0,0,4,0
2025-09-11,Store-North-01,SKU-ELECTRONICS-01,64,114.83,0,0,4,0
2025-09-12,Store-North-01,SKU-ELECTRONICS-01,52,114.83,0,0,4,0
2025-09-13,Store-North-01,SKU-ELECTRONICS-01,70,114.83,0,1,4,0
2025-09-14,Store-North-01,SKU-ELECTRONICS-01,75,114.83,0,1,4,0
2025-09-15,Store-North-01,SKU-ELECTRONICS-01,64,114.83,0,0,4,0
2025-09-16,Store-North-01,SKU-ELECTRONICS-01,56,114.83,0,0,4,0
2025-09-17,Store-North-01,SKU-ELECTRONICS-01,65,114.83,0,0,4,0
2025-09-18,Store-North-01,SKU-ELECTRONICS-01,53,114.83,0,0,4,0
2025-09-19,Store-North-01,SKU-ELECTRONICS-01,54,114.83,0,0,4,0
2025-09-20,Store-North-01,SKU-ELECTRONICS-01,79,114.83,0,1,4,0
2025-09-21,Store-North-01,SKU-ELECTRONICS-01,66,114.83,0,1,4,0
2025-09-22,Store-North-01,SKU-ELECTRONICS-01,64,114.83,0,0,4,0
2025-09-23,Store-North-01,SKU-ELECTRONICS-01,68,114.83,0,0,4,0
2025-09-24,Store-North-01,SKU-ELECTRONICS-01,38,114.83,0,0,4,0
2025-09-25,Store-North-01,SKU-ELECTRONICS-01,52,114.83,0,0,4,0
2025-09-26,Store-North-01,SKU-ELECTRONICS-01,47,114.83,0,0,4,0
2025-09-27,Store-North-01,SKU-ELECTRONICS-01,85,114.83,0,1,4,0
2025-09-28,Store-North-01,SKU-ELECTRONICS-01,68,114.83,0,1,4,0
2025-09-29,Store-North-01,SKU-ELECTRONICS-01,62,114.83,0,0,4,0
2025-09-30,Store-North-01,SKU-ELECTRONICS-01,51,114.83,0,0,4,0
2025-10-01,Store-North-01,SKU-ELECTRONICS-01,95,97.6,1,0,4,0
2025-10-02,Store-North-01,SKU-ELECTRONICS-01,51,114.83,0,0,4,0
2025-10-03,Store-North-01,SKU-ELECTRONICS-01,0,114.83,0,0,4,1
2025-10-04,Store-North-01,SKU-ELECTRONICS-01,134,97.6,1,1,4,0
2025-10-05,Store-North-01,SKU-ELECTRONICS-01,65,114.83,0,1,4,0
2025-10-06,Store-North-01,SKU-ELECTRONICS-01,46,114.83,0,0,4,0
2025-10-07,Store-North-01,SKU-ELECTRONICS-01,58,114.83,0,0,4,0
2025-10-08,Store-North-01,SKU-ELECTRONICS-01,47,114.83,0,0,4,0
2025-10-09,Store-North-01,SKU-ELECTRONICS-01,98,97.6,1,0,4,0
2025-10-10,Store-North-01,SKU-ELECTRONICS-01,44,114.83,0,0,4,0
2025-10-11,Store-North-01,SKU-ELECTRONICS-01,86,114.83,0,1,4,0
2025-10-12,Store-North-01,SKU-ELECTRONICS-01,0,114.83,0,1,4,1
2025-10-13,Store-North-01,SKU-ELECTRONICS-01,87,97.6,1,0,4,0
2025-10-14,Store-North-01,SKU-ELECTRONICS-01,47,114.83,0,0,4,0
2025-10-15,Store-North-01,SKU-ELECTRONICS-01,73,114.83,0,0,4,0
2025-10-16,Store-North-01,SKU-ELECTRONICS-01,40,114.83,0,0,4,0
2025-10-17,Store-North-01,SKU-ELECTRONICS-01,53,114.83,0,0,4,0
2025-10-18,Store-North-01,SKU-ELECTRONICS-01,75,114.83,0,1,4,0
2025-10-19,Store-North-01,SKU-ELECTRONICS-01,75,114.83,0,1,4,0
2025-10-20,Store-North-01,SKU-ELECTRONICS-01,58,114.83,0,0,4,0
2025-10-21,Store-North-01,SKU-ELECTRONICS-01,0,114.83,0,0,4,1
2025-10-22,Store-North-01,SKU-ELECTRONICS-01,45,114.83,0,0,4,0
2025-10-23,Store-North-01,SKU-ELECTRONICS-01,54,114.83,0,0,4,0
2025-10-24,Store-North-01,SKU-ELECTRONICS-01,47,114.83,0,0,4,0
2025-10-25,Store-North-01,SKU-ELECTRONICS-01,62,114.83,0,1,4,0
2025-10-26,Store-North-01,SKU-ELECTRONICS-01,49,114.83,0,1,4,0
2025-10-27,Store-North-01,SKU-ELECTRONICS-01,41,114.83,0,0,4,0
2025-10-28,Store-North-01,SKU-ELECTRONICS-01,33,114.83,0,0,4,0
2025-10-29,Store-North-01,SKU-ELECTRONICS-01,51,114.83,0,0,4,0
2025-10-30,Store-North-01,SKU-ELECTRONICS-01,58,114.83,0,0,4,0
2025-10-31,Store-North-01,SKU-ELECTRONICS-01,39,114.83,0,0,4,0
2025-11-01,Store-North-01,SKU-ELECTRONICS-01,58,114.83,0,1,4,0
2025-11-02,Store-North-01,SKU-ELECTRONICS-01,62,114.83,0,1,4,0
2025-11-03,Store-North-01,SKU-ELECTRONICS-01,80,97.6,1,0,4,0
2025-11-04,Store-North-01,SKU-ELECTRONICS-01,48,114.83,0,0,4,0
2025-11-05,Store-North-01,SKU-ELECTRONICS-01,39,114.83,0,0,4,0
2025-11-06,Store-North-01,SKU-ELECTRONICS-01,47,114.83,0,0,4,0
2025-11-07,Store-North-01,SKU-ELECTRONICS-01,96,97.6,1,0,4,0
2025-11-08,Store-North-01,SKU-ELECTRONICS-01,61,114.83,0,1,4,0
2025-11-09,Store-North-01,SKU-ELECTRONICS-01,58,114.83,0,1,4,0
2025-11-10,Store-North-01,SKU-ELECTRONICS-01,95,97.6,1,0,4,0
2025-11-11,Store-North-01,SKU-ELECTRONICS-01,44,114.83,0,0,4,0
2025-11-12,Store-North-01,SKU-ELECTRONICS-01,60,114.83,0,0,4,0
2025-11-13,Store-North-01,SKU-ELECTRONICS-01,55,114.83,0,0,4,0
2025-11-14,Store-North-01,SKU-ELECTRONICS-01,89,97.6,1,0,4,0
2025-11-15,Store-North-01,SKU-ELECTRONICS-01,67,114.83,0,1,4,0
2025-11-16,Store-North-01,SKU-ELECTRONICS-01,59,114.83,0,1,4,0
2025-11-17,Store-North-01,SKU-ELECTRONICS-01,52,114.83,0,0,4,0
2025-11-18,Store-North-01,SKU-ELECTRONICS-01,36,114.83,0,0,4,0
2025-11-19,Store-North-01,SKU-ELECTRONICS-01,44,114.83,0,0,4,0
2025-11-20,Store-North-01,SKU-ELECTRONICS-01,86,97.6,1,0,4,0
2025-11-21,Store-North-01,SKU-ELECTRONICS-01,48,114.83,0,0,4,0
2025-11-22,Store-North-01,SKU-ELECTRONICS-01,63,114.83,0,1,4,0
2025-11-23,Store-North-01,SKU-ELECTRONICS-01,52,114.83,0,1,4,0
2025-11-24,Store-North-01,SKU-ELECTRONICS-01,56,114.83,0,0,4,0
2025-11-25,Store-North-01,SKU-ELECTRONICS-01,56,114.83,0,0,4,0
2025-11-26,Store-North-01,SKU-ELECTRONICS-01,51,114.83,0,0,4,0
2025-11-27,Store-North-01,SKU-ELECTRONICS-01,51,114.83,0,0,4,0
2025-11-28,Store-North-01,SKU-ELECTRONICS-01,56,114.83,0,0,4,0
2025-11-29,Store-North-01,SKU-ELECTRONICS-01,58,114.83,0,1,4,0
2025-11-30,Store-North-01,SKU-ELECTRONICS-01,53,114.83,0,1,4,0
2025-12-01,Store-North-01,SKU-ELECTRONICS-01,40,114.83,0,0,4,0
2025-12-02,Store-North-01,SKU-ELECTRONICS-01,48,114.83,0,0,4,0
2025-12-03,Store-North-01,SKU-ELECTRONICS-01,53,114.83,0,0,4,0
2025-12-04,Store-North-01,SKU-ELECTRONICS-01,82,97.6,1,0,4,0
2025-12-05,Store-North-01,SKU-ELECTRONICS-01,54,114.83,0,0,4,0
2025-12-06,Store-North-01,SKU-ELECTRONICS-01,67,114.83,0,1,4,0
2025-12-07,Store-North-01,SKU-ELECTRONICS-01,63,114.83,0,1,4,0
2025-12-08,Store-North-01,SKU-ELECTRONICS-01,46,114.83,0,0,4,0
2025-12-09,Store-North-01,SKU-ELECTRONICS-01,49,114.83,0,0,4,0
2025-12-10,Store-North-01,SKU-ELECTRONICS-01,62,114.83,0,0,4,0
2025-12-11,Store-North-01,SKU-ELECTRONICS-01,54,114.83,0,0,4,0
2025-12-12,Store-North-01,SKU-ELECTRONICS-01,57,114.83,0,0,4,0
2025-12-13,Store-North-01,SKU-ELECTRONICS-01,86,114.83,0,1,4,0
2025-12-14,Store-North-01,SKU-ELECTRONICS-01,75,114.83,0,1,4,0
2025-12-15,Store-North-01,SKU-ELECTRONICS-01,64,114.83,0,0,4,0
2025-12-16,Store-North-01,SKU-ELECTRONICS-01,61,114.83,0,0,4,0
2025-12-17,Store-North-01,SKU-ELECTRONICS-01,61,114.83,0,0,4,0
2025-12-18,Store-North-01,SKU-ELECTRONICS-01,51,114.83,0,0,4,0
2025-12-19,Store-North-01,SKU-ELECTRONICS-01,53,114.83,0,0,4,0
2025-12-20,Store-North-01,SKU-ELECTRONICS-01,75,114.83,0,1,4,0
2025-12-21,Store-North-01,SKU-ELECTRONICS-01,73,114.83,0,1,4,0
2025-12-22,Store-North-01,SKU-ELECTRONICS-01,49,114.83,0,0,4,0
2025-12-23,Store-North-01,SKU-ELECTRONICS-01,0,114.83,0,0,4,1
2025-12-24,Store-North-01,SKU-ELECTRONICS-01,70,114.83,0,0,4,0
2025-12-25,Store-North-01,SKU-ELECTRONICS-01,72,114.83,0,0,4,0
2025-12-26,Store-North-01,SKU-ELECTRONICS-01,0,114.83,0,0,4,1
2025-12-27,Store-North-01,SKU-ELECTRONICS-01,76,114.83,0,1,4,0
2025-12-28,Store-North-01,SKU-ELECTRONICS-01,87,114.83,0,1,4,0
2025-12-29,Store-North-01,SKU-ELECTRONICS-01,61,114.83,0,0,4,0
2025-12-30,Store-North-01,SKU-ELECTRONICS-01,54,114.83,0,0,4,0
2025-12-31,Store-North-01,SKU-ELECTRONICS-01,55,114.83,0,0,4,0
2024-01-01,Store-North-01,SKU-BEVERAGE-02,114,51.2,0,0,9,0
2024-01-02,Store-North-01,SKU-BEVERAGE-02,105,51.2,0,0,9,0
2024-01-03,Store-North-01,SKU-BEVERAGE-02,194,43.52,1,0,9,0
2024-01-04,Store-North-01,SKU-BEVERAGE-02,118,51.2,0,0,9,0
2024-01-05,Store-North-01,SKU-BEVERAGE-02,201,43.52,1,0,9,0
2024-01-06,Store-North-01,SKU-BEVERAGE-02,161,51.2,0,1,9,0
2024-01-07,Store-North-01,SKU-BEVERAGE-02,285,43.52,1,1,9,0
2024-01-08,Store-North-01,SKU-BEVERAGE-02,124,51.2,0,0,9,0
2024-01-09,Store-North-01,SKU-BEVERAGE-02,122,51.2,0,0,9,0
2024-01-10,Store-North-01,SKU-BEVERAGE-02,121,51.2,0,0,9,0
2024-01-11,Store-North-01,SKU-BEVERAGE-02,123,51.2,0,0,9,0
2024-01-12,Store-North-01,SKU-BEVERAGE-02,214,43.52,1,0,9,0
2024-01-13,Store-North-01,SKU-BEVERAGE-02,162,51.2,0,1,9,0
2024-01-14,Store-North-01,SKU-BEVERAGE-02,164,51.2,0,1,9,0
2024-01-15,Store-North-01,SKU-BEVERAGE-02,223,43.52,1,0,9,0
2024-01-16,Store-North-01,SKU-BEVERAGE-02,117,51.2,0,0,9,0
2024-01-17,Store-North-01,SKU-BEVERAGE-02,139,51.2,0,0,9,0
2024-01-18,Store-North-01,SKU-BEVERAGE-02,125,51.2,0,0,9,0
2024-01-19,Store-North-01,SKU-BEVERAGE-02,126,51.2,0,0,9,0
2024-01-20,Store-North-01,SKU-BEVERAGE-02,193,51.2,0,1,9,0
2024-01-21,Store-North-01,SKU-BEVERAGE-02,169,51.2,0,1,9,0
2024-01-22,Store-North-01,SKU-BEVERAGE-02,240,43.52,1,0,9,0
2024-01-23,Store-North-01,SKU-BEVERAGE-02,132,51.2,0,0,9,0
2024-01-24,Store-North-01,SKU-BEVERAGE-02,126,51.2,0,0,9,0
2024-01-25,Store-North-01,SKU-BEVERAGE-02,139,51.2,0,0,9,0
2024-01-26,Store-North-01,SKU-BEVERAGE-02,224,43.52,1,0,9,0
2024-01-27,Store-North-01,SKU-BEVERAGE-02,340,43.52,1,1,9,0
2024-01-28,Store-North-01,SKU-BEVERAGE-02,339,43.52,1,1,9,0
2024-01-29,Store-North-01,SKU-BEVERAGE-02,145,51.2,0,0,9,0
2024-01-30,Store-North-01,SKU-BEVERAGE-02,139,51.2,0,0,9,0
2024-01-31,Store-North-01,SKU-BEVERAGE-02,152,51.2,0,0,9,0
2024-02-01,Store-North-01,SKU-BEVERAGE-02,140,51.2,0,0,9,0
2024-02-02,Store-North-01,SKU-BEVERAGE-02,142,51.2,0,0,9,0
2024-02-03,Store-North-01,SKU-BEVERAGE-02,176,51.2,0,1,9,0
2024-02-04,Store-North-01,SKU-BEVERAGE-02,175,51.2,0,1,9,0
2024-02-05,Store-North-01,SKU-BEVERAGE-02,127,51.2,0,0,9,0
2024-02-06,Store-North-01,SKU-BEVERAGE-02,152,51.2,0,0,9,0
2024-02-07,Store-North-01,SKU-BEVERAGE-02,147,51.2,0,0,9,0
2024-02-08,Store-North-01,SKU-BEVERAGE-02,135,51.2,0,0,9,0
2024-02-09,Store-North-01,SKU-BEVERAGE-02,131,51.2,0,0,9,0
2024-02-10,Store-North-01,SKU-BEVERAGE-02,207,51.2,0,1,9,0
2024-02-11,Store-North-01,SKU-BEVERAGE-02,171,51.2,0,1,9,0
2024-02-12,Store-North-01,SKU-BEVERAGE-02,0,51.2,0,0,9,1
2024-02-13,Store-North-01,SKU-BEVERAGE-02,138,51.2,0,0,9,0
2024-02-14,Store-North-01,SKU-BEVERAGE-02,158,51.2,0,0,9,0
2024-02-15,Store-North-01,SKU-BEVERAGE-02,123,51.2,0,0,9,0
2024-02-16,Store-North-01,SKU-BEVERAGE-02,156,51.2,0,0,9,0
2024-02-17,Store-North-01,SKU-BEVERAGE-02,188,51.2,0,1,9,0
2024-02-18,Store-North-01,SKU-BEVERAGE-02,212,51.2,0,1,9,0
2024-02-19,Store-North-01,SKU-BEVERAGE-02,138,51.2,0,0,9,0
2024-02-20,Store-North-01,SKU-BEVERAGE-02,159,51.2,0,0,9,0
2024-02-21,Store-North-01,SKU-BEVERAGE-02,152,51.2,0,0,9,0
2024-02-22,Store-North-01,SKU-BEVERAGE-02,160,51.2,0,0,9,0
2024-02-23,Store-North-01,SKU-BEVERAGE-02,141,51.2,0,0,9,0
2024-02-24,Store-North-01,SKU-BEVERAGE-02,198,51.2,0,1,9,0
2024-02-25,Store-North-01,SKU-BEVERAGE-02,220,51.2,0,1,9,0
2024-02-26,Store-North-01,SKU-BEVERAGE-02,273,43.52,1,0,9,0
2024-02-27,Store-North-01,SKU-BEVERAGE-02,179,51.2,0,0,9,0
2024-02-28,Store-North-01,SKU-BEVERAGE-02,162,51.2,0,0,9,0
2024-02-29,Store-North-01,SKU-BEVERAGE-02,160,51.2,0,0,9,0
2024-03-01,Store-North-01,SKU-BEVERAGE-02,154,51.2,0,0,9,0
2024-03-02,Store-North-01,SKU-BEVERAGE-02,215,51.2,0,1,9,0
2024-03-03,Store-North-01,SKU-BEVERAGE-02,211,51.2,0,1,9,0
2024-03-04,Store-North-01,SKU-BEVERAGE-02,149,51.2,0,0,9,0
2024-03-05,Store-North-01,SKU-BEVERAGE-02,0,51.2,0,0,9,1
2024-03-06,Store-North-01,SKU-BEVERAGE-02,137,51.2,0,0,9,0
2024-03-07,Store-North-01,SKU-BEVERAGE-02,165,51.2,0,0,9,0
2024-03-08,Store-North-01,SKU-BEVERAGE-02,147,51.2,0,0,9,0
2024-03-09,Store-North-01,SKU-BEVERAGE-02,238,51.2,0,1,9,0
2024-03-10,Store-North-01,SKU-BEVERAGE-02,234,51.2,0,1,9,0
2024-03-11,Store-North-01,SKU-BEVERAGE-02,262,43.52,1,0,9,0
2024-03-12,Store-North-01,SKU-BEVERAGE-02,151,51.2,0,0,9,0
2024-03-13,Store-North-01,SKU-BEVERAGE-02,273,43.52,1,0,9,0
2024-03-14,Store-North-01,SKU-BEVERAGE-02,154,51.2,0,0,9,0
2024-03-15,Store-North-01,SKU-BEVERAGE-02,153,51.2,0,0,9,0
2024-03-16,Store-North-01,SKU-BEVERAGE-02,229,51.2,0,1,9,0
2024-03-17,Store-North-01,SKU-BEVERAGE-02,204,51.2,0,1,9,0
2024-03-18,Store-North-01,SKU-BEVERAGE-02,143,51.2,0,0,9,0
2024-03-19,Store-North-01,SKU-BEVERAGE-02,178,51.2,0,0,9,0
2024-03-20,Store-North-01,SKU-BEVERAGE-02,150,51.2,0,0,9,0
2024-03-21,Store-North-01,SKU-BEVERAGE-02,144,51.2,0,0,9,0
2024-03-22,Store-North-01,SKU-BEVERAGE-02,140,51.2,0,0,9,0
2024-03-23,Store-North-01,SKU-BEVERAGE-02,229,51.2,0,1,9,0
2024-03-24,Store-North-01,SKU-BEVERAGE-02,218,51.2,0,1,9,0
2024-03-25,Store-North-01,SKU-BEVERAGE-02,186,51.2,0,0,9,0
2024-03-26,Store-North-01,SKU-BEVERAGE-02,178,51.2,0,0,9,0
2024-03-27,Store-North-01,SKU-BEVERAGE-02,163,51.2,0,0,9,0
2024-03-28,Store-North-01,SKU-BEVERAGE-02,167,51.2,0,0,9,0
2024-03-29,Store-North-01,SKU-BEVERAGE-02,199,51.2,0,0,9,0
2024-03-30,Store-North-01,SKU-BEVERAGE-02,229,51.2,0,1,9,0
2024-03-31,Store-North-01,SKU-BEVERAGE-02,224,51.2,0,1,9,0
2024-04-01,Store-North-01,SKU-BEVERAGE-02,157,51.2,0,0,9,0
2024-04-02,Store-North-01,SKU-BEVERAGE-02,185,51.2,0,0,9,0
2024-04-03,Store-North-01,SKU-BEVERAGE-02,174,51.2,0,0,9,0
2024-04-04,Store-North-01,SKU-BEVERAGE-02,166,51.2,0,0,9,0
2024-04-05,Store-North-01,SKU-BEVERAGE-02,184,51.2,0,0,9,0
2024-04-06,Store-North-01,SKU-BEVERAGE-02,219,51.2,0,1,9,0
2024-04-07,Store-North-01,SKU-BEVERAGE-02,247,51.2,0,1,9,0
2024-04-08,Store-North-01,SKU-BEVERAGE-02,171,51.2,0,0,9,0
2024-04-09,Store-North-01,SKU-BEVERAGE-02,195,51.2,0,0,9,0
2024-04-10,Store-North-01,SKU-BEVERAGE-02,172,51.2,0,0,9,0
2024-04-11,Store-North-01,SKU-BEVERAGE-02,173,51.2,0,0,9,0
2024-04-12,Store-North-01,SKU-BEVERAGE-02,184,51.2,0,0,9,0
2024-04-13,Store-North-01,SKU-BEVERAGE-02,227,51.2,0,1,9,0
2024-04-14,Store-North-01,SKU-BEVERAGE-02,235,51.2,0,1,9,0
2024-04-15,Store-North-01,SKU-BEVERAGE-02,316,43.52,1,0,9,0
2024-04-16,Store-North-01,SKU-BEVERAGE-02,163,51.2,0,0,9,0
2024-04-17,Store-North-01,SKU-BEVERAGE-02,319,43.52,1,0,9,0
2024-04-18,Store-North-01,SKU-BEVERAGE-02,187,51.2,0,0,9,0
2024-04-19,Store-North-01,SKU-BEVERAGE-02,186,51.2,0,0,9,0
2024-04-20,Store-North-01,SKU-BEVERAGE-02,264,51.2,0,1,9,0
2024-04-21,Store-North-01,SKU-BEVERAGE-02,447,43.52,1,1,9,0
2024-04-22,Store-North-01,SKU-BEVERAGE-02,169,51.2,0,0,9,0
2024-04-23,Store-North-01,SKU-BEVERAGE-02,200,51.2,0,0,9,0
2024-04-24,Store-North-01,SKU-BEVERAGE-02,168,51.2,0,0,9,0
2024-04-25,Store-North-01,SKU-BEVERAGE-02,185,51.2,0,0,9,0
2024-04-26,Store-North-01,SKU-BEVERAGE-02,184,51.2,0,0,9,0
2024-04-27,Store-North-01,SKU-BEVERAGE-02,229,51.2,0,1,9,0
2024-04-28,Store-North-01,SKU-BEVERAGE-02,230,51.2,0,1,9,0
2024-04-29,Store-North-01,SKU-BEVERAGE-02,170,51.2,0,0,9,0
2024-04-30,Store-North-01,SKU-BEVERAGE-02,296,43.52,1,0,9,0
2024-05-01,Store-North-01,SKU-BEVERAGE-02,173,51.2,0,0,9,0
2024-05-02,Store-North-01,SKU-BEVERAGE-02,182,51.2,0,0,9,0
2024-05-03,Store-North-01,SKU-BEVERAGE-02,196,51.2,0,0,9,0
2024-05-04,Store-North-01,SKU-BEVERAGE-02,436,43.52,1,1,9,0
2024-05-05,Store-North-01,SKU-BEVERAGE-02,259,51.2,0,1,9,0
2024-05-06,Store-North-01,SKU-BEVERAGE-02,166,51.2,0,0,9,0
2024-05-07,Store-North-01,SKU-BEVERAGE-02,172,51.2,0,0,9,0
2024-05-08,Store-North-01,SKU-BEVERAGE-02,176,51.2,0,0,9,0
2024-05-09,Store-North-01,SKU-BEVERAGE-02,179,51.2,0,0,9,0
2024-05-10,Store-North-01,SKU-BEVERAGE-02,317,43.52,1,0,9,0
2024-05-11,Store-North-01,SKU-BEVERAGE-02,243,51.2,0,1,9,0
2024-05-12,Store-North-01,SKU-BEVERAGE-02,243,51.2,0,1,9,0
2024-05-13,Store-North-01,SKU-BEVERAGE-02,187,51.2,0,0,9,0
2024-05-14,Store-North-01,SKU-BEVERAGE-02,162,51.2,0,0,9,0
2024-05-15,Store-North-01,SKU-BEVERAGE-02,175,51.2,0,0,9,0
2024-05-16,Store-North-01,SKU-BEVERAGE-02,166,51.2,0,0,9,0
2024-05-17,Store-North-01,SKU-BEVERAGE-02,171,51.2,0,0,9,0
2024-05-18,Store-North-01,SKU-BEVERAGE-02,433,43.52,1,1,9,0
2024-05-19,Store-North-01,SKU-BEVERAGE-02,222,51.2,0,1,9,0
2024-05-20,Store-North-01,SKU-BEVERAGE-02,187,51.2,0,0,9,0
2024-05-21,Store-North-01,SKU-BEVERAGE-02,186,51.2,0,0,9,0
2024-05-22,Store-North-01,SKU-BEVERAGE-02,309,43.52,1,0,9,0
2024-05-23,Store-North-01,SKU-BEVERAGE-02,168,51.2,0,0,9,0
2024-05-24,Store-North-01,SKU-BEVERAGE-02,171,51.2,0,0,9,0
2024-05-25,Store-North-01,SKU-BEVERAGE-02,457,43.52,1,1,9,0
2024-05-26,Store-North-01,SKU-BEVERAGE-02,415,43.52,1,1,9,0
2024-05-27,Store-North-01,SKU-BEVERAGE-02,180,51.2,0,0,9,0
2024-05-28,Store-North-01,SKU-BEVERAGE-02,313,43.52,1,0,9,0
2024-05-29,Store-North-01,SKU-BEVERAGE-02,300,43.52,1,0,9,0
2024-05-30,Store-North-01,SKU-BEVERAGE-02,184,51.2,0,0,9,0
2024-05-31,Store-North-01,SKU-BEVERAGE-02,151,51.2,0,0,9,0
2024-06-01,Store-North-01,SKU-BEVERAGE-02,236,51.2,0,1,9,0
2024-06-02,Store-North-01,SKU-BEVERAGE-02,211,51.2,0,1,9,0
2024-06-03,Store-North-01,SKU-BEVERAGE-02,171,51.2,0,0,9,0
2024-06-04,Store-North-01,SKU-BEVERAGE-02,201,51.2,0,0,9,0
2024-06-05,Store-North-01,SKU-BEVERAGE-02,190,51.2,0,0,9,0
2024-06-06,Store-North-01,SKU-BEVERAGE-02,178,51.2,0,0,9,0
2024-06-07,Store-North-01,SKU-BEVERAGE-02,176,51.2,0,0,9,0
2024-06-08,Store-North-01,SKU-BEVERAGE-02,227,51.2,0,1,9,0
2024-06-09,Store-North-01,SKU-BEVERAGE-02,249,51.2,0,1,9,0
2024-06-10,Store-North-01,SKU-BEVERAGE-02,166,51.2,0,0,9,0
2024-06-11,Store-North-01,SKU-BEVERAGE-02,0,51.2,0,0,9,1
2024-06-12,Store-North-01,SKU-BEVERAGE-02,201,51.2,0,0,9,0
2024-06-13,Store-North-01,SKU-BEVERAGE-02,171,51.2,0,0,9,0
2024-06-14,Store-North-01,SKU-BEVERAGE-02,175,51.2,0,0,9,0
2024-06-15,Store-North-01,SKU-BEVERAGE-02,403,43.52,1,1,9,0
2024-06-16,Store-North-01,SKU-BEVERAGE-02,250,51.2,0,1,9,0
2024-06-17,Store-North-01,SKU-BEVERAGE-02,155,51.2,0,0,9,0
2024-06-18,Store-North-01,SKU-BEVERAGE-02,148,51.2,0,0,9,0
2024-06-19,Store-North-01,SKU-BEVERAGE-02,140,51.2,0,0,9,0
2024-06-20,Store-North-01,SKU-BEVERAGE-02,298,43.52,1,0,9,0
2024-06-21,Store-North-01,SKU-BEVERAGE-02,150,51.2,0,0,9,0
2024-06-22,Store-North-01,SKU-BEVERAGE-02,183,51.2,0,1,9,0
2024-06-23,Store-North-01,SKU-BEVERAGE-02,207,51.2,0,1,9,0
2024-06-24,Store-North-01,SKU-BEVERAGE-02,150,51.2,0,0,9,0
2024-06-25,Store-North-01,SKU-BEVERAGE-02,154,51.2,0,0,9,0
2024-06-26,Store-North-01,SKU-BEVERAGE-02,171,51.2,0,0,9,0
2024-06-27,Store-North-01,SKU-BEVERAGE-02,137,51.2,0,0,9,0
2024-06-28,Store-North-01,SKU-BEVERAGE-02,135,51.2,0,0,9,0
2024-06-29,Store-North-01,SKU-BEVERAGE-02,378,43.52,1,1,9,0
2024-06-30,Store-North-01,SKU-BEVERAGE-02,211,51.2,0,1,9,0
2024-07-01,Store-North-01,SKU-BEVERAGE-02,165,51.2,0,0,9,0
2024-07-02,Store-North-01,SKU-BEVERAGE-02,149,51.2,0,0,9,0
2024-07-03,Store-North-01,SKU-BEVERAGE-02,286,43.52,1,0,9,0
2024-07-04,Store-North-01,SKU-BEVERAGE-02,170,51.2,0,0,9,0
2024-07-05,Store-North-01,SKU-BEVERAGE-02,149,51.2,0,0,9,0
2024-07-06,Store-North-01,SKU-BEVERAGE-02,212,51.2,0,1,9,0
2024-07-07,Store-North-01,SKU-BEVERAGE-02,214,51.2,0,1,9,0
2024-07-08,Store-North-01,SKU-BEVERAGE-02,156,51.2,0,0,9,0
2024-07-09,Store-North-01,SKU-BEVERAGE-02,148,51.2,0,0,9,0
2024-07-10,Store-North-01,SKU-BEVERAGE-02,143,51.2,0,0,9,0
2024-07-11,Store-North-01,SKU-BEVERAGE-02,172,51.2,0,0,9,0
2024-07-12,Store-North-01,SKU-BEVERAGE-02,158,51.2,0,0,9,0
2024-07-13,Store-North-01,SKU-BEVERAGE-02,345,43.52,1,1,9,0
2024-07-14,Store-North-01,SKU-BEVERAGE-02,215,51.2,0,1,9,0
2024-07-15,Store-North-01,SKU-BEVERAGE-02,152,51.2,0,0,9,0
2024-07-16,Store-North-01,SKU-BEVERAGE-02,148,51.2,0,0,9,0
2024-07-17,Store-North-01,SKU-BEVERAGE-02,142,51.2,0,0,9,0
2024-07-18,Store-North-01,SKU-BEVERAGE-02,150,51.2,0,0,9,0
2024-07-19,Store-North-01,SKU-BEVERAGE-02,132,51.2,0,0,9,0
2024-07-20,Store-North-01,SKU-BEVERAGE-02,208,51.2,0,1,9,0
2024-07-21,Store-North-01,SKU-BEVERAGE-02,190,51.2,0,1,9,0
2024-07-22,Store-North-01,SKU-BEVERAGE-02,132,51.2,0,0,9,0
2024-07-23,Store-North-01,SKU-BEVERAGE-02,142,51.2,0,0,9,0
2024-07-24,Store-North-01,SKU-BEVERAGE-02,173,51.2,0,0,9,0
2024-07-25,Store-North-01,SKU-BEVERAGE-02,141,51.2,0,0,9,0
2024-07-26,Store-North-01,SKU-BEVERAGE-02,253,43.52,1,0,9,0
2024-07-27,Store-North-01,SKU-BEVERAGE-02,169,51.2,0,1,9,0
2024-07-28,Store-North-01,SKU-BEVERAGE-02,193,51.2,0,1,9,0
2024-07-29,Store-North-01,SKU-BEVERAGE-02,129,51.2,0,0,9,0
2024-07-30,Store-North-01,SKU-BEVERAGE-02,141,51.2,0,0,9,0
2024-07-31,Store-North-01,SKU-BEVERAGE-02,253,43.52,1,0,9,0
2024-08-01,Store-North-01,SKU-BEVERAGE-02,128,51.2,0,0,9,0
2024-08-02,Store-North-01,SKU-BEVERAGE-02,153,51.2,0,0,9,0
2024-08-03,Store-North-01,SKU-BEVERAGE-02,188,51.2,0,1,9,0
2024-08-04,Store-North-01,SKU-BEVERAGE-02,332,43.52,1,1,9,0
2024-08-05,Store-North-01,SKU-BEVERAGE-02,238,43.52,1,0,9,0
2024-08-06,Store-North-01,SKU-BEVERAGE-02,131,51.2,0,0,9,0
2024-08-07,Store-North-01,SKU-BEVERAGE-02,133,51.2,0,0,9,0
2024-08-08,Store-North-01,SKU-BEVERAGE-02,224,43.52,1,0,9,0
2024-08-09,Store-North-01,SKU-BEVERAGE-02,126,51.2,0,0,9,0
2024-08-10,Store-North-01,SKU-BEVERAGE-02,175,51.2,0,1,9,0
2024-08-11,Store-North-01,SKU-BEVERAGE-02,168,51.2,0,1,9,0
2024-08-12,Store-North-01,SKU-BEVERAGE-02,112,51.2,0,0,9,0
2024-08-13,Store-North-01,SKU-BEVERAGE-02,132,51.2,0,0,9,0
2024-08-14,Store-North-01,SKU-BEVERAGE-02,125,51.2,0,0,9,0
2024-08-15,Store-North-01,SKU-BEVERAGE-02,122,51.2,0,0,9,0
2024-08-16,Store-North-01,SKU-BEVERAGE-02,107,51.2,0,0,9,0
2024-08-17,Store-North-01,SKU-BEVERAGE-02,145,51.2,0,1,9,0
2024-08-18,Store-North-01,SKU-BEVERAGE-02,167,51.2,0,1,9,0
2024-08-19,Store-North-01,SKU-BEVERAGE-02,128,51.2,0,0,9,0
2024-08-20,Store-North-01,SKU-BEVERAGE-02,137,51.2,0,0,9,0
2024-08-21,Store-North-01,SKU-BEVERAGE-02,116,51.2,0,0,9,0
2024-08-22,Store-North-01,SKU-BEVERAGE-02,126,51.2,0,0,9,0
2024-08-23,Store-North-01,SKU-BEVERAGE-02,126,51.2,0,0,9,0
2024-08-24,Store-North-01,SKU-BEVERAGE-02,170,51.2,0,1,9,0
2024-08-25,Store-North-01,SKU-BEVERAGE-02,149,51.2,0,1,9,0
2024-08-26,Store-North-01,SKU-BEVERAGE-02,113,51.2,0,0,9,0
2024-08-27,Store-North-01,SKU-BEVERAGE-02,104,51.2,0,0,9,0
2024-08-28,Store-North-01,SKU-BEVERAGE-02,111,51.2,0,0,9,0
2024-08-29,Store-North-01,SKU-BEVERAGE-02,113,51.2,0,0,9,0
2024-08-30,Store-North-01,SKU-BEVERAGE-02,119,51.2,0,0,9,0
2024-08-31,Store-North-01,SKU-BEVERAGE-02,159,51.2,0,1,9,0
2024-09-01,Store-North-01,SKU-BEVERAGE-02,157,51.2,0,1,9,0
2024-09-02,Store-North-01,SKU-BEVERAGE-02,99,51.2,0,0,9,0
2024-09-03,Store-North-01,SKU-BEVERAGE-02,102,51.2,0,0,9,0
2024-09-04,Store-North-01,SKU-BEVERAGE-02,126,51.2,0,0,9,0
2024-09-05,Store-North-01,SKU-BEVERAGE-02,112,51.2,0,0,9,0
2024-09-06,Store-North-01,SKU-BEVERAGE-02,107,51.2,0,0,9,0
2024-09-07,Store-North-01,SKU-BEVERAGE-02,146,51.2,0,1,9,0
2024-09-08,Store-North-01,SKU-BEVERAGE-02,157,51.2,0,1,9,0
2024-09-09,Store-North-01,SKU-BEVERAGE-02,195,43.52,1,0,9,0
2024-09-10,Store-North-01,SKU-BEVERAGE-02,141,51.2,0,0,9,0
2024-09-11,Store-North-01,SKU-BEVERAGE-02,190,43.52,1,0,9,0
2024-09-12,Store-North-01,SKU-BEVERAGE-02,113,51.2,0,0,9,0
2024-09-13,Store-North-01,SKU-BEVERAGE-02,90,51.2,0,0,9,0
2024-09-14,Store-North-01,SKU-BEVERAGE-02,141,51.2,0,1,9,0
2024-09-15,Store-North-01,SKU-BEVERAGE-02,262,43.52,1,1,9,0
2024-09-16,Store-North-01,SKU-BEVERAGE-02,104,51.2,0,0,9,0
2024-09-17,Store-North-01,SKU-BEVERAGE-02,108,51.2,0,0,9,0
2024-09-18,Store-North-01,SKU-BEVERAGE-02,115,51.2,0,0,9,0
2024-09-19,Store-North-01,SKU-BEVERAGE-02,101,51.2,0,0,9,0
2024-09-20,Store-North-01,SKU-BEVERAGE-02,95,51.2,0,0,9,0
2024-09-21,Store-North-01,SKU-BEVERAGE-02,115,51.2,0,1,9,0
2024-09-22,Store-North-01,SKU-BEVERAGE-02,129,51.2,0,1,9,0
2024-09-23,Store-North-01,SKU-BEVERAGE-02,91,51.2,0,0,9,0
2024-09-24,Store-North-01,SKU-BEVERAGE-02,79,51.2,0,0,9,0
2024-09-25,Store-North-01,SKU-BEVERAGE-02,98,51.2,0,0,9,0
2024-09-26,Store-North-01,SKU-BEVERAGE-02,81,51.2,0,0,9,0
2024-09-27,Store-North-01,SKU-BEVERAGE-02,114,51.2,0,0,9,0
2024-09-28,Store-North-01,SKU-BEVERAGE-02,220,43.52,1,1,9,0
2024-09-29,Store-North-01,SKU-BEVERAGE-02,140,51.2,0,1,9,0
2024-09-30,Store-North-01,SKU-BEVERAGE-02,93,51.2,0,0,9,0
2024-10-01,Store-North-01,SKU-BEVERAGE-02,86,51.2,0,0,9,0
2024-10-02,Store-North-01,SKU-BEVERAGE-02,121,51.2,0,0,9,0
2024-10-03,Store-North-01,SKU-BEVERAGE-02,81,51.2,0,0,9,0
2024-10-04,Store-North-01,SKU-BEVERAGE-02,96,51.2,0,0,9,0
2024-10-05,Store-North-01,SKU-BEVERAGE-02,231,43.52,1,1,9,0
2024-10-06,Store-North-01,SKU-BEVERAGE-02,135,51.2,0,1,9,0
2024-10-07,Store-North-01,SKU-BEVERAGE-02,89,51.2,0,0,9,0
2024-10-08,Store-North-01,SKU-BEVERAGE-02,102,51.2,0,0,9,0
2024-10-09,Store-North-01,SKU-BEVERAGE-02,79,51.2,0,0,9,0
2024-10-10,Store-North-01,SKU-BEVERAGE-02,110,51.2,0,0,9,0
2024-10-11,Store-North-01,SKU-BEVERAGE-02,94,51.2,0,0,9,0
2024-10-12,Store-North-01,SKU-BEVERAGE-02,124,51.2,0,1,9,0
2024-10-13,Store-North-01,SKU-BEVERAGE-02,142,51.2,0,1,9,0
2024-10-14,Store-North-01,SKU-BEVERAGE-02,180,43.52,1,0,9,0
2024-10-15,Store-North-01,SKU-BEVERAGE-02,93,51.2,0,0,9,0
2024-10-16,Store-North-01,SKU-BEVERAGE-02,101,51.2,0,0,9,0
2024-10-17,Store-North-01,SKU-BEVERAGE-02,86,51.2,0,0,9,0
2024-10-18,Store-North-01,SKU-BEVERAGE-02,93,51.2,0,0,9,0
2024-10-19,Store-North-01,SKU-BEVERAGE-02,116,51.2,0,1,9,0
2024-10-20,Store-North-01,SKU-BEVERAGE-02,0,51.2,0,1,9,1
2024-10-21,Store-North-01,SKU-BEVERAGE-02,104,51.2,0,0,9,0
2024-10-22,Store-North-01,SKU-BEVERAGE-02,97,51.2,0,0,9,0
2024-10-23,Store-North-01,SKU-BEVERAGE-02,94,51.2,0,0,9,0
2024-10-24,Store-North-01,SKU-BEVERAGE-02,97,51.2,0,0,9,0
2024-10-25,Store-North-01,SKU-BEVERAGE-02,170,43.52,1,0,9,0
2024-10-26,Store-North-01,SKU-BEVERAGE-02,233,43.52,1,1,9,0
2024-10-27,Store-North-01,SKU-BEVERAGE-02,109,51.2,0,1,9,0
2024-10-28,Store-North-01,SKU-BEVERAGE-02,95,51.2,0,0,9,0
2024-10-29,Store-North-01,SKU-BEVERAGE-02,186,43.52,1,0,9,0
2024-10-30,Store-North-01,SKU-BEVERAGE-02,104,51.2,0,0,9,0
2024-10-31,Store-North-01,SKU-BEVERAGE-02,96,51.2,0,0,9,0
2024-11-01,Store-North-01,SKU-BEVERAGE-02,87,51.2,0,0,9,0
2024-11-02,Store-North-01,SKU-BEVERAGE-02,125,51.2,0,1,9,0
2024-11-03,Store-North-01,SKU-BEVERAGE-02,213,43.52,1,1,9,0
2024-11-04,Store-North-01,SKU-BEVERAGE-02,0,51.2,0,0,9,1
2024-11-05,Store-North-01,SKU-BEVERAGE-02,100,51.2,0,0,9,0
2024-11-06,Store-North-01,SKU-BEVERAGE-02,169,43.52,1,0,9,0
2024-11-07,Store-North-01,SKU-BEVERAGE-02,101,51.2,0,0,9,0
2024-11-08,Store-North-01,SKU-BEVERAGE-02,160,43.52,1,0,9,0
2024-11-09,Store-North-01,SKU-BEVERAGE-02,114,51.2,0,1,9,0
2024-11-10,Store-North-01,SKU-BEVERAGE-02,119,51.2,0,1,9,0
2024-11-11,Store-North-01,SKU-BEVERAGE-02,93,51.2,0,0,9,0
2024-11-12,Store-North-01,SKU-BEVERAGE-02,114,51.2,0,0,9,0
2024-11-13,Store-North-01,SKU-BEVERAGE-02,93,51.2,0,0,9,0
2024-11-14,Store-North-01,SKU-BEVERAGE-02,98,51.2,0,0,9,0
2024-11-15,Store-North-01,SKU-BEVERAGE-02,94,51.2,0,0,9,0
2024-11-16,Store-North-01,SKU-BEVERAGE-02,127,51.2,0,1,9,0
2024-11-17,Store-North-01,SKU-BEVERAGE-02,148,51.2,0,1,9,0
2024-11-18,Store-North-01,SKU-BEVERAGE-02,108,51.2,0,0,9,0
2024-11-19,Store-North-01,SKU-BEVERAGE-02,92,51.2,0,0,9,0
2024-11-20,Store-North-01,SKU-BEVERAGE-02,165,43.52,1,0,9,0
2024-11-21,Store-North-01,SKU-BEVERAGE-02,91,51.2,0,0,9,0
2024-11-22,Store-North-01,SKU-BEVERAGE-02,86,51.2,0,0,9,0
2024-11-23,Store-North-01,SKU-BEVERAGE-02,126,51.2,0,1,9,0
2024-11-24,Store-North-01,SKU-BEVERAGE-02,117,51.2,0,1,9,0
2024-11-25,Store-North-01,SKU-BEVERAGE-02,93,51.2,0,0,9,0
2024-11-26,Store-North-01,SKU-BEVERAGE-02,120,51.2,0,0,9,0
2024-11-27,Store-North-01,SKU-BEVERAGE-02,105,51.2,0,0,9,0
2024-11-28,Store-North-01,SKU-BEVERAGE-02,113,51.2,0,0,9,0
2024-11-29,Store-North-01,SKU-BEVERAGE-02,99,51.2,0,0,9,0
2024-11-30,Store-North-01,SKU-BEVERAGE-02,148,51.2,0,1,9,0
2024-12-01,Store-North-01,SKU-BEVERAGE-02,136,51.2,0,1,9,0
2024-12-02,Store-North-01,SKU-BEVERAGE-02,112,51.2,0,0,9,0
2024-12-03,Store-North-01,SKU-BEVERAGE-02,106,51.2,0,0,9,0
2024-12-04,Store-North-01,SKU-BEVERAGE-02,109,51.2,0,0,9,0
2024-12-05,Store-North-01,SKU-BEVERAGE-02,107,51.2,0,0,9,0
2024-12-06,Store-North-01,SKU-BEVERAGE-02,123,51.2,0,0,9,0
2024-12-07,Store-North-01,SKU-BEVERAGE-02,124,51.2,0,1,9,0
2024-12-08,Store-North-01,SKU-BEVERAGE-02,135,51.2,0,1,9,0
2024-12-09,Store-North-01,SKU-BEVERAGE-02,102,51.2,0,0,9,0
2024-12-10,Store-North-01,SKU-BEVERAGE-02,96,51.2,0,0,9,0
2024-12-11,Store-North-01,SKU-BEVERAGE-02,102,51.2,0,0,9,0
2024-12-12,Store-North-01,SKU-BEVERAGE-02,116,51.2,0,0,9,0
2024-12-13,Store-North-01,SKU-BEVERAGE-02,98,51.2,0,0,9,0
2024-12-14,Store-North-01,SKU-BEVERAGE-02,141,51.2,0,1,9,0
2024-12-15,Store-North-01,SKU-BEVERAGE-02,244,43.52,1,1,9,0
2024-12-16,Store-North-01,SKU-BEVERAGE-02,216,43.52,1,0,9,0
2024-12-17,Store-North-01,SKU-BEVERAGE-02,93,51.2,0,0,9,0
2024-12-18,Store-North-01,SKU-BEVERAGE-02,106,51.2,0,0,9,0
2024-12-19,Store-North-01,SKU-BEVERAGE-02,105,51.2,0,0,9,0
2024-12-20,Store-North-01,SKU-BEVERAGE-02,185,43.52,1,0,9,0
2024-12-21,Store-North-01,SKU-BEVERAGE-02,262,43.52,1,1,9,0
2024-12-22,Store-North-01,SKU-BEVERAGE-02,155,51.2,0,1,9,0
2024-12-23,Store-North-01,SKU-BEVERAGE-02,119,51.2,0,0,9,0
2024-12-24,Store-North-01,SKU-BEVERAGE-02,124,51.2,0,0,9,0
2024-12-25,Store-North-01,SKU-BEVERAGE-02,103,51.2,0,0,9,0
2024-12-26,Store-North-01,SKU-BEVERAGE-02,104,51.2,0,0,9,0
2024-12-27,Store-North-01,SKU-BEVERAGE-02,115,51.2,0,0,9,0
2024-12-28,Store-North-01,SKU-BEVERAGE-02,170,51.2,0,1,9,0
2024-12-29,Store-North-01,SKU-BEVERAGE-02,129,51.2,0,1,9,0
2024-12-30,Store-North-01,SKU-BEVERAGE-02,103,51.2,0,0,9,0
2024-12-31,Store-North-01,SKU-BEVERAGE-02,101,51.2,0,0,9,0
2025-01-01,Store-North-01,SKU-BEVERAGE-02,127,51.2,0,0,9,0
2025-01-02,Store-North-01,SKU-BEVERAGE-02,108,51.2,0,0,9,0
2025-01-03,Store-North-01,SKU-BEVERAGE-02,134,51.2,0,0,9,0
2025-01-04,Store-North-01,SKU-BEVERAGE-02,150,51.2,0,1,9,0
2025-01-05,Store-North-01,SKU-BEVERAGE-02,161,51.2,0,1,9,0
2025-01-06,Store-North-01,SKU-BEVERAGE-02,112,51.2,0,0,9,0
2025-01-07,Store-North-01,SKU-BEVERAGE-02,124,51.2,0,0,9,0
2025-01-08,Store-North-01,SKU-BEVERAGE-02,0,43.52,1,0,9,1
2025-01-09,Store-North-01,SKU-BEVERAGE-02,116,51.2,0,0,9,0
2025-01-10,Store-North-01,SKU-BEVERAGE-02,145,51.2,0,0,9,0
2025-01-11,Store-North-01,SKU-BEVERAGE-02,311,43.52,1,1,9,0
2025-01-12,Store-North-01,SKU-BEVERAGE-02,187,51.2,0,1,9,0
2025-01-13,Store-North-01,SKU-BEVERAGE-02,102,51.2,0,0,9,0
2025-01-14,Store-North-01,SKU-BEVERAGE-02,119,51.2,0,0,9,0
2025-01-15,Store-North-01,SKU-BEVERAGE-02,121,51.2,0,0,9,0
2025-01-16,Store-North-01,SKU-BEVERAGE-02,118,51.2,0,0,9,0
2025-01-17,Store-North-01,SKU-BEVERAGE-02,121,51.2,0,0,9,0
2025-01-18,Store-North-01,SKU-BEVERAGE-02,184,51.2,0,1,9,0
2025-01-19,Store-North-01,SKU-BEVERAGE-02,0,51.2,0,1,9,1
2025-01-20,Store-North-01,SKU-BEVERAGE-02,122,51.2,0,0,9,0
2025-01-21,Store-North-01,SKU-BEVERAGE-02,125,51.2,0,0,9,0
2025-01-22,Store-North-01,SKU-BEVERAGE-02,0,51.2,0,0,9,1
2025-01-23,Store-North-01,SKU-BEVERAGE-02,115,51.2,0,0,9,0
2025-01-24,Store-North-01,SKU-BEVERAGE-02,163,51.2,0,0,9,0
2025-01-25,Store-North-01,SKU-BEVERAGE-02,196,51.2,0,1,9,0
2025-01-26,Store-North-01,SKU-BEVERAGE-02,164,51.2,0,1,9,0
2025-01-27,Store-North-01,SKU-BEVERAGE-02,142,51.2,0,0,9,0
2025-01-28,Store-North-01,SKU-BEVERAGE-02,137,51.2,0,0,9,0
2025-01-29,Store-North-01,SKU-BEVERAGE-02,133,51.2,0,0,9,0
2025-01-30,Store-North-01,SKU-BEVERAGE-02,132,51.2,0,0,9,0
2025-01-31,Store-North-01,SKU-BEVERAGE-02,135,51.2,0,0,9,0
2025-02-01,Store-North-01,SKU-BEVERAGE-02,195,51.2,0,1,9,0
2025-02-02,Store-North-01,SKU-BEVERAGE-02,201,51.2,0,1,9,0
2025-02-03,Store-North-01,SKU-BEVERAGE-02,142,51.2,0,0,9,0
2025-02-04,Store-North-01,SKU-BEVERAGE-02,135,51.2,0,0,9,0
2025-02-05,Store-North-01,SKU-BEVERAGE-02,137,51.2,0,0,9,0
2025-02-06,Store-North-01,SKU-BEVERAGE-02,128,51.2,0,0,9,0
2025-02-07,Store-North-01,SKU-BEVERAGE-02,133,51.2,0,0,9,0
2025-02-08,Store-North-01,SKU-BEVERAGE-02,225,51.2,0,1,9,0
2025-02-09,Store-North-01,SKU-BEVERAGE-02,192,51.2,0,1,9,0
2025-02-10,Store-North-01,SKU-BEVERAGE-02,0,51.2,0,0,9,1
2025-02-11,Store-North-01,SKU-BEVERAGE-02,266,43.52,1,0,9,0
2025-02-12,Store-North-01,SKU-BEVERAGE-02,152,51.2,0,0,9,0
2025-02-13,Store-North-01,SKU-BEVERAGE-02,139,51.2,0,0,9,0
2025-02-14,Store-North-01,SKU-BEVERAGE-02,129,51.2,0,0,9,0
2025-02-15,Store-North-01,SKU-BEVERAGE-02,193,51.2,0,1,9,0
2025-02-16,Store-North-01,SKU-BEVERAGE-02,216,51.2,0,1,9,0
2025-02-17,Store-North-01,SKU-BEVERAGE-02,135,51.2,0,0,9,0
2025-02-18,Store-North-01,SKU-BEVERAGE-02,149,51.2,0,0,9,0
2025-02-19,Store-North-01,SKU-BEVERAGE-02,118,51.2,0,0,9,0
2025-02-20,Store-North-01,SKU-BEVERAGE-02,155,51.2,0,0,9,0
2025-02-21,Store-North-01,SKU-BEVERAGE-02,173,51.2,0,0,9,0
2025-02-22,Store-North-01,SKU-BEVERAGE-02,379,43.52,1,1,9,0
2025-02-23,Store-North-01,SKU-BEVERAGE-02,207,51.2,0,1,9,0
2025-02-24,Store-North-01,SKU-BEVERAGE-02,162,51.2,0,0,9,0
2025-02-25,Store-North-01,SKU-BEVERAGE-02,157,51.2,0,0,9,0
2025-02-26,Store-North-01,SKU-BEVERAGE-02,147,51.2,0,0,9,0
2025-02-27,Store-North-01,SKU-BEVERAGE-02,141,51.2,0,0,9,0
2025-02-28,Store-North-01,SKU-BEVERAGE-02,152,51.2,0,0,9,0
2025-03-01,Store-North-01,SKU-BEVERAGE-02,209,51.2,0,1,9,0
2025-03-02,Store-North-01,SKU-BEVERAGE-02,377,43.52,1,1,9,0
2025-03-03,Store-North-01,SKU-BEVERAGE-02,284,43.52,1,0,9,0
2025-03-04,Store-North-01,SKU-BEVERAGE-02,288,43.52,1,0,9,0
2025-03-05,Store-North-01,SKU-BEVERAGE-02,135,51.2,0,0,9,0
2025-03-06,Store-North-01,SKU-BEVERAGE-02,146,51.2,0,0,9,0
2025-03-07,Store-North-01,SKU-BEVERAGE-02,0,43.52,1,0,9,1
2025-03-08,Store-North-01,SKU-BEVERAGE-02,408,43.52,1,1,9,0
2025-03-09,Store-North-01,SKU-BEVERAGE-02,232,51.2,0,1,9,0
2025-03-10,Store-North-01,SKU-BEVERAGE-02,286,43.52,1,0,9,0
2025-03-11,Store-North-01,SKU-BEVERAGE-02,154,51.2,0,0,9,0
2025-03-12,Store-North-01,SKU-BEVERAGE-02,295,43.52,1,0,9,0
2025-03-13,Store-North-01,SKU-BEVERAGE-02,160,51.2,0,0,9,0
2025-03-14,Store-North-01,SKU-BEVERAGE-02,155,51.2,0,0,9,0
2025-03-15,Store-North-01,SKU-BEVERAGE-02,244,51.2,0,1,9,0
2025-03-16,Store-North-01,SKU-BEVERAGE-02,214,51.2,0,1,9,0
2025-03-17,Store-North-01,SKU-BEVERAGE-02,144,51.2,0,0,9,0
2025-03-18,Store-North-01,SKU-BEVERAGE-02,168,51.2,0,0,9,0
2025-03-19,Store-North-01,SKU-BEVERAGE-02,167,51.2,0,0,9,0
2025-03-20,Store-North-01,SKU-BEVERAGE-02,162,51.2,0,0,9,0
2025-03-21,Store-North-01,SKU-BEVERAGE-02,170,51.2,0,0,9,0
2025-03-22,Store-North-01,SKU-BEVERAGE-02,248,51.2,0,1,9,0
2025-03-23,Store-North-01,SKU-BEVERAGE-02,209,51.2,0,1,9,0
2025-03-24,Store-North-01,SKU-BEVERAGE-02,171,51.2,0,0,9,0
2025-03-25,Store-North-01,SKU-BEVERAGE-02,155,51.2,0,0,9,0
2025-03-26,Store-North-01,SKU-BEVERAGE-02,0,51.2,0,0,9,1
2025-03-27,Store-North-01,SKU-BEVERAGE-02,300,43.52,1,0,9,0
2025-03-28,Store-North-01,SKU-BEVERAGE-02,305,43.52,1,0,9,0
2025-03-29,Store-North-01,SKU-BEVERAGE-02,209,51.2,0,1,9,0
2025-03-30,Store-North-01,SKU-BEVERAGE-02,237,51.2,0,1,9,0
2025-03-31,Store-North-01,SKU-BEVERAGE-02,163,51.2,0,0,9,0
2025-04-01,Store-North-01,SKU-BEVERAGE-02,158,51.2,0,0,9,0
2025-04-02,Store-North-01,SKU-BEVERAGE-02,301,43.52,1,0,9,0
2025-04-03,Store-North-01,SKU-BEVERAGE-02,176,51.2,0,0,9,0
2025-04-04,Store-North-01,SKU-BEVERAGE-02,184,51.2,0,0,9,0
2025-04-05,Store-North-01,SKU-BEVERAGE-02,265,51.2,0,1,9,0
2025-04-06,Store-North-01,SKU-BEVERAGE-02,227,51.2,0,1,9,0
2025-04-07,Store-North-01,SKU-BEVERAGE-02,161,51.2,0,0,9,0
2025-04-08,Store-North-01,SKU-BEVERAGE-02,158,51.2,0,0,9,0
2025-04-09,Store-North-01,SKU-BEVERAGE-02,315,43.52,1,0,9,0
2025-04-10,Store-North-01,SKU-BEVERAGE-02,179,51.2,0,0,9,0
2025-04-11,Store-North-01,SKU-BEVERAGE-02,173,51.2,0,0,9,0
2025-04-12,Store-North-01,SKU-BEVERAGE-02,193,51.2,0,1,9,0
2025-04-13,Store-North-01,SKU-BEVERAGE-02,234,51.2,0,1,9,0
2025-04-14,Store-North-01,SKU-BEVERAGE-02,186,51.2,0,0,9,0
2025-04-15,Store-North-01,SKU-BEVERAGE-02,169,51.2,0,0,9,0
2025-04-16,Store-North-01,SKU-BEVERAGE-02,336,43.52,1,0,9,0
2025-04-17,Store-North-01,SKU-BEVERAGE-02,171,51.2,0,0,9,0
2025-04-18,Store-North-01,SKU-BEVERAGE-02,177,51.2,0,0,9,0
2025-04-19,Store-North-01,SKU-BEVERAGE-02,226,51.2,0,1,9,0
2025-04-20,Store-North-01,SKU-BEVERAGE-02,221,51.2,0,1,9,0
2025-04-21,Store-North-01,SKU-BEVERAGE-02,174,51.2,0,0,9,0
2025-04-22,Store-North-01,SKU-BEVERAGE-02,202,51.2,0,0,9,0
2025-04-23,Store-North-01,SKU-BEVERAGE-02,161,51.2,0,0,9,0
2025-04-24,Store-North-01,SKU-BEVERAGE-02,155,51.2,0,0,9,0
2025-04-25,Store-North-01,SKU-BEVERAGE-02,141,51.2,0,0,9,0
2025-04-26,Store-North-01,SKU-BEVERAGE-02,235,51.2,0,1,9,0
2025-04-27,Store-North-01,SKU-BEVERAGE-02,444,43.52,1,1,9,0
2025-04-28,Store-North-01,SKU-BEVERAGE-02,173,51.2,0,0,9,0
2025-04-29,Store-North-01,SKU-BEVERAGE-02,194,51.2,0,0,9,0
2025-04-30,Store-North-01,SKU-BEVERAGE-02,199,51.2,0,0,9,0
2025-05-01,Store-North-01,SKU-BEVERAGE-02,167,51.2,0,0,9,0
2025-05-02,Store-North-01,SKU-BEVERAGE-02,167,51.2,0,0,9,0
2025-05-03,Store-North-01,SKU-BEVERAGE-02,204,51.2,0,1,9,0
2025-05-04,Store-North-01,SKU-BEVERAGE-02,234,51.2,0,1,9,0
2025-05-05,Store-North-01,SKU-BEVERAGE-02,154,51.2,0,0,9,0
2025-05-06,Store-North-01,SKU-BEVERAGE-02,169,51.2,0,0,9,0
2025-05-07,Store-North-01,SKU-BEVERAGE-02,287,43.52,1,0,9,0
2025-05-08,Store-North-01,SKU-BEVERAGE-02,173,51.2,0,0,9,0
2025-05-09,Store-North-01,SKU-BEVERAGE-02,167,51.2,0,0,9,0
2025-05-10,Store-North-01,SKU-BEVERAGE-02,255,51.2,0,1,9,0
2025-05-11,Store-North-01,SKU-BEVERAGE-02,238,51.2,0,1,9,0
2025-05-12,Store-North-01,SKU-BEVERAGE-02,179,51.2,0,0,9,0
2025-05-13,Store-North-01,SKU-BEVERAGE-02,170,51.2,0,0,9,0
2025-05-14,Store-North-01,SKU-BEVERAGE-02,174,51.2,0,0,9,0
2025-05-15,Store-North-01,SKU-BEVERAGE-02,187,51.2,0,0,9,0
2025-05-16,Store-North-01,SKU-BEVERAGE-02,164,51.2,0,0,9,0
2025-05-17,Store-North-01,SKU-BEVERAGE-02,232,51.2,0,1,9,0
2025-05-18,Store-North-01,SKU-BEVERAGE-02,215,51.2,0,1,9,0
2025-05-19,Store-North-01,SKU-BEVERAGE-02,182,51.2,0,0,9,0
2025-05-20,Store-North-01,SKU-BEVERAGE-02,169,51.2,0,0,9,0
2025-05-21,Store-North-01,SKU-BEVERAGE-02,206,51.2,0,0,9,0
2025-05-22,Store-North-01,SKU-BEVERAGE-02,166,51.2,0,0,9,0
2025-05-23,Store-North-01,SKU-BEVERAGE-02,182,51.2,0,0,9,0
2025-05-24,Store-North-01,SKU-BEVERAGE-02,226,51.2,0,1,9,0
2025-05-25,Store-North-01,SKU-BEVERAGE-02,217,51.2,0,1,9,0
2025-05-26,Store-North-01,SKU-BEVERAGE-02,170,51.2,0,0,9,0
2025-05-27,Store-North-01,SKU-BEVERAGE-02,179,51.2,0,0,9,0
2025-05-28,Store-North-01,SKU-BEVERAGE-02,317,43.52,1,0,9,0
2025-05-29,Store-North-01,SKU-BEVERAGE-02,0,51.2,0,0,9,1
2025-05-30,Store-North-01,SKU-BEVERAGE-02,169,51.2,0,0,9,0
2025-05-31,Store-North-01,SKU-BEVERAGE-02,202,51.2,0,1,9,0
2025-06-01,Store-North-01,SKU-BEVERAGE-02,231,51.2,0,1,9,0
2025-06-02,Store-North-01,SKU-BEVERAGE-02,158,51.2,0,0,9,0
2025-06-03,Store-North-01,SKU-BEVERAGE-02,164,51.2,0,0,9,0
2025-06-04,Store-North-01,SKU-BEVERAGE-02,181,51.2,0,0,9,0
2025-06-05,Store-North-01,SKU-BEVERAGE-02,159,51.2,0,0,9,0
2025-06-06,Store-North-01,SKU-BEVERAGE-02,183,51.2,0,0,9,0
2025-06-07,Store-North-01,SKU-BEVERAGE-02,0,51.2,0,1,9,1
2025-06-08,Store-North-01,SKU-BEVERAGE-02,218,51.2,0,1,9,0
2025-06-09,Store-North-01,SKU-BEVERAGE-02,180,51.2,0,0,9,0
2025-06-10,Store-North-01,SKU-BEVERAGE-02,155,51.2,0,0,9,0
2025-06-11,Store-North-01,SKU-BEVERAGE-02,151,51.2,0,0,9,0
2025-06-12,Store-North-01,SKU-BEVERAGE-02,164,51.2,0,0,9,0
2025-06-13,Store-North-01,SKU-BEVERAGE-02,167,51.2,0,0,9,0
2025-06-14,Store-North-01,SKU-BEVERAGE-02,383,43.52,1,1,9,0
2025-06-15,Store-North-01,SKU-BEVERAGE-02,222,51.2,0,1,9,0
2025-06-16,Store-North-01,SKU-BEVERAGE-02,180,51.2,0,0,9,0
2025-06-17,Store-North-01,SKU-BEVERAGE-02,176,51.2,0,0,9,0
2025-06-18,Store-North-01,SKU-BEVERAGE-02,177,51.2,0,0,9,0
2025-06-19,Store-North-01,SKU-BEVERAGE-02,163,51.2,0,0,9,0
2025-06-20,Store-North-01,SKU-BEVERAGE-02,287,43.52,1,0,9,0
2025-06-21,Store-North-01,SKU-BEVERAGE-02,226,51.2,0,1,9,0
2025-06-22,Store-North-01,SKU-BEVERAGE-02,366,43.52,1,1,9,0
2025-06-23,Store-North-01,SKU-BEVERAGE-02,141,51.2,0,0,9,0
2025-06-24,Store-North-01,SKU-BEVERAGE-02,164,51.2,0,0,9,0
2025-06-25,Store-North-01,SKU-BEVERAGE-02,273,43.52,1,0,9,0
2025-06-26,Store-North-01,SKU-BEVERAGE-02,184,51.2,0,0,9,0
2025-06-27,Store-North-01,SKU-BEVERAGE-02,140,51.2,0,0,9,0
2025-06-28,Store-North-01,SKU-BEVERAGE-02,201,51.2,0,1,9,0
2025-06-29,Store-North-01,SKU-BEVERAGE-02,392,43.52,1,1,9,0
2025-06-30,Store-North-01,SKU-BEVERAGE-02,200,51.2,0,0,9,0
2025-07-01,Store-North-01,SKU-BEVERAGE-02,161,51.2,0,0,9,0
2025-07-02,Store-North-01,SKU-BEVERAGE-02,0,51.2,0,0,9,1
2025-07-03,Store-North-01,SKU-BEVERAGE-02,167,51.2,0,0,9,0
2025-07-04,Store-North-01,SKU-BEVERAGE-02,273,43.52,1,0,9,0
2025-07-05,Store-North-01,SKU-BEVERAGE-02,198,51.2,0,1,9,0
2025-07-06,Store-North-01,SKU-BEVERAGE-02,199,51.2,0,1,9,0
2025-07-07,Store-North-01,SKU-BEVERAGE-02,157,51.2,0,0,9,0
2025-07-08,Store-North-01,SKU-BEVERAGE-02,0,51.2,0,0,9,1
2025-07-09,Store-North-01,SKU-BEVERAGE-02,166,51.2,0,0,9,0
2025-07-10,Store-North-01,SKU-BEVERAGE-02,128,51.2,0,0,9,0
2025-07-11,Store-North-01,SKU-BEVERAGE-02,146,51.2,0,0,9,0
2025-07-12,Store-North-01,SKU-BEVERAGE-02,202,51.2,0,1,9,0
2025-07-13,Store-North-01,SKU-BEVERAGE-02,214,51.2,0,1,9,0
2025-07-14,Store-North-01,SKU-BEVERAGE-02,145,51.2,0,0,9,0
2025-07-15,Store-North-01,SKU-BEVERAGE-02,276,43.52,1,0,9,0
2025-07-16,Store-North-01,SKU-BEVERAGE-02,133,51.2,0,0,9,0
2025-07-17,Store-North-01,SKU-BEVERAGE-02,147,51.2,0,0,9,0
2025-07-18,Store-North-01,SKU-BEVERAGE-02,0,51.2,0,0,9,1
2025-07-19,Store-North-01,SKU-BEVERAGE-02,199,51.2,0,1,9,0
2025-07-20,Store-North-01,SKU-BEVERAGE-02,180,51.2,0,1,9,0
2025-07-21,Store-North-01,SKU-BEVERAGE-02,148,51.2,0,0,9,0
2025-07-22,Store-North-01,SKU-BEVERAGE-02,129,51.2,0,0,9,0
2025-07-23,Store-North-01,SKU-BEVERAGE-02,145,51.2,0,0,9,0
2025-07-24,Store-North-01,SKU-BEVERAGE-02,154,51.2,0,0,9,0
2025-07-25,Store-North-01,SKU-BEVERAGE-02,169,51.2,0,0,9,0
2025-07-26,Store-North-01,SKU-BEVERAGE-02,196,51.2,0,1,9,0
2025-07-27,Store-North-01,SKU-BEVERAGE-02,209,51.2,0,1,9,0
2025-07-28,Store-North-01,SKU-BEVERAGE-02,137,51.2,0,0,9,0
2025-07-29,Store-North-01,SKU-BEVERAGE-02,127,51.2,0,0,9,0
2025-07-30,Store-North-01,SKU-BEVERAGE-02,145,51.2,0,0,9,0
2025-07-31,Store-North-01,SKU-BEVERAGE-02,128,51.2,0,0,9,0
2025-08-01,Store-North-01,SKU-BEVERAGE-02,154,51.2,0,0,9,0
2025-08-02,Store-North-01,SKU-BEVERAGE-02,334,43.52,1,1,9,0
2025-08-03,Store-North-01,SKU-BEVERAGE-02,178,51.2,0,1,9,0
2025-08-04,Store-North-01,SKU-BEVERAGE-02,121,51.2,0,0,9,0
2025-08-05,Store-North-01,SKU-BEVERAGE-02,115,51.2,0,0,9,0
2025-08-06,Store-North-01,SKU-BEVERAGE-02,116,51.2,0,0,9,0
2025-08-07,Store-North-01,SKU-BEVERAGE-02,251,43.52,1,0,9,0
2025-08-08,Store-North-01,SKU-BEVERAGE-02,136,51.2,0,0,9,0
2025-08-09,Store-North-01,SKU-BEVERAGE-02,193,51.2,0,1,9,0
2025-08-10,Store-North-01,SKU-BEVERAGE-02,158,51.2,0,1,9,0
2025-08-11,Store-North-01,SKU-BEVERAGE-02,119,51.2,0,0,9,0
2025-08-12,Store-North-01,SKU-BEVERAGE-02,145,51.2,0,0,9,0
2025-08-13,Store-North-01,SKU-BEVERAGE-02,124,51.2,0,0,9,0
2025-08-14,Store-North-01,SKU-BEVERAGE-02,148,51.2,0,0,9,0
2025-08-15,Store-North-01,SKU-BEVERAGE-02,116,51.2,0,0,9,0
2025-08-16,Store-North-01,SKU-BEVERAGE-02,173,51.2,0,1,9,0
2025-08-17,Store-North-01,SKU-BEVERAGE-02,172,51.2,0,1,9,0
2025-08-18,Store-North-01,SKU-BEVERAGE-02,128,51.2,0,0,9,0
2025-08-19,Store-North-01,SKU-BEVERAGE-02,210,43.52,1,0,9,0
2025-08-20,Store-North-01,SKU-BEVERAGE-02,114,51.2,0,0,9,0
2025-08-21,Store-North-01,SKU-BEVERAGE-02,121,51.2,0,0,9,0
2025-08-22,Store-North-01,SKU-BEVERAGE-02,151,51.2,0,0,9,0
2025-08-23,Store-North-01,SKU-BEVERAGE-02,279,43.52,1,1,9,0
2025-08-24,Store-North-01,SKU-BEVERAGE-02,296,43.52,1,1,9,0
2025-08-25,Store-North-01,SKU-BEVERAGE-02,130,51.2,0,0,9,0
2025-08-26,Store-North-01,SKU-BEVERAGE-02,192,43.52,1,0,9,0
2025-08-27,Store-North-01,SKU-BEVERAGE-02,130,51.2,0,0,9,0
2025-08-28,Store-North-01,SKU-BEVERAGE-02,105,51.2,0,0,9,0
2025-08-29,Store-North-01,SKU-BEVERAGE-02,203,43.52,1,0,9,0
2025-08-30,Store-North-01,SKU-BEVERAGE-02,168,51.2,0,1,9,0
2025-08-31,Store-North-01,SKU-BEVERAGE-02,172,51.2,0,1,9,0
2025-09-01,Store-North-01,SKU-BEVERAGE-02,111,51.2,0,0,9,0
2025-09-02,Store-North-01,SKU-BEVERAGE-02,223,43.52,1,0,9,0
2025-09-03,Store-North-01,SKU-BEVERAGE-02,107,51.2,0,0,9,0
2025-09-04,Store-North-01,SKU-BEVERAGE-02,109,51.2,0,0,9,0
2025-09-05,Store-North-01,SKU-BEVERAGE-02,0,43.52,1,0,9,1
2025-09-06,Store-North-01,SKU-BEVERAGE-02,158,51.2,0,1,9,0
2025-09-07,Store-North-01,SKU-BEVERAGE-02,162,51.2,0,1,9,0
2025-09-08,Store-North-01,SKU-BEVERAGE-02,114,51.2,0,0,9,0
2025-09-09,Store-North-01,SKU-BEVERAGE-02,123,51.2,0,0,9,0
2025-09-10,Store-North-01,SKU-BEVERAGE-02,99,51.2,0,0,9,0
2025-09-11,Store-North-01,SKU-BEVERAGE-02,108,51.2,0,0,9,0
2025-09-12,Store-North-01,SKU-BEVERAGE-02,118,51.2,0,0,9,0
2025-09-13,Store-North-01,SKU-BEVERAGE-02,145,51.2,0,1,9,0
2025-09-14,Store-North-01,SKU-BEVERAGE-02,164,51.2,0,1,9,0
2025-09-15,Store-North-01,SKU-BEVERAGE-02,110,51.2,0,0,9,0
2025-09-16,Store-North-01,SKU-BEVERAGE-02,90,51.2,0,0,9,0
2025-09-17,Store-North-01,SKU-BEVERAGE-02,96,51.2,0,0,9,0
2025-09-18,Store-North-01,SKU-BEVERAGE-02,111,51.2,0,0,9,0
2025-09-19,Store-North-01,SKU-BEVERAGE-02,179,43.52,1,0,9,0
2025-09-20,Store-North-01,SKU-BEVERAGE-02,128,51.2,0,1,9,0
2025-09-21,Store-North-01,SKU-BEVERAGE-02,150,51.2,0,1,9,0
2025-09-22,Store-North-01,SKU-BEVERAGE-02,85,51.2,0,0,9,0
2025-09-23,Store-North-01,SKU-BEVERAGE-02,99,51.2,0,0,9,0
2025-09-24,Store-North-01,SKU-BEVERAGE-02,94,51.2,0,0,9,0
2025-09-25,Store-North-01,SKU-BEVERAGE-02,130,51.2,0,0,9,0
2025-09-26,Store-North-01,SKU-BEVERAGE-02,190,43.52,1,0,9,0
2025-09-27,Store-North-01,SKU-BEVERAGE-02,147,51.2,0,1,9,0
2025-09-28,Store-North-01,SKU-BEVERAGE-02,129,51.2,0,1,9,0
2025-09-29,Store-North-01,SKU-BEVERAGE-02,97,51.2,0,0,9,0
2025-09-30,Store-North-01,SKU-BEVERAGE-02,99,51.2,0,0,9,0
2025-10-01,Store-North-01,SKU-BEVERAGE-02,206,43.52,1,0,9,0
2025-10-02,Store-North-01,SKU-BEVERAGE-02,109,51.2,0,0,9,0
2025-10-03,Store-North-01,SKU-BEVERAGE-02,77,51.2,0,0,9,0
2025-10-04,Store-North-01,SKU-BEVERAGE-02,138,51.2,0,1,9,0
2025-10-05,Store-North-01,SKU-BEVERAGE-02,220,43.52,1,1,9,0
2025-10-06,Store-North-01,SKU-BEVERAGE-02,0,51.2,0,0,9,1
2025-10-07,Store-North-01,SKU-BEVERAGE-02,97,51.2,0,0,9,0
2025-10-08,Store-North-01,SKU-BEVERAGE-02,98,51.2,0,0,9,0
2025-10-09,Store-North-01,SKU-BEVERAGE-02,102,51.2,0,0,9,0
2025-10-10,Store-North-01,SKU-BEVERAGE-02,97,51.2,0,0,9,0
2025-10-11,Store-North-01,SKU-BEVERAGE-02,142,51.2,0,1,9,0
2025-10-12,Store-North-01,SKU-BEVERAGE-02,129,51.2,0,1,9,0
2025-10-13,Store-North-01,SKU-BEVERAGE-02,98,51.2,0,0,9,0
2025-10-14,Store-North-01,SKU-BEVERAGE-02,108,51.2,0,0,9,0
2025-10-15,Store-North-01,SKU-BEVERAGE-02,109,51.2,0,0,9,0
2025-10-16,Store-North-01,SKU-BEVERAGE-02,177,43.52,1,0,9,0
2025-10-17,Store-North-01,SKU-BEVERAGE-02,100,51.2,0,0,9,0
2025-10-18,Store-North-01,SKU-BEVERAGE-02,114,51.2,0,1,9,0
2025-10-19,Store-North-01,SKU-BEVERAGE-02,126,51.2,0,1,9,0
2025-10-20,Store-North-01,SKU-BEVERAGE-02,81,51.2,0,0,9,0
2025-10-21,Store-North-01,SKU-BEVERAGE-02,95,51.2,0,0,9,0
2025-10-22,Store-North-01,SKU-BEVERAGE-02,106,51.2,0,0,9,0
2025-10-23,Store-North-01,SKU-BEVERAGE-02,106,51.2,0,0,9,0
2025-10-24,Store-North-01,SKU-BEVERAGE-02,94,51.2,0,0,9,0
2025-10-25,Store-North-01,SKU-BEVERAGE-02,127,51.2,0,1,9,0
2025-10-26,Store-North-01,SKU-BEVERAGE-02,153,51.2,0,1,9,0
2025-10-27,Store-North-01,SKU-BEVERAGE-02,89,51.2,0,0,9,0
2025-10-28,Store-North-01,SKU-BEVERAGE-02,96,51.2,0,0,9,0
2025-10-29,Store-North-01,SKU-BEVERAGE-02,91,51.2,0,0,9,0
2025-10-30,Store-North-01,SKU-BEVERAGE-02,102,51.2,0,0,9,0
2025-10-31,Store-North-01,SKU-BEVERAGE-02,167,43.52,1,0,9,0
2025-11-01,Store-North-01,SKU-BEVERAGE-02,117,51.2,0,1,9,0
2025-11-02,Store-North-01,SKU-BEVERAGE-02,117,51.2,0,1,9,0
2025-11-03,Store-North-01,SKU-BEVERAGE-02,89,51.2,0,0,9,0
2025-11-04,Store-North-01,SKU-BEVERAGE-02,94,51.2,0,0,9,0
2025-11-05,Store-North-01,SKU-BEVERAGE-02,112,51.2,0,0,9,0
2025-11-06,Store-North-01,SKU-BEVERAGE-02,88,51.2,0,0,9,0
2025-11-07,Store-North-01,SKU-BEVERAGE-02,183,43.52,1,0,9,0
2025-11-08,Store-North-01,SKU-BEVERAGE-02,115,51.2,0,1,9,0
2025-11-09,Store-North-01,SKU-BEVERAGE-02,0,51.2,0,1,9,1
2025-11-10,Store-North-01,SKU-BEVERAGE-02,168,43.52,1,0,9,0
2025-11-11,Store-North-01,SKU-BEVERAGE-02,94,51.2,0,0,9,0
2025-11-12,Store-North-01,SKU-BEVERAGE-02,104,51.2,0,0,9,0
2025-11-13,Store-North-01,SKU-BEVERAGE-02,99,51.2,0,0,9,0
2025-11-14,Store-North-01,SKU-BEVERAGE-02,74,51.2,0,0,9,0
2025-11-15,Store-North-01,SKU-BEVERAGE-02,244,43.52,1,1,9,0
2025-11-16,Store-North-01,SKU-BEVERAGE-02,116,51.2,0,1,9,0
2025-11-17,Store-North-01,SKU-BEVERAGE-02,89,51.2,0,0,9,0
2025-11-18,Store-North-01,SKU-BEVERAGE-02,76,51.2,0,0,9,0
2025-11-19,Store-North-01,SKU-BEVERAGE-02,97,51.2,0,0,9,0
2025-11-20,Store-North-01,SKU-BEVERAGE-02,87,51.2,0,0,9,0
2025-11-21,Store-North-01,SKU-BEVERAGE-02,106,51.2,0,0,9,0
2025-11-22,Store-North-01,SKU-BEVERAGE-02,138,51.2,0,1,9,0
2025-11-23,Store-North-01,SKU-BEVERAGE-02,138,51.2,0,1,9,0
2025-11-24,Store-North-01,SKU-BEVERAGE-02,89,51.2,0,0,9,0
2025-11-25,Store-North-01,SKU-BEVERAGE-02,115,51.2,0,0,9,0
2025-11-26,Store-North-01,SKU-BEVERAGE-02,91,51.2,0,0,9,0
2025-11-27,Store-North-01,SKU-BEVERAGE-02,178,43.52,1,0,9,0
2025-11-28,Store-North-01,SKU-BEVERAGE-02,108,51.2,0,0,9,0
2025-11-29,Store-North-01,SKU-BEVERAGE-02,130,51.2,0,1,9,0
2025-11-30,Store-North-01,SKU-BEVERAGE-02,123,51.2,0,1,9,0
2025-12-01,Store-North-01,SKU-BEVERAGE-02,109,51.2,0,0,9,0
2025-12-02,Store-North-01,SKU-BEVERAGE-02,102,51.2,0,0,9,0
2025-12-03,Store-North-01,SKU-BEVERAGE-02,105,51.2,0,0,9,0
2025-12-04,Store-North-01,SKU-BEVERAGE-02,119,51.2,0,0,9,0
2025-12-05,Store-North-01,SKU-BEVERAGE-02,110,51.2,0,0,9,0
2025-12-06,Store-North-01,SKU-BEVERAGE-02,146,51.2,0,1,9,0
2025-12-07,Store-North-01,SKU-BEVERAGE-02,133,51.2,0,1,9,0
2025-12-08,Store-North-01,SKU-BEVERAGE-02,106,51.2,0,0,9,0
2025-12-09,Store-North-01,SKU-BEVERAGE-02,89,51.2,0,0,9,0
2025-12-10,Store-North-01,SKU-BEVERAGE-02,116,51.2,0,0,9,0
2025-12-11,Store-North-01,SKU-BEVERAGE-02,180,43.52,1,0,9,0
2025-12-12,Store-North-01,SKU-BEVERAGE-02,85,51.2,0,0,9,0
2025-12-13,Store-North-01,SKU-BEVERAGE-02,133,51.2,0,1,9,0
2025-12-14,Store-North-01,SKU-BEVERAGE-02,155,51.2,0,1,9,0
2025-12-15,Store-North-01,SKU-BEVERAGE-02,96,51.2,0,0,9,0
2025-12-16,Store-North-01,SKU-BEVERAGE-02,94,51.2,0,0,9,0
2025-12-17,Store-North-01,SKU-BEVERAGE-02,120,51.2,0,0,9,0
2025-12-18,Store-North-01,SKU-BEVERAGE-02,203,43.52,1,0,9,0
2025-12-19,Store-North-01,SKU-BEVERAGE-02,108,51.2,0,0,9,0
2025-12-20,Store-North-01,SKU-BEVERAGE-02,142,51.2,0,1,9,0
2025-12-21,Store-North-01,SKU-BEVERAGE-02,142,51.2,0,1,9,0
2025-12-22,Store-North-01,SKU-BEVERAGE-02,103,51.2,0,0,9,0
2025-12-23,Store-North-01,SKU-BEVERAGE-02,115,51.2,0,0,9,0
2025-12-24,Store-North-01,SKU-BEVERAGE-02,112,51.2,0,0,9,0
2025-12-25,Store-North-01,SKU-BEVERAGE-02,135,51.2,0,0,9,0
2025-12-26,Store-North-01,SKU-BEVERAGE-02,203,43.52,1,0,9,0
2025-12-27,Store-North-01,SKU-BEVERAGE-02,138,51.2,0,1,9,0
2025-12-28,Store-North-01,SKU-BEVERAGE-02,143,51.2,0,1,9,0
2025-12-29,Store-North-01,SKU-BEVERAGE-02,111,51.2,0,0,9,0
2025-12-30,Store-North-01,SKU-BEVERAGE-02,0,51.2,0,0,9,1
2025-12-31,Store-North-01,SKU-BEVERAGE-02,133,51.2,0,0,9,0
2024-01-01,Store-North-01,SKU-APPAREL-03,69,114.23,0,0,8,0
2024-01-02,Store-North-01,SKU-APPAREL-03,72,114.23,0,0,8,0
2024-01-03,Store-North-01,SKU-APPAREL-03,72,114.23,0,0,8,0
2024-01-04,Store-North-01,SKU-APPAREL-03,70,114.23,0,0,8,0
2024-01-05,Store-North-01,SKU-APPAREL-03,52,114.23,0,0,8,0
2024-01-06,Store-North-01,SKU-APPAREL-03,99,114.23,0,1,8,0
2024-01-07,Store-North-01,SKU-APPAREL-03,106,114.23,0,1,8,0
2024-01-08,Store-North-01,SKU-APPAREL-03,74,114.23,0,0,8,0
2024-01-09,Store-North-01,SKU-APPAREL-03,81,114.23,0,0,8,0
2024-01-10,Store-North-01,SKU-APPAREL-03,73,114.23,0,0,8,0
2024-01-11,Store-North-01,SKU-APPAREL-03,0,114.23,0,0,8,1
2024-01-12,Store-North-01,SKU-APPAREL-03,67,114.23,0,0,8,0
2024-01-13,Store-North-01,SKU-APPAREL-03,88,114.23,0,1,8,0
2024-01-14,Store-North-01,SKU-APPAREL-03,107,114.23,0,1,8,0
2024-01-15,Store-North-01,SKU-APPAREL-03,86,114.23,0,0,8,0
2024-01-16,Store-North-01,SKU-APPAREL-03,61,114.23,0,0,8,0
2024-01-17,Store-North-01,SKU-APPAREL-03,74,114.23,0,0,8,0
2024-01-18,Store-North-01,SKU-APPAREL-03,74,114.23,0,0,8,0
2024-01-19,Store-North-01,SKU-APPAREL-03,72,114.23,0,0,8,0
2024-01-20,Store-North-01,SKU-APPAREL-03,108,114.23,0,1,8,0
2024-01-21,Store-North-01,SKU-APPAREL-03,106,114.23,0,1,8,0
2024-01-22,Store-North-01,SKU-APPAREL-03,0,114.23,0,0,8,1
2024-01-23,Store-North-01,SKU-APPAREL-03,79,114.23,0,0,8,0
2024-01-24,Store-North-01,SKU-APPAREL-03,82,114.23,0,0,8,0
2024-01-25,Store-North-01,SKU-APPAREL-03,83,114.23,0,0,8,0
2024-01-26,Store-North-01,SKU-APPAREL-03,97,114.23,0,0,8,0
2024-01-27,Store-North-01,SKU-APPAREL-03,115,114.23,0,1,8,0
2024-01-28,Store-North-01,SKU-APPAREL-03,110,114.23,0,1,8,0
2024-01-29,Store-North-01,SKU-APPAREL-03,82,114.23,0,0,8,0
2024-01-30,Store-North-01,SKU-APPAREL-03,67,114.23,0,0,8,0
2024-01-31,Store-North-01,SKU-APPAREL-03,70,114.23,0,0,8,0
2024-02-01,Store-North-01,SKU-APPAREL-03,73,114.23,0,0,8,0
2024-02-02,Store-North-01,SKU-APPAREL-03,78,114.23,0,0,8,0
2024-02-03,Store-North-01,SKU-APPAREL-03,122,114.23,0,1,8,0
2024-02-04,Store-North-01,SKU-APPAREL-03,112,114.23,0,1,8,0
2024-02-05,Store-North-01,SKU-APPAREL-03,54,114.23,0,0,8,0
2024-02-06,Store-North-01,SKU-APPAREL-03,89,114.23,0,0,8,0
2024-02-07,Store-North-01,SKU-APPAREL-03,86,114.23,0,0,8,0
2024-02-08,Store-North-01,SKU-APPAREL-03,98,114.23,0,0,8,0
2024-02-09,Store-North-01,SKU-APPAREL-03,145,97.09,1,0,8,0
2024-02-10,Store-North-01,SKU-APPAREL-03,197,97.09,1,1,8,0
2024-02-11,Store-North-01,SKU-APPAREL-03,114,114.23,0,1,8,0
2024-02-12,Store-North-01,SKU-APPAREL-03,80,114.23,0,0,8,0
2024-02-13,Store-North-01,SKU-APPAREL-03,90,114.23,0,0,8,0
2024-02-14,Store-North-01,SKU-APPAREL-03,81,114.23,0,0,8,0
2024-02-15,Store-North-01,SKU-APPAREL-03,87,114.23,0,0,8,0
2024-02-16,Store-North-01,SKU-APPAREL-03,89,114.23,0,0,8,0
2024-02-17,Store-North-01,SKU-APPAREL-03,106,114.23,0,1,8,0
2024-02-18,Store-North-01,SKU-APPAREL-03,113,114.23,0,1,8,0
2024-02-19,Store-North-01,SKU-APPAREL-03,77,114.23,0,0,8,0
2024-02-20,Store-North-01,SKU-APPAREL-03,69,114.23,0,0,8,0
2024-02-21,Store-North-01,SKU-APPAREL-03,93,114.23,0,0,8,0
2024-02-22,Store-North-01,SKU-APPAREL-03,87,114.23,0,0,8,0
2024-02-23,Store-North-01,SKU-APPAREL-03,82,114.23,0,0,8,0
2024-02-24,Store-North-01,SKU-APPAREL-03,125,114.23,0,1,8,0
2024-02-25,Store-North-01,SKU-APPAREL-03,138,114.23,0,1,8,0
2024-02-26,Store-North-01,SKU-APPAREL-03,81,114.23,0,0,8,0
2024-02-27,Store-North-01,SKU-APPAREL-03,99,114.23,0,0,8,0
2024-02-28,Store-North-01,SKU-APPAREL-03,71,114.23,0,0,8,0
2024-02-29,Store-North-01,SKU-APPAREL-03,94,114.23,0,0,8,0
2024-03-01,Store-North-01,SKU-APPAREL-03,92,114.23,0,0,8,0
2024-03-02,Store-North-01,SKU-APPAREL-03,104,114.23,0,1,8,0
2024-03-03,Store-North-01,SKU-APPAREL-03,136,114.23,0,1,8,0
2024-03-04,Store-North-01,SKU-APPAREL-03,75,114.23,0,0,8,0
2024-03-05,Store-North-01,SKU-APPAREL-03,90,114.23,0,0,8,0
2024-03-06,Store-North-01,SKU-APPAREL-03,99,114.23,0,0,8,0
2024-03-07,Store-North-01,SKU-APPAREL-03,100,114.23,0,0,8,0
2024-03-08,Store-North-01,SKU-APPAREL-03,85,114.23,0,0,8,0
2024-03-09,Store-North-01,SKU-APPAREL-03,130,114.23,0,1,8,0
2024-03-10,Store-North-01,SKU-APPAREL-03,241,97.09,1,1,8,0
2024-03-11,Store-North-01,SKU-APPAREL-03,92,114.23,0,0,8,0
2024-03-12,Store-North-01,SKU-APPAREL-03,196,97.09,1,0,8,0
2024-03-13,Store-North-01,SKU-APPAREL-03,100,114.23,0,0,8,0
2024-03-14,Store-North-01,SKU-APPAREL-03,98,114.23,0,0,8,0
2024-03-15,Store-North-01,SKU-APPAREL-03,72,114.23,0,0,8,0
2024-03-16,Store-North-01,SKU-APPAREL-03,131,114.23,0,1,8,0
2024-03-17,Store-North-01,SKU-APPAREL-03,120,114.23,0,1,8,0
2024-03-18,Store-North-01,SKU-APPAREL-03,91,114.23,0,0,8,0
2024-03-19,Store-North-01,SKU-APPAREL-03,93,114.23,0,0,8,0
2024-03-20,Store-North-01,SKU-APPAREL-03,63,114.23,0,0,8,0
2024-03-21,Store-North-01,SKU-APPAREL-03,110,114.23,0,0,8,0
2024-03-22,Store-North-01,SKU-APPAREL-03,90,114.23,0,0,8,0
2024-03-23,Store-North-01,SKU-APPAREL-03,0,114.23,0,1,8,1
2024-03-24,Store-North-01,SKU-APPAREL-03,140,114.23,0,1,8,0
2024-03-25,Store-North-01,SKU-APPAREL-03,106,114.23,0,0,8,0
2024-03-26,Store-North-01,SKU-APPAREL-03,0,114.23,0,0,8,1
2024-03-27,Store-North-01,SKU-APPAREL-03,176,97.09,1,0,8,0
2024-03-28,Store-North-01,SKU-APPAREL-03,89,114.23,0,0,8,0
2024-03-29,Store-North-01,SKU-APPAREL-03,108,114.23,0,0,8,0
2024-03-30,Store-North-01,SKU-APPAREL-03,143,114.23,0,1,8,0
2024-03-31,Store-North-01,SKU-APPAREL-03,119,114.23,0,1,8,0
2024-04-01,Store-North-01,SKU-APPAREL-03,127,114.23,0,0,8,0
2024-04-02,Store-North-01,SKU-APPAREL-03,100,114.23,0,0,8,0
2024-04-03,Store-North-01,SKU-APPAREL-03,102,114.23,0,0,8,0
2024-04-04,Store-North-01,SKU-APPAREL-03,94,114.23,0,0,8,0
2024-04-05,Store-North-01,SKU-APPAREL-03,79,114.23,0,0,8,0
2024-04-06,Store-North-01,SKU-APPAREL-03,140,114.23,0,1,8,0
2024-04-07,Store-North-01,SKU-APPAREL-03,140,114.23,0,1,8,0
2024-04-08,Store-North-01,SKU-APPAREL-03,122,114.23,0,0,8,0
2024-04-09,Store-North-01,SKU-APPAREL-03,97,114.23,0,0,8,0
2024-04-10,Store-North-01,SKU-APPAREL-03,94,114.23,0,0,8,0
2024-04-11,Store-North-01,SKU-APPAREL-03,90,114.23,0,0,8,0
2024-04-12,Store-North-01,SKU-APPAREL-03,98,114.23,0,0,8,0
2024-04-13,Store-North-01,SKU-APPAREL-03,140,114.23,0,1,8,0
2024-04-14,Store-North-01,SKU-APPAREL-03,257,97.09,1,1,8,0
2024-04-15,Store-North-01,SKU-APPAREL-03,186,97.09,1,0,8,0
2024-04-16,Store-North-01,SKU-APPAREL-03,111,114.23,0,0,8,0
2024-04-17,Store-North-01,SKU-APPAREL-03,186,97.09,1,0,8,0
2024-04-18,Store-North-01,SKU-APPAREL-03,115,114.23,0,0,8,0
2024-04-19,Store-North-01,SKU-APPAREL-03,99,114.23,0,0,8,0
2024-04-20,Store-North-01,SKU-APPAREL-03,132,114.23,0,1,8,0
2024-04-21,Store-North-01,SKU-APPAREL-03,148,114.23,0,1,8,0
2024-04-22,Store-North-01,SKU-APPAREL-03,97,114.23,0,0,8,0
2024-04-23,Store-North-01,SKU-APPAREL-03,101,114.23,0,0,8,0
2024-04-24,Store-North-01,SKU-APPAREL-03,88,114.23,0,0,8,0
2024-04-25,Store-North-01,SKU-APPAREL-03,107,114.23,0,0,8,0
2024-04-26,Store-North-01,SKU-APPAREL-03,114,114.23,0,0,8,0
2024-04-27,Store-North-01,SKU-APPAREL-03,133,114.23,0,1,8,0
2024-04-28,Store-North-01,SKU-APPAREL-03,137,114.23,0,1,8,0
2024-04-29,Store-North-01,SKU-APPAREL-03,97,114.23,0,0,8,0
2024-04-30,Store-North-01,SKU-APPAREL-03,0,114.23,0,0,8,1
2024-05-01,Store-North-01,SKU-APPAREL-03,0,97.09,1,0,8,1
2024-05-02,Store-North-01,SKU-APPAREL-03,88,114.23,0,0,8,0
2024-05-03,Store-North-01,SKU-APPAREL-03,104,114.23,0,0,8,0
2024-05-04,Store-North-01,SKU-APPAREL-03,139,114.23,0,1,8,0
2024-05-05,Store-North-01,SKU-APPAREL-03,140,114.23,0,1,8,0
2024-05-06,Store-North-01,SKU-APPAREL-03,107,114.23,0,0,8,0
2024-05-07,Store-North-01,SKU-APPAREL-03,96,114.23,0,0,8,0
2024-05-08,Store-North-01,SKU-APPAREL-03,84,114.23,0,0,8,0
2024-05-09,Store-North-01,SKU-APPAREL-03,100,114.23,0,0,8,0
2024-05-10,Store-North-01,SKU-APPAREL-03,87,114.23,0,0,8,0
2024-05-11,Store-North-01,SKU-APPAREL-03,153,114.23,0,1,8,0
2024-05-12,Store-North-01,SKU-APPAREL-03,135,114.23,0,1,8,0
2024-05-13,Store-North-01,SKU-APPAREL-03,107,114.23,0,0,8,0
2024-05-14,Store-North-01,SKU-APPAREL-03,183,97.09,1,0,8,0
2024-05-15,Store-North-01,SKU-APPAREL-03,111,114.23,0,0,8,0
2024-05-16,Store-North-01,SKU-APPAREL-03,96,114.23,0,0,8,0
2024-05-17,Store-North-01,SKU-APPAREL-03,86,114.23,0,0,8,0
2024-05-18,Store-North-01,SKU-APPAREL-03,135,114.23,0,1,8,0
2024-05-19,Store-North-01,SKU-APPAREL-03,132,114.23,0,1,8,0
2024-05-20,Store-North-01,SKU-APPAREL-03,100,114.23,0,0,8,0
2024-05-21,Store-North-01,SKU-APPAREL-03,99,114.23,0,0,8,0
2024-05-22,Store-North-01,SKU-APPAREL-03,106,114.23,0,0,8,0
2024-05-23,Store-North-01,SKU-APPAREL-03,98,114.23,0,0,8,0
2024-05-24,Store-North-01,SKU-APPAREL-03,102,114.23,0,0,8,0
2024-05-25,Store-North-01,SKU-APPAREL-03,136,114.23,0,1,8,0
2024-05-26,Store-North-01,SKU-APPAREL-03,132,114.23,0,1,8,0
2024-05-27,Store-North-01,SKU-APPAREL-03,107,114.23,0,0,8,0
2024-05-28,Store-North-01,SKU-APPAREL-03,99,114.23,0,0,8,0
2024-05-29,Store-North-01,SKU-APPAREL-03,105,114.23,0,0,8,0
2024-05-30,Store-North-01,SKU-APPAREL-03,97,114.23,0,0,8,0
2024-05-31,Store-North-01,SKU-APPAREL-03,0,97.09,1,0,8,1
2024-06-01,Store-North-01,SKU-APPAREL-03,0,114.23,0,1,8,1
2024-06-02,Store-North-01,SKU-APPAREL-03,266,97.09,1,1,8,0
2024-06-03,Store-North-01,SKU-APPAREL-03,107,114.23,0,0,8,0
2024-06-04,Store-North-01,SKU-APPAREL-03,96,114.23,0,0,8,0
2024-06-05,Store-North-01,SKU-APPAREL-03,109,114.23,0,0,8,0
2024-06-06,Store-North-01,SKU-APPAREL-03,111,114.23,0,0,8,0
2024-06-07,Store-North-01,SKU-APPAREL-03,81,114.23,0,0,8,0
2024-06-08,Store-North-01,SKU-APPAREL-03,118,114.23,0,1,8,0
2024-06-09,Store-North-01,SKU-APPAREL-03,131,114.23,0,1,8,0
2024-06-10,Store-North-01,SKU-APPAREL-03,96,114.23,0,0,8,0
2024-06-11,Store-North-01,SKU-APPAREL-03,96,114.23,0,0,8,0
2024-06-12,Store-North-01,SKU-APPAREL-03,94,114.23,0,0,8,0
2024-06-13,Store-North-01,SKU-APPAREL-03,107,114.23,0,0,8,0
2024-06-14,Store-North-01,SKU-APPAREL-03,99,114.23,0,0,8,0
2024-06-15,Store-North-01,SKU-APPAREL-03,0,114.23,0,1,8,1
2024-06-16,Store-North-01,SKU-APPAREL-03,0,114.23,0,1,8,1
2024-06-17,Store-North-01,SKU-APPAREL-03,95,114.23,0,0,8,0
2024-06-18,Store-North-01,SKU-APPAREL-03,164,97.09,1,0,8,0
2024-06-19,Store-North-01,SKU-APPAREL-03,90,114.23,0,0,8,0
2024-06-20,Store-North-01,SKU-APPAREL-03,86,114.23,0,0,8,0
2024-06-21,Store-North-01,SKU-APPAREL-03,103,114.23,0,0,8,0
2024-06-22,Store-North-01,SKU-APPAREL-03,238,97.09,1,1,8,0
2024-06-23,Store-North-01,SKU-APPAREL-03,137,114.23,0,1,8,0
2024-06-24,Store-North-01,SKU-APPAREL-03,76,114.23,0,0,8,0
2024-06-25,Store-North-01,SKU-APPAREL-03,109,114.23,0,0,8,0
2024-06-26,Store-North-01,SKU-APPAREL-03,100,114.23,0,0,8,0
2024-06-27,Store-North-01,SKU-APPAREL-03,95,114.23,0,0,8,0
2024-06-28,Store-North-01,SKU-APPAREL-03,106,114.23,0,0,8,0
2024-06-29,Store-North-01,SKU-APPAREL-03,129,114.23,0,1,8,0
2024-06-30,Store-North-01,SKU-APPAREL-03,126,114.23,0,1,8,0
2024-07-01,Store-North-01,SKU-APPAREL-03,85,114.23,0,0,8,0
2024-07-02,Store-North-01,SKU-APPAREL-03,91,114.23,0,0,8,0
2024-07-03,Store-North-01,SKU-APPAREL-03,78,114.23,0,0,8,0
2024-07-04,Store-North-01,SKU-APPAREL-03,100,114.23,0,0,8,0
2024-07-05,Store-North-01,SKU-APPAREL-03,94,114.23,0,0,8,0
2024-07-06,Store-North-01,SKU-APPAREL-03,114,114.23,0,1,8,0
2024-07-07,Store-North-01,SKU-APPAREL-03,108,114.23,0,1,8,0
2024-07-08,Store-North-01,SKU-APPAREL-03,75,114.23,0,0,8,0
2024-07-09,Store-North-01,SKU-APPAREL-03,101,114.23,0,0,8,0
2024-07-10,Store-North-01,SKU-APPAREL-03,81,114.23,0,0,8,0
2024-07-11,Store-North-01,SKU-APPAREL-03,72,114.23,0,0,8,0
2024-07-12,Store-North-01,SKU-APPAREL-03,85,114.23,0,0,8,0
2024-07-13,Store-North-01,SKU-APPAREL-03,97,114.23,0,1,8,0
2024-07-14,Store-North-01,SKU-APPAREL-03,0,97.09,1,1,8,1
2024-07-15,Store-North-01,SKU-APPAREL-03,87,114.23,0,0,8,0
2024-07-16,Store-North-01,SKU-APPAREL-03,87,114.23,0,0,8,0
2024-07-17,Store-North-01,SKU-APPAREL-03,68,114.23,0,0,8,0
2024-07-18,Store-North-01,SKU-APPAREL-03,81,114.23,0,0,8,0
2024-07-19,Store-North-01,SKU-APPAREL-03,92,114.23,0,0,8,0
2024-07-20,Store-North-01,SKU-APPAREL-03,125,114.23,0,1,8,0
2024-07-21,Store-North-01,SKU-APPAREL-03,101,114.23,0,1,8,0
2024-07-22,Store-North-01,SKU-APPAREL-03,100,114.23,0,0,8,0
2024-07-23,Store-North-01,SKU-APPAREL-03,99,114.23,0,0,8,0
2024-07-24,Store-North-01,SKU-APPAREL-03,80,114.23,0,0,8,0
2024-07-25,Store-North-01,SKU-APPAREL-03,119,97.09,1,0,8,0
2024-07-26,Store-North-01,SKU-APPAREL-03,69,114.23,0,0,8,0
2024-07-27,Store-North-01,SKU-APPAREL-03,171,97.09,1,1,8,0
2024-07-28,Store-North-01,SKU-APPAREL-03,85,114.23,0,1,8,0
2024-07-29,Store-North-01,SKU-APPAREL-03,96,114.23,0,0,8,0
2024-07-30,Store-North-01,SKU-APPAREL-03,103,114.23,0,0,8,0
2024-07-31,Store-North-01,SKU-APPAREL-03,82,114.23,0,0,8,0
2024-08-01,Store-North-01,SKU-APPAREL-03,82,114.23,0,0,8,0
2024-08-02,Store-North-01,SKU-APPAREL-03,62,114.23,0,0,8,0
2024-08-03,Store-North-01,SKU-APPAREL-03,102,114.23,0,1,8,0
2024-08-04,Store-North-01,SKU-APPAREL-03,97,114.23,0,1,8,0
2024-08-05,Store-North-01,SKU-APPAREL-03,80,114.23,0,0,8,0
2024-08-06,Store-North-01,SKU-APPAREL-03,69,114.23,0,0,8,0
2024-08-07,Store-North-01,SKU-APPAREL-03,85,114.23,0,0,8,0
2024-08-08,Store-North-01,SKU-APPAREL-03,63,114.23,0,0,8,0
2024-08-09,Store-North-01,SKU-APPAREL-03,57,114.23,0,0,8,0
2024-08-10,Store-North-01,SKU-APPAREL-03,119,114.23,0,1,8,0
2024-08-11,Store-North-01,SKU-APPAREL-03,101,114.23,0,1,8,0
2024-08-12,Store-North-01,SKU-APPAREL-03,63,114.23,0,0,8,0
2024-08-13,Store-North-01,SKU-APPAREL-03,82,114.23,0,0,8,0
2024-08-14,Store-North-01,SKU-APPAREL-03,112,97.09,1,0,8,0
2024-08-15,Store-North-01,SKU-APPAREL-03,79,114.23,0,0,8,0
2024-08-16,Store-North-01,SKU-APPAREL-03,70,114.23,0,0,8,0
2024-08-17,Store-North-01,SKU-APPAREL-03,110,114.23,0,1,8,0
2024-08-18,Store-North-01,SKU-APPAREL-03,98,114.23,0,1,8,0
2024-08-19,Store-North-01,SKU-APPAREL-03,65,114.23,0,0,8,0
2024-08-20,Store-North-01,SKU-APPAREL-03,76,114.23,0,0,8,0
2024-08-21,Store-North-01,SKU-APPAREL-03,81,114.23,0,0,8,0
2024-08-22,Store-North-01,SKU-APPAREL-03,83,114.23,0,0,8,0
2024-08-23,Store-North-01,SKU-APPAREL-03,56,114.23,0,0,8,0
2024-08-24,Store-North-01,SKU-APPAREL-03,101,114.23,0,1,8,0
2024-08-25,Store-North-01,SKU-APPAREL-03,176,97.09,1,1,8,0
2024-08-26,Store-North-01,SKU-APPAREL-03,68,114.23,0,0,8,0
2024-08-27,Store-North-01,SKU-APPAREL-03,69,114.23,0,0,8,0
2024-08-28,Store-North-01,SKU-APPAREL-03,121,97.09,1,0,8,0
2024-08-29,Store-North-01,SKU-APPAREL-03,73,114.23,0,0,8,0
2024-08-30,Store-North-01,SKU-APPAREL-03,56,114.23,0,0,8,0
2024-08-31,Store-North-01,SKU-APPAREL-03,95,114.23,0,1,8,0
2024-09-01,Store-North-01,SKU-APPAREL-03,97,114.23,0,1,8,0
2024-09-02,Store-North-01,SKU-APPAREL-03,59,114.23,0,0,8,0
2024-09-03,Store-North-01,SKU-APPAREL-03,76,114.23,0,0,8,0
2024-09-04,Store-North-01,SKU-APPAREL-03,128,97.09,1,0,8,0
2024-09-05,Store-North-01,SKU-APPAREL-03,72,114.23,0,0,8,0
2024-09-06,Store-North-01,SKU-APPAREL-03,74,114.23,0,0,8,0
2024-09-07,Store-North-01,SKU-APPAREL-03,92,114.23,0,1,8,0
2024-09-08,Store-North-01,SKU-APPAREL-03,98,114.23,0,1,8,0
2024-09-09,Store-North-01,SKU-APPAREL-03,66,114.23,0,0,8,0
2024-09-10,Store-North-01,SKU-APPAREL-03,69,114.23,0,0,8,0
2024-09-11,Store-North-01,SKU-APPAREL-03,68,114.23,0,0,8,0
2024-09-12,Store-North-01,SKU-APPAREL-03,50,114.23,0,0,8,0
2024-09-13,Store-North-01,SKU-APPAREL-03,73,114.23,0,0,8,0
2024-09-14,Store-North-01,SKU-APPAREL-03,76,114.23,0,1,8,0
2024-09-15,Store-North-01,SKU-APPAREL-03,106,114.23,0,1,8,0
2024-09-16,Store-North-01,SKU-APPAREL-03,57,114.23,0,0,8,0
2024-09-17,Store-North-01,SKU-APPAREL-03,56,114.23,0,0,8,0
2024-09-18,Store-North-01,SKU-APPAREL-03,55,114.23,0,0,8,0
2024-09-19,Store-North-01,SKU-APPAREL-03,61,114.23,0,0,8,0
2024-09-20,Store-North-01,SKU-APPAREL-03,68,114.23,0,0,8,0
2024-09-21,Store-North-01,SKU-APPAREL-03,90,114.23,0,1,8,0
2024-09-22,Store-North-01,SKU-APPAREL-03,80,114.23,0,1,8,0
2024-09-23,Store-North-01,SKU-APPAREL-03,51,114.23,0,0,8,0
2024-09-24,Store-North-01,SKU-APPAREL-03,98,97.09,1,0,8,0
2024-09-25,Store-North-01,SKU-APPAREL-03,70,114.23,0,0,8,0
2024-09-26,Store-North-01,SKU-APPAREL-03,80,114.23,0,0,8,0
2024-09-27,Store-North-01,SKU-APPAREL-03,62,114.23,0,0,8,0
2024-09-28,Store-North-01,SKU-APPAREL-03,91,114.23,0,1,8,0
2024-09-29,Store-North-01,SKU-APPAREL-03,81,114.23,0,1,8,0
2024-09-30,Store-North-01,SKU-APPAREL-03,55,114.23,0,0,8,0
2024-10-01,Store-North-01,SKU-APPAREL-03,67,114.23,0,0,8,0
2024-10-02,Store-North-01,SKU-APPAREL-03,128,97.09,1,0,8,0
2024-10-03,Store-North-01,SKU-APPAREL-03,56,114.23,0,0,8,0
2024-10-04,Store-North-01,SKU-APPAREL-03,61,114.23,0,0,8,0
2024-10-05,Store-North-01,SKU-APPAREL-03,83,114.23,0,1,8,0
2024-10-06,Store-North-01,SKU-APPAREL-03,70,114.23,0,1,8,0
2024-10-07,Store-North-01,SKU-APPAREL-03,73,114.23,0,0,8,0
2024-10-08,Store-North-01,SKU-APPAREL-03,68,114.23,0,0,8,0
2024-10-09,Store-North-01,SKU-APPAREL-03,63,114.23,0,0,8,0
2024-10-10,Store-North-01,SKU-APPAREL-03,53,114.23,0,0,8,0
2024-10-11,Store-North-01,SKU-APPAREL-03,64,114.23,0,0,8,0
2024-10-12,Store-North-01,SKU-APPAREL-03,0,114.23,0,1,8,1
2024-10-13,Store-North-01,SKU-APPAREL-03,99,114.23,0,1,8,0
2024-10-14,Store-North-01,SKU-APPAREL-03,109,97.09,1,0,8,0
2024-10-15,Store-North-01,SKU-APPAREL-03,47,114.23,0,0,8,0
2024-10-16,Store-North-01,SKU-APPAREL-03,67,114.23,0,0,8,0
2024-10-17,Store-North-01,SKU-APPAREL-03,45,114.23,0,0,8,0
2024-10-18,Store-North-01,SKU-APPAREL-03,82,114.23,0,0,8,0
2024-10-19,Store-North-01,SKU-APPAREL-03,83,114.23,0,1,8,0
2024-10-20,Store-North-01,SKU-APPAREL-03,0,114.23,0,1,8,1
2024-10-21,Store-North-01,SKU-APPAREL-03,57,114.23,0,0,8,0
2024-10-22,Store-North-01,SKU-APPAREL-03,45,114.23,0,0,8,0
2024-10-23,Store-North-01,SKU-APPAREL-03,61,114.23,0,0,8,0
2024-10-24,Store-North-01,SKU-APPAREL-03,60,114.23,0,0,8,0
2024-10-25,Store-North-01,SKU-APPAREL-03,54,114.23,0,0,8,0
2024-10-26,Store-North-01,SKU-APPAREL-03,76,114.23,0,1,8,0
2024-10-27,Store-North-01,SKU-APPAREL-03,69,114.23,0,1,8,0
2024-10-28,Store-North-01,SKU-APPAREL-03,57,114.23,0,0,8,0
2024-10-29,Store-North-01,SKU-APPAREL-03,47,114.23,0,0,8,0
2024-10-30,Store-North-01,SKU-APPAREL-03,61,114.23,0,0,8,0
2024-10-31,Store-North-01,SKU-APPAREL-03,46,114.23,0,0,8,0
2024-11-01,Store-North-01,SKU-APPAREL-03,50,114.23,0,0,8,0
2024-11-02,Store-North-01,SKU-APPAREL-03,137,97.09,1,1,8,0
2024-11-03,Store-North-01,SKU-APPAREL-03,71,114.23,0,1,8,0
2024-11-04,Store-North-01,SKU-APPAREL-03,40,114.23,0,0,8,0
2024-11-05,Store-North-01,SKU-APPAREL-03,59,114.23,0,0,8,0
2024-11-06,Store-North-01,SKU-APPAREL-03,45,114.23,0,0,8,0
2024-11-07,Store-North-01,SKU-APPAREL-03,98,97.09,1,0,8,0
2024-11-08,Store-North-01,SKU-APPAREL-03,53,114.23,0,0,8,0
2024-11-09,Store-North-01,SKU-APPAREL-03,76,114.23,0,1,8,0
2024-11-10,Store-North-01,SKU-APPAREL-03,80,114.23,0,1,8,0
2024-11-11,Store-North-01,SKU-APPAREL-03,53,114.23,0,0,8,0
2024-11-12,Store-North-01,SKU-APPAREL-03,119,97.09,1,0,8,0
2024-11-13,Store-North-01,SKU-APPAREL-03,67,114.23,0,0,8,0
2024-11-14,Store-North-01,SKU-APPAREL-03,58,114.23,0,0,8,0
2024-11-15,Store-North-01,SKU-APPAREL-03,71,114.23,0,0,8,0
2024-11-16,Store-North-01,SKU-APPAREL-03,80,114.23,0,1,8,0
2024-11-17,Store-North-01,SKU-APPAREL-03,71,114.23,0,1,8,0
2024-11-18,Store-North-01,SKU-APPAREL-03,60,114.23,0,0,8,0
2024-11-19,Store-North-01,SKU-APPAREL-03,60,114.23,0,0,8,0
2024-11-20,Store-North-01,SKU-APPAREL-03,52,114.23,0,0,8,0
2024-11-21,Store-North-01,SKU-APPAREL-03,61,114.23,0,0,8,0
2024-11-22,Store-North-01,SKU-APPAREL-03,60,114.23,0,0,8,0
2024-11-23,Store-North-01,SKU-APPAREL-03,89,114.23,0,1,8,0
2024-11-24,Store-North-01,SKU-APPAREL-03,87,114.23,0,1,8,0
2024-11-25,Store-North-01,SKU-APPAREL-03,52,114.23,0,0,8,0
2024-11-26,Store-North-01,SKU-APPAREL-03,56,114.23,0,0,8,0
2024-11-27,Store-North-01,SKU-APPAREL-03,55,114.23,0,0,8,0
2024-11-28,Store-North-01,SKU-APPAREL-03,44,114.23,0,0,8,0
2024-11-29,Store-North-01,SKU-APPAREL-03,64,114.23,0,0,8,0
2024-11-30,Store-North-01,SKU-APPAREL-03,70,114.23,0,1,8,0
2024-12-01,Store-North-01,SKU-APPAREL-03,0,114.23,0,1,8,1
2024-12-02,Store-North-01,SKU-APPAREL-03,63,114.23,0,0,8,0
2024-12-03,Store-North-01,SKU-APPAREL-03,59,114.23,0,0,8,0
2024-12-04,Store-North-01,SKU-APPAREL-03,50,114.23,0,0,8,0
2024-12-05,Store-North-01,SKU-APPAREL-03,70,114.23,0,0,8,0
2024-12-06,Store-North-01,SKU-APPAREL-03,113,97.09,1,0,8,0
2024-12-07,Store-North-01,SKU-APPAREL-03,70,114.23,0,1,8,0
2024-12-08,Store-North-01,SKU-APPAREL-03,95,114.23,0,1,8,0
2024-12-09,Store-North-01,SKU-APPAREL-03,112,97.09,1,0,8,0
2024-12-10,Store-North-01,SKU-APPAREL-03,60,114.23,0,0,8,0
2024-12-11,Store-North-01,SKU-APPAREL-03,69,114.23,0,0,8,0
2024-12-12,Store-North-01,SKU-APPAREL-03,72,114.23,0,0,8,0
2024-12-13,Store-North-01,SKU-APPAREL-03,60,114.23,0,0,8,0
2024-12-14,Store-North-01,SKU-APPAREL-03,152,97.09,1,1,8,0
2024-12-15,Store-North-01,SKU-APPAREL-03,82,114.23,0,1,8,0
2024-12-16,Store-North-01,SKU-APPAREL-03,72,114.23,0,0,8,0
2024-12-17,Store-North-01,SKU-APPAREL-03,63,114.23,0,0,8,0
2024-12-18,Store-North-01,SKU-APPAREL-03,62,114.23,0,0,8,0
2024-12-19,Store-North-01,SKU-APPAREL-03,71,114.23,0,0,8,0
2024-12-20,Store-North-01,SKU-APPAREL-03,59,114.23,0,0,8,0
2024-12-21,Store-North-01,SKU-APPAREL-03,92,114.23,0,1,8,0
2024-12-22,Store-North-01,SKU-APPAREL-03,91,114.23,0,1,8,0
2024-12-23,Store-North-01,SKU-APPAREL-03,69,114.23,0,0,8,0
2024-12-24,Store-North-01,SKU-APPAREL-03,61,114.23,0,0,8,0
2024-12-25,Store-North-01,SKU-APPAREL-03,53,114.23,0,0,8,0
2024-12-26,Store-North-01,SKU-APPAREL-03,97,114.23,0,0,8,0
2024-12-27,Store-North-01,SKU-APPAREL-03,136,97.09,1,0,8,0
2024-12-28,Store-North-01,SKU-APPAREL-03,82,114.23,0,1,8,0
2024-12-29,Store-North-01,SKU-APPAREL-03,96,114.23,0,1,8,0
2024-12-30,Store-North-01,SKU-APPAREL-03,128,97.09,1,0,8,0
2024-12-31,Store-North-01,SKU-APPAREL-03,61,114.23,0,0,8,0
2025-01-01,Store-North-01,SKU-APPAREL-03,57,114.23,0,0,8,0
2025-01-02,Store-North-01,SKU-APPAREL-03,85,114.23,0,0,8,0
2025-01-03,Store-North-01,SKU-APPAREL-03,83,114.23,0,0,8,0
2025-01-04,Store-North-01,SKU-APPAREL-03,159,97.09,1,1,8,0
2025-01-05,Store-North-01,SKU-APPAREL-03,92,114.23,0,1,8,0
2025-01-06,Store-North-01,SKU-APPAREL-03,79,114.23,0,0,8,0
2025-01-07,Store-North-01,SKU-APPAREL-03,73,114.23,0,0,8,0
2025-01-08,Store-North-01,SKU-APPAREL-03,64,114.23,0,0,8,0
2025-01-09,Store-North-01,SKU-APPAREL-03,66,114.23,0,0,8,0
2025-01-10,Store-North-01,SKU-APPAREL-03,126,97.09,1,0,8,0
2025-01-11,Store-North-01,SKU-APPAREL-03,181,97.09,1,1,8,0
2025-01-12,Store-North-01,SKU-APPAREL-03,95,114.23,0,1,8,0
2025-01-13,Store-North-01,SKU-APPAREL-03,81,114.23,0,0,8,0
2025-01-14,Store-North-01,SKU-APPAREL-03,66,114.23,0,0,8,0
2025-01-15,Store-North-01,SKU-APPAREL-03,0,114.23,0,0,8,1
2025-01-16,Store-North-01,SKU-APPAREL-03,83,114.23,0,0,8,0
2025-01-17,Store-North-01,SKU-APPAREL-03,85,114.23,0,0,8,0
2025-01-18,Store-North-01,SKU-APPAREL-03,102,114.23,0,1,8,0
2025-01-19,Store-North-01,SKU-APPAREL-03,116,114.23,0,1,8,0
2025-01-20,Store-North-01,SKU-APPAREL-03,69,114.23,0,0,8,0
2025-01-21,Store-North-01,SKU-APPAREL-03,63,114.23,0,0,8,0
2025-01-22,Store-North-01,SKU-APPAREL-03,84,114.23,0,0,8,0
2025-01-23,Store-North-01,SKU-APPAREL-03,72,114.23,0,0,8,0
2025-01-24,Store-North-01,SKU-APPAREL-03,74,114.23,0,0,8,0
2025-01-25,Store-North-01,SKU-APPAREL-03,177,97.09,1,1,8,0
2025-01-26,Store-North-01,SKU-APPAREL-03,92,114.23,0,1,8,0
2025-01-27,Store-North-01,SKU-APPAREL-03,72,114.23,0,0,8,0
2025-01-28,Store-North-01,SKU-APPAREL-03,95,114.23,0,0,8,0
2025-01-29,Store-North-01,SKU-APPAREL-03,78,114.23,0,0,8,0
2025-01-30,Store-North-01,SKU-APPAREL-03,72,114.23,0,0,8,0
2025-01-31,Store-North-01,SKU-APPAREL-03,81,114.23,0,0,8,0
2025-02-01,Store-North-01,SKU-APPAREL-03,106,114.23,0,1,8,0
2025-02-02,Store-North-01,SKU-APPAREL-03,119,114.23,0,1,8,0
2025-02-03,Store-North-01,SKU-APPAREL-03,79,114.23,0,0,8,0
2025-02-04,Store-North-01,SKU-APPAREL-03,0,114.23,0,0,8,1
2025-02-05,Store-North-01,SKU-APPAREL-03,77,114.23,0,0,8,0
2025-02-06,Store-North-01,SKU-APPAREL-03,85,114.23,0,0,8,0
2025-02-07,Store-North-01,SKU-APPAREL-03,78,114.23,0,0,8,0
2025-02-08,Store-North-01,SKU-APPAREL-03,114,114.23,0,1,8,0
2025-02-09,Store-North-01,SKU-APPAREL-03,99,114.23,0,1,8,0
2025-02-10,Store-North-01,SKU-APPAREL-03,81,114.23,0,0,8,0
2025-02-11,Store-North-01,SKU-APPAREL-03,90,114.23,0,0,8,0
2025-02-12,Store-North-01,SKU-APPAREL-03,81,114.23,0,0,8,0
2025-02-13,Store-North-01,SKU-APPAREL-03,99,114.23,0,0,8,0
2025-02-14,Store-North-01,SKU-APPAREL-03,98,114.23,0,0,8,0
2025-02-15,Store-North-01,SKU-APPAREL-03,115,114.23,0,1,8,0
2025-02-16,Store-North-01,SKU-APPAREL-03,99,114.23,0,1,8,0
2025-02-17,Store-North-01,SKU-APPAREL-03,162,97.09,1,0,8,0
2025-02-18,Store-North-01,SKU-APPAREL-03,78,114.23,0,0,8,0
2025-02-19,Store-North-01,SKU-APPAREL-03,82,114.23,0,0,8,0
2025-02-20,Store-North-01,SKU-APPAREL-03,79,114.23,0,0,8,0
2025-02-21,Store-North-01,SKU-APPAREL-03,143,97.09,1,0,8,0
2025-02-22,Store-North-01,SKU-APPAREL-03,115,114.23,0,1,8,0
2025-02-23,Store-North-01,SKU-APPAREL-03,0,114.23,0,1,8,1
2025-02-24,Store-North-01,SKU-APPAREL-03,76,114.23,0,0,8,0
2025-02-25,Store-North-01,SKU-APPAREL-03,110,114.23,0,0,8,0
2025-02-26,Store-North-01,SKU-APPAREL-03,105,114.23,0,0,8,0
2025-02-27,Store-North-01,SKU-APPAREL-03,176,97.09,1,0,8,0
2025-02-28,Store-North-01,SKU-APPAREL-03,80,114.23,0,0,8,0
2025-03-01,Store-North-01,SKU-APPAREL-03,121,114.23,0,1,8,0
2025-03-02,Store-North-01,SKU-APPAREL-03,118,114.23,0,1,8,0
2025-03-03,Store-North-01,SKU-APPAREL-03,107,114.23,0,0,8,0
2025-03-04,Store-North-01,SKU-APPAREL-03,160,97.09,1,0,8,0
2025-03-05,Store-North-01,SKU-APPAREL-03,98,114.23,0,0,8,0
2025-03-06,Store-North-01,SKU-APPAREL-03,163,97.09,1,0,8,0
2025-03-07,Store-North-01,SKU-APPAREL-03,84,114.23,0,0,8,0
2025-03-08,Store-North-01,SKU-APPAREL-03,212,97.09,1,1,8,0
2025-03-09,Store-North-01,SKU-APPAREL-03,127,114.23,0,1,8,0
2025-03-10,Store-North-01,SKU-APPAREL-03,163,97.09,1,0,8,0
2025-03-11,Store-North-01,SKU-APPAREL-03,105,114.23,0,0,8,0
2025-03-12,Store-North-01,SKU-APPAREL-03,0,114.23,0,0,8,1
2025-03-13,Store-North-01,SKU-APPAREL-03,98,114.23,0,0,8,0
2025-03-14,Store-North-01,SKU-APPAREL-03,181,97.09,1,0,8,0
2025-03-15,Store-North-01,SKU-APPAREL-03,147,114.23,0,1,8,0
2025-03-16,Store-North-01,SKU-APPAREL-03,128,114.23,0,1,8,0
2025-03-17,Store-North-01,SKU-APPAREL-03,120,114.23,0,0,8,0
2025-03-18,Store-North-01,SKU-APPAREL-03,173,97.09,1,0,8,0
2025-03-19,Store-North-01,SKU-APPAREL-03,100,114.23,0,0,8,0
2025-03-20,Store-North-01,SKU-APPAREL-03,107,114.23,0,0,8,0
2025-03-21,Store-North-01,SKU-APPAREL-03,116,114.23,0,0,8,0
2025-03-22,Store-North-01,SKU-APPAREL-03,109,114.23,0,1,8,0
2025-03-23,Store-North-01,SKU-APPAREL-03,134,114.23,0,1,8,0
2025-03-24,Store-North-01,SKU-APPAREL-03,105,114.23,0,0,8,0
2025-03-25,Store-North-01,SKU-APPAREL-03,163,97.09,1,0,8,0
2025-03-26,Store-North-01,SKU-APPAREL-03,96,114.23,0,0,8,0
2025-03-27,Store-North-01,SKU-APPAREL-03,102,114.23,0,0,8,0
2025-03-28,Store-North-01,SKU-APPAREL-03,66,114.23,0,0,8,0
2025-03-29,Store-North-01,SKU-APPAREL-03,253,97.09,1,1,8,0
2025-03-30,Store-North-01,SKU-APPAREL-03,134,114.23,0,1,8,0
2025-03-31,Store-North-01,SKU-APPAREL-03,115,114.23,0,0,8,0
2025-04-01,Store-North-01,SKU-APPAREL-03,0,114.23,0,0,8,1
2025-04-02,Store-North-01,SKU-APPAREL-03,107,114.23,0,0,8,0
2025-04-03,Store-North-01,SKU-APPAREL-03,99,114.23,0,0,8,0
2025-04-04,Store-North-01,SKU-APPAREL-03,104,114.23,0,0,8,0
2025-04-05,Store-North-01,SKU-APPAREL-03,128,114.23,0,1,8,0
2025-04-06,Store-North-01,SKU-APPAREL-03,130,114.23,0,1,8,0
2025-04-07,Store-North-01,SKU-APPAREL-03,103,114.23,0,0,8,0
2025-04-08,Store-North-01,SKU-APPAREL-03,101,114.23,0,0,8,0
2025-04-09,Store-North-01,SKU-APPAREL-03,109,114.23,0,0,8,0
2025-04-10,Store-North-01,SKU-APPAREL-03,98,114.23,0,0,8,0
2025-04-11,Store-North-01,SKU-APPAREL-03,96,114.23,0,0,8,0
2025-04-12,Store-North-01,SKU-APPAREL-03,0,114.23,0,1,8,1
2025-04-13,Store-North-01,SKU-APPAREL-03,148,114.23,0,1,8,0
2025-04-14,Store-North-01,SKU-APPAREL-03,97,114.23,0,0,8,0
2025-04-15,Store-North-01,SKU-APPAREL-03,102,114.23,0,0,8,0
2025-04-16,Store-North-01,SKU-APPAREL-03,112,114.23,0,0,8,0
2025-04-17,Store-North-01,SKU-APPAREL-03,203,97.09,1,0,8,0
2025-04-18,Store-North-01,SKU-APPAREL-03,175,97.09,1,0,8,0
2025-04-19,Store-North-01,SKU-APPAREL-03,133,114.23,0,1,8,0
2025-04-20,Store-North-01,SKU-APPAREL-03,262,97.09,1,1,8,0
2025-04-21,Store-North-01,SKU-APPAREL-03,106,114.23,0,0,8,0
2025-04-22,Store-North-01,SKU-APPAREL-03,95,114.23,0,0,8,0
2025-04-23,Store-North-01,SKU-APPAREL-03,120,114.23,0,0,8,0
2025-04-24,Store-North-01,SKU-APPAREL-03,94,114.23,0,0,8,0
2025-04-25,Store-North-01,SKU-APPAREL-03,104,114.23,0,0,8,0
2025-04-26,Store-North-01,SKU-APPAREL-03,242,97.09,1,1,8,0
2025-04-27,Store-North-01,SKU-APPAREL-03,262,97.09,1,1,8,0
2025-04-28,Store-North-01,SKU-APPAREL-03,91,114.23,0,0,8,0
2025-04-29,Store-North-01,SKU-APPAREL-03,0,97.09,1,0,8,1
2025-04-30,Store-North-01,SKU-APPAREL-03,112,114.23,0,0,8,0
2025-05-01,Store-North-01,SKU-APPAREL-03,214,97.09,1,0,8,0
2025-05-02,Store-North-01,SKU-APPAREL-03,0,114.23,0,0,8,1
2025-05-03,Store-North-01,SKU-APPAREL-03,141,114.23,0,1,8,0
2025-05-04,Store-North-01,SKU-APPAREL-03,146,114.23,0,1,8,0
2025-05-05,Store-North-01,SKU-APPAREL-03,118,114.23,0,0,8,0
2025-05-06,Store-North-01,SKU-APPAREL-03,170,97.09,1,0,8,0
2025-05-07,Store-North-01,SKU-APPAREL-03,99,114.23,0,0,8,0
2025-05-08,Store-North-01,SKU-APPAREL-03,108,114.23,0,0,8,0
2025-05-09,Store-North-01,SKU-APPAREL-03,104,114.23,0,0,8,0
2025-05-10,Store-North-01,SKU-APPAREL-03,121,114.23,0,1,8,0
2025-05-11,Store-North-01,SKU-APPAREL-03,125,114.23,0,1,8,0
2025-05-12,Store-North-01,SKU-APPAREL-03,110,114.23,0,0,8,0
2025-05-13,Store-North-01,SKU-APPAREL-03,116,114.23,0,0,8,0
2025-05-14,Store-North-01,SKU-APPAREL-03,129,114.23,0,0,8,0
2025-05-15,Store-North-01,SKU-APPAREL-03,98,114.23,0,0,8,0
2025-05-16,Store-North-01,SKU-APPAREL-03,100,114.23,0,0,8,0
2025-05-17,Store-North-01,SKU-APPAREL-03,131,114.23,0,1,8,0
2025-05-18,Store-North-01,SKU-APPAREL-03,136,114.23,0,1,8,0
2025-05-19,Store-North-01,SKU-APPAREL-03,97,114.23,0,0,8,0
2025-05-20,Store-North-01,SKU-APPAREL-03,91,114.23,0,0,8,0
2025-05-21,Store-North-01,SKU-APPAREL-03,197,97.09,1,0,8,0
2025-05-22,Store-North-01,SKU-APPAREL-03,103,114.23,0,0,8,0
2025-05-23,Store-North-01,SKU-APPAREL-03,0,114.23,0,0,8,1
2025-05-24,Store-North-01,SKU-APPAREL-03,115,114.23,0,1,8,0
2025-05-25,Store-North-01,SKU-APPAREL-03,246,97.09,1,1,8,0
2025-05-26,Store-North-01,SKU-APPAREL-03,101,114.23,0,0,8,0
2025-05-27,Store-North-01,SKU-APPAREL-03,89,114.23,0,0,8,0
2025-05-28,Store-North-01,SKU-APPAREL-03,103,114.23,0,0,8,0
2025-05-29,Store-North-01,SKU-APPAREL-03,109,114.23,0,0,8,0
2025-05-30,Store-North-01,SKU-APPAREL-03,197,97.09,1,0,8,0
2025-05-31,Store-North-01,SKU-APPAREL-03,148,114.23,0,1,8,0
2025-06-01,Store-North-01,SKU-APPAREL-03,133,114.23,0,1,8,0
2025-06-02,Store-North-01,SKU-APPAREL-03,110,114.23,0,0,8,0
2025-06-03,Store-North-01,SKU-APPAREL-03,114,114.23,0,0,8,0
2025-06-04,Store-North-01,SKU-APPAREL-03,101,114.23,0,0,8,0
2025-06-05,Store-North-01,SKU-APPAREL-03,117,114.23,0,0,8,0
2025-06-06,Store-North-01,SKU-APPAREL-03,99,114.23,0,0,8,0
2025-06-07,Store-North-01,SKU-APPAREL-03,151,114.23,0,1,8,0
2025-06-08,Store-North-01,SKU-APPAREL-03,172,114.23,0,1,8,0
2025-06-09,Store-North-01,SKU-APPAREL-03,124,114.23,0,0,8,0
2025-06-10,Store-North-01,SKU-APPAREL-03,89,114.23,0,0,8,0
2025-06-11,Store-North-01,SKU-APPAREL-03,162,97.09,1,0,8,0
2025-06-12,Store-North-01,SKU-APPAREL-03,95,114.23,0,0,8,0
2025-06-13,Store-North-01,SKU-APPAREL-03,111,114.23,0,0,8,0
2025-06-14,Store-North-01,SKU-APPAREL-03,136,114.23,0,1,8,0
2025-06-15,Store-North-01,SKU-APPAREL-03,128,114.23,0,1,8,0
2025-06-16,Store-North-01,SKU-APPAREL-03,105,114.23,0,0,8,0
2025-06-17,Store-North-01,SKU-APPAREL-03,108,114.23,0,0,8,0
2025-06-18,Store-North-01,SKU-APPAREL-03,96,114.23,0,0,8,0
2025-06-19,Store-North-01,SKU-APPAREL-03,0,114.23,0,0,8,1
2025-06-20,Store-North-01,SKU-APPAREL-03,110,114.23,0,0,8,0
2025-06-21,Store-North-01,SKU-APPAREL-03,141,114.23,0,1,8,0
2025-06-22,Store-North-01,SKU-APPAREL-03,133,114.23,0,1,8,0
2025-06-23,Store-North-01,SKU-APPAREL-03,88,114.23,0,0,8,0
2025-06-24,Store-North-01,SKU-APPAREL-03,92,114.23,0,0,8,0
2025-06-25,Store-North-01,SKU-APPAREL-03,0,114.23,0,0,8,1
2025-06-26,Store-North-01,SKU-APPAREL-03,101,114.23,0,0,8,0
2025-06-27,Store-North-01,SKU-APPAREL-03,100,114.23,0,0,8,0
2025-06-28,Store-North-01,SKU-APPAREL-03,120,114.23,0,1,8,0
2025-06-29,Store-North-01,SKU-APPAREL-03,122,114.23,0,1,8,0
2025-06-30,Store-North-01,SKU-APPAREL-03,84,114.23,0,0,8,0
2025-07-01,Store-North-01,SKU-APPAREL-03,166,97.09,1,0,8,0
2025-07-02,Store-North-01,SKU-APPAREL-03,97,114.23,0,0,8,0
2025-07-03,Store-North-01,SKU-APPAREL-03,99,114.23,0,0,8,0
2025-07-04,Store-North-01,SKU-APPAREL-03,80,114.23,0,0,8,0
2025-07-05,Store-North-01,SKU-APPAREL-03,198,97.09,1,1,8,0
2025-07-06,Store-North-01,SKU-APPAREL-03,125,114.23,0,1,8,0
2025-07-07,Store-North-01,SKU-APPAREL-03,161,97.09,1,0,8,0
2025-07-08,Store-North-01,SKU-APPAREL-03,89,114.23,0,0,8,0
2025-07-09,Store-North-01,SKU-APPAREL-03,96,114.23,0,0,8,0
2025-07-10,Store-North-01,SKU-APPAREL-03,77,114.23,0,0,8,0
2025-07-11,Store-North-01,SKU-APPAREL-03,150,97.09,1,0,8,0
2025-07-12,Store-North-01,SKU-APPAREL-03,117,114.23,0,1,8,0
2025-07-13,Store-North-01,SKU-APPAREL-03,104,114.23,0,1,8,0
2025-07-14,Store-North-01,SKU-APPAREL-03,97,114.23,0,0,8,0
2025-07-15,Store-North-01,SKU-APPAREL-03,91,114.23,0,0,8,0
2025-07-16,Store-North-01,SKU-APPAREL-03,94,114.23,0,0,8,0
2025-07-17,Store-North-01,SKU-APPAREL-03,73,114.23,0,0,8,0
2025-07-18,Store-North-01,SKU-APPAREL-03,89,114.23,0,0,8,0
2025-07-19,Store-North-01,SKU-APPAREL-03,112,114.23,0,1,8,0
2025-07-20,Store-North-01,SKU-APPAREL-03,105,114.23,0,1,8,0
2025-07-21,Store-North-01,SKU-APPAREL-03,90,114.23,0,0,8,0
2025-07-22,Store-North-01,SKU-APPAREL-03,89,114.23,0,0,8,0
2025-07-23,Store-North-01,SKU-APPAREL-03,85,114.23,0,0,8,0
2025-07-24,Store-North-01,SKU-APPAREL-03,73,114.23,0,0,8,0
2025-07-25,Store-North-01,SKU-APPAREL-03,97,114.23,0,0,8,0
2025-07-26,Store-North-01,SKU-APPAREL-03,170,97.09,1,1,8,0
2025-07-27,Store-North-01,SKU-APPAREL-03,107,114.23,0,1,8,0
2025-07-28,Store-North-01,SKU-APPAREL-03,84,114.23,0,0,8,0
2025-07-29,Store-North-01,SKU-APPAREL-03,81,114.23,0,0,8,0
2025-07-30,Store-North-01,SKU-APPAREL-03,81,114.23,0,0,8,0
2025-07-31,Store-North-01,SKU-APPAREL-03,129,97.09,1,0,8,0
2025-08-01,Store-North-01,SKU-APPAREL-03,155,97.09,1,0,8,0
2025-08-02,Store-North-01,SKU-APPAREL-03,114,114.23,0,1,8,0
2025-08-03,Store-North-01,SKU-APPAREL-03,111,114.23,0,1,8,0
2025-08-04,Store-North-01,SKU-APPAREL-03,144,97.09,1,0,8,0
2025-08-05,Store-North-01,SKU-APPAREL-03,137,97.09,1,0,8,0
2025-08-06,Store-North-01,SKU-APPAREL-03,67,114.23,0,0,8,0
2025-08-07,Store-North-01,SKU-APPAREL-03,73,114.23,0,0,8,0
2025-08-08,Store-North-01,SKU-APPAREL-03,131,97.09,1,0,8,0
2025-08-09,Store-North-01,SKU-APPAREL-03,104,114.23,0,1,8,0
2025-08-10,Store-North-01,SKU-APPAREL-03,110,114.23,0,1,8,0
2025-08-11,Store-North-01,SKU-APPAREL-03,138,97.09,1,0,8,0
2025-08-12,Store-North-01,SKU-APPAREL-03,66,114.23,0,0,8,0
2025-08-13,Store-North-01,SKU-APPAREL-03,82,114.23,0,0,8,0
2025-08-14,Store-North-01,SKU-APPAREL-03,72,114.23,0,0,8,0
2025-08-15,Store-North-01,SKU-APPAREL-03,71,114.23,0,0,8,0
2025-08-16,Store-North-01,SKU-APPAREL-03,103,114.23,0,1,8,0
2025-08-17,Store-North-01,SKU-APPAREL-03,106,114.23,0,1,8,0
2025-08-18,Store-North-01,SKU-APPAREL-03,69,114.23,0,0,8,0
2025-08-19,Store-North-01,SKU-APPAREL-03,72,114.23,0,0,8,0
2025-08-20,Store-North-01,SKU-APPAREL-03,73,114.23,0,0,8,0
2025-08-21,Store-North-01,SKU-APPAREL-03,79,114.23,0,0,8,0
2025-08-22,Store-North-01,SKU-APPAREL-03,99,97.09,1,0,8,0
2025-08-23,Store-North-01,SKU-APPAREL-03,97,114.23,0,1,8,0
2025-08-24,Store-North-01,SKU-APPAREL-03,81,114.23,0,1,8,0
2025-08-25,Store-North-01,SKU-APPAREL-03,56,114.23,0,0,8,0
2025-08-26,Store-North-01,SKU-APPAREL-03,64,114.23,0,0,8,0
2025-08-27,Store-North-01,SKU-APPAREL-03,125,97.09,1,0,8,0
2025-08-28,Store-North-01,SKU-APPAREL-03,77,114.23,0,0,8,0
2025-08-29,Store-North-01,SKU-APPAREL-03,116,97.09,1,0,8,0
2025-08-30,Store-North-01,SKU-APPAREL-03,166,97.09,1,1,8,0
2025-08-31,Store-North-01,SKU-APPAREL-03,79,114.23,0,1,8,0
2025-09-01,Store-North-01,SKU-APPAREL-03,71,114.23,0,0,8,0
2025-09-02,Store-North-01,SKU-APPAREL-03,62,114.23,0,0,8,0
2025-09-03,Store-North-01,SKU-APPAREL-03,61,114.23,0,0,8,0
2025-09-04,Store-North-01,SKU-APPAREL-03,61,114.23,0,0,8,0
2025-09-05,Store-North-01,SKU-APPAREL-03,72,114.23,0,0,8,0
2025-09-06,Store-North-01,SKU-APPAREL-03,82,114.23,0,1,8,0
2025-09-07,Store-North-01,SKU-APPAREL-03,81,114.23,0,1,8,0
2025-09-08,Store-North-01,SKU-APPAREL-03,74,114.23,0,0,8,0
2025-09-09,Store-North-01,SKU-APPAREL-03,137,97.09,1,0,8,0
2025-09-10,Store-North-01,SKU-APPAREL-03,70,114.23,0,0,8,0
2025-09-11,Store-North-01,SKU-APPAREL-03,0,114.23,0,0,8,1
2025-09-12,Store-North-01,SKU-APPAREL-03,118,97.09,1,0,8,0
2025-09-13,Store-North-01,SKU-APPAREL-03,100,114.23,0,1,8,0
2025-09-14,Store-North-01,SKU-APPAREL-03,86,114.23,0,1,8,0
2025-09-15,Store-North-01,SKU-APPAREL-03,59,114.23,0,0,8,0
2025-09-16,Store-North-01,SKU-APPAREL-03,62,114.23,0,0,8,0
2025-09-17,Store-North-01,SKU-APPAREL-03,56,114.23,0,0,8,0
2025-09-18,Store-North-01,SKU-APPAREL-03,60,114.23,0,0,8,0
2025-09-19,Store-North-01,SKU-APPAREL-03,59,114.23,0,0,8,0
2025-09-20,Store-North-01,SKU-APPAREL-03,96,114.23,0,1,8,0
2025-09-21,Store-North-01,SKU-APPAREL-03,101,114.23,0,1,8,0
2025-09-22,Store-North-01,SKU-APPAREL-03,65,114.23,0,0,8,0
2025-09-23,Store-North-01,SKU-APPAREL-03,60,114.23,0,0,8,0
2025-09-24,Store-North-01,SKU-APPAREL-03,0,114.23,0,0,8,1
2025-09-25,Store-North-01,SKU-APPAREL-03,63,114.23,0,0,8,0
2025-09-26,Store-North-01,SKU-APPAREL-03,119,97.09,1,0,8,0
2025-09-27,Store-North-01,SKU-APPAREL-03,90,114.23,0,1,8,0
2025-09-28,Store-North-01,SKU-APPAREL-03,72,114.23,0,1,8,0
2025-09-29,Store-North-01,SKU-APPAREL-03,55,114.23,0,0,8,0
2025-09-30,Store-North-01,SKU-APPAREL-03,60,114.23,0,0,8,0
2025-10-01,Store-North-01,SKU-APPAREL-03,57,114.23,0,0,8,0
2025-10-02,Store-North-01,SKU-APPAREL-03,61,114.23,0,0,8,0
2025-10-03,Store-North-01,SKU-APPAREL-03,51,114.23,0,0,8,0
2025-10-04,Store-North-01,SKU-APPAREL-03,71,114.23,0,1,8,0
2025-10-05,Store-North-01,SKU-APPAREL-03,77,114.23,0,1,8,0
2025-10-06,Store-North-01,SKU-APPAREL-03,51,114.23,0,0,8,0
2025-10-07,Store-North-01,SKU-APPAREL-03,58,114.23,0,0,8,0
2025-10-08,Store-North-01,SKU-APPAREL-03,68,114.23,0,0,8,0
2025-10-09,Store-North-01,SKU-APPAREL-03,54,114.23,0,0,8,0
2025-10-10,Store-North-01,SKU-APPAREL-03,59,114.23,0,0,8,0
2025-10-11,Store-North-01,SKU-APPAREL-03,85,114.23,0,1,8,0
2025-10-12,Store-North-01,SKU-APPAREL-03,71,114.23,0,1,8,0
2025-10-13,Store-North-01,SKU-APPAREL-03,57,114.23,0,0,8,0
2025-10-14,Store-North-01,SKU-APPAREL-03,45,114.23,0,0,8,0
2025-10-15,Store-North-01,SKU-APPAREL-03,111,97.09,1,0,8,0
2025-10-16,Store-North-01,SKU-APPAREL-03,0,114.23,0,0,8,1
2025-10-17,Store-North-01,SKU-APPAREL-03,57,114.23,0,0,8,0
2025-10-18,Store-North-01,SKU-APPAREL-03,67,114.23,0,1,8,0
2025-10-19,Store-North-01,SKU-APPAREL-03,73,114.23,0,1,8,0
2025-10-20,Store-North-01,SKU-APPAREL-03,64,114.23,0,0,8,0
2025-10-21,Store-North-01,SKU-APPAREL-03,50,114.23,0,0,8,0
2025-10-22,Store-North-01,SKU-APPAREL-03,52,114.23,0,0,8,0
2025-10-23,Store-North-01,SKU-APPAREL-03,57,114.23,0,0,8,0
2025-10-24,Store-North-01,SKU-APPAREL-03,60,114.23,0,0,8,0
2025-10-25,Store-North-01,SKU-APPAREL-03,141,97.09,1,1,8,0
2025-10-26,Store-North-01,SKU-APPAREL-03,76,114.23,0,1,8,0
2025-10-27,Store-North-01,SKU-APPAREL-03,64,114.23,0,0,8,0
2025-10-28,Store-North-01,SKU-APPAREL-03,58,114.23,0,0,8,0
2025-10-29,Store-North-01,SKU-APPAREL-03,57,114.23,0,0,8,0
2025-10-30,Store-North-01,SKU-APPAREL-03,43,114.23,0,0,8,0
2025-10-31,Store-North-01,SKU-APPAREL-03,52,114.23,0,0,8,0
2025-11-01,Store-North-01,SKU-APPAREL-03,75,114.23,0,1,8,0
2025-11-02,Store-North-01,SKU-APPAREL-03,71,114.23,0,1,8,0
2025-11-03,Store-North-01,SKU-APPAREL-03,58,114.23,0,0,8,0
2025-11-04,Store-North-01,SKU-APPAREL-03,52,114.23,0,0,8,0
2025-11-05,Store-North-01,SKU-APPAREL-03,64,114.23,0,0,8,0
2025-11-06,Store-North-01,SKU-APPAREL-03,53,114.23,0,0,8,0
2025-11-07,Store-North-01,SKU-APPAREL-03,53,114.23,0,0,8,0
2025-11-08,Store-North-01,SKU-APPAREL-03,81,114.23,0,1,8,0
2025-11-09,Store-North-01,SKU-APPAREL-03,75,114.23,0,1,8,0
2025-11-10,Store-North-01,SKU-APPAREL-03,66,114.23,0,0,8,0
2025-11-11,Store-North-01,SKU-APPAREL-03,57,114.23,0,0,8,0
2025-11-12,Store-North-01,SKU-APPAREL-03,61,114.23,0,0,8,0
2025-11-13,Store-North-01,SKU-APPAREL-03,62,114.23,0,0,8,0
2025-11-14,Store-North-01,SKU-APPAREL-03,61,114.23,0,0,8,0
2025-11-15,Store-North-01,SKU-APPAREL-03,85,114.23,0,1,8,0
2025-11-16,Store-North-01,SKU-APPAREL-03,80,114.23,0,1,8,0
2025-11-17,Store-North-01,SKU-APPAREL-03,57,114.23,0,0,8,0
2025-11-18,Store-North-01,SKU-APPAREL-03,41,114.23,0,0,8,0
2025-11-19,Store-North-01,SKU-APPAREL-03,62,114.23,0,0,8,0
2025-11-20,Store-North-01,SKU-APPAREL-03,65,114.23,0,0,8,0
2025-11-21,Store-North-01,SKU-APPAREL-03,105,97.09,1,0,8,0
2025-11-22,Store-North-01,SKU-APPAREL-03,72,114.23,0,1,8,0
2025-11-23,Store-North-01,SKU-APPAREL-03,78,114.23,0,1,8,0
2025-11-24,Store-North-01,SKU-APPAREL-03,53,114.23,0,0,8,0
2025-11-25,Store-North-01,SKU-APPAREL-03,110,97.09,1,0,8,0
2025-11-26,Store-North-01,SKU-APPAREL-03,69,114.23,0,0,8,0
2025-11-27,Store-North-01,SKU-APPAREL-03,67,114.23,0,0,8,0
2025-11-28,Store-North-01,SKU-APPAREL-03,0,114.23,0,0,8,1
2025-11-29,Store-North-01,SKU-APPAREL-03,82,114.23,0,1,8,0
2025-11-30,Store-North-01,SKU-APPAREL-03,95,114.23,0,1,8,0
2025-12-01,Store-North-01,SKU-APPAREL-03,53,114.23,0,0,8,0
2025-12-02,Store-North-01,SKU-APPAREL-03,50,114.23,0,0,8,0
2025-12-03,Store-North-01,SKU-APPAREL-03,61,114.23,0,0,8,0
2025-12-04,Store-North-01,SKU-APPAREL-03,71,114.23,0,0,8,0
2025-12-05,Store-North-01,SKU-APPAREL-03,46,114.23,0,0,8,0
2025-12-06,Store-North-01,SKU-APPAREL-03,86,114.23,0,1,8,0
2025-12-07,Store-North-01,SKU-APPAREL-03,75,114.23,0,1,8,0
2025-12-08,Store-North-01,SKU-APPAREL-03,69,114.23,0,0,8,0
2025-12-09,Store-North-01,SKU-APPAREL-03,52,114.23,0,0,8,0
2025-12-10,Store-North-01,SKU-APPAREL-03,59,114.23,0,0,8,0
2025-12-11,Store-North-01,SKU-APPAREL-03,0,114.23,0,0,8,1
2025-12-12,Store-North-01,SKU-APPAREL-03,0,114.23,0,0,8,1
2025-12-13,Store-North-01,SKU-APPAREL-03,84,114.23,0,1,8,0
2025-12-14,Store-North-01,SKU-APPAREL-03,74,114.23,0,1,8,0
2025-12-15,Store-North-01,SKU-APPAREL-03,55,114.23,0,0,8,0
2025-12-16,Store-North-01,SKU-APPAREL-03,0,114.23,0,0,8,1
2025-12-17,Store-North-01,SKU-APPAREL-03,116,97.09,1,0,8,0
2025-12-18,Store-North-01,SKU-APPAREL-03,59,114.23,0,0,8,0
2025-12-19,Store-North-01,SKU-APPAREL-03,67,114.23,0,0,8,0
2025-12-20,Store-North-01,SKU-APPAREL-03,86,114.23,0,1,8,0
2025-12-21,Store-North-01,SKU-APPAREL-03,83,114.23,0,1,8,0
2025-12-22,Store-North-01,SKU-APPAREL-03,61,114.23,0,0,8,0
2025-12-23,Store-North-01,SKU-APPAREL-03,0,114.23,0,0,8,1
2025-12-24,Store-North-01,SKU-APPAREL-03,69,114.23,0,0,8,0
2025-12-25,Store-North-01,SKU-APPAREL-03,108,97.09,1,0,8,0
2025-12-26,Store-North-01,SKU-APPAREL-03,46,114.23,0,0,8,0
2025-12-27,Store-North-01,SKU-APPAREL-03,100,114.23,0,1,8,0
2025-12-28,Store-North-01,SKU-APPAREL-03,85,114.23,0,1,8,0
2025-12-29,Store-North-01,SKU-APPAREL-03,61,114.23,0,0,8,0
2025-12-30,Store-North-01,SKU-APPAREL-03,77,114.23,0,0,8,0
2025-12-31,Store-North-01,SKU-APPAREL-03,73,114.23,0,0,8,0
2024-01-01,Store-North-01,SKU-FMCG-04,95,66.41,0,0,8,0
2024-01-02,Store-North-01,SKU-FMCG-04,106,66.41,0,0,8,0
2024-01-03,Store-North-01,SKU-FMCG-04,189,56.45,1,0,8,0
2024-01-04,Store-North-01,SKU-FMCG-04,123,66.41,0,0,8,0
2024-01-05,Store-North-01,SKU-FMCG-04,123,66.41,0,0,8,0
2024-01-06,Store-North-01,SKU-FMCG-04,150,66.41,0,1,8,0
2024-01-07,Store-North-01,SKU-FMCG-04,149,66.41,0,1,8,0
2024-01-08,Store-North-01,SKU-FMCG-04,220,56.45,1,0,8,0
2024-01-09,Store-North-01,SKU-FMCG-04,125,66.41,0,0,8,0
2024-01-10,Store-North-01,SKU-FMCG-04,124,66.41,0,0,8,0
2024-01-11,Store-North-01,SKU-FMCG-04,131,66.41,0,0,8,0
2024-01-12,Store-North-01,SKU-FMCG-04,107,66.41,0,0,8,0
2024-01-13,Store-North-01,SKU-FMCG-04,169,66.41,0,1,8,0
2024-01-14,Store-North-01,SKU-FMCG-04,177,66.41,0,1,8,0
2024-01-15,Store-North-01,SKU-FMCG-04,126,66.41,0,0,8,0
2024-01-16,Store-North-01,SKU-FMCG-04,120,66.41,0,0,8,0
2024-01-17,Store-North-01,SKU-FMCG-04,127,66.41,0,0,8,0
2024-01-18,Store-North-01,SKU-FMCG-04,111,66.41,0,0,8,0
2024-01-19,Store-North-01,SKU-FMCG-04,113,66.41,0,0,8,0
2024-01-20,Store-North-01,SKU-FMCG-04,153,66.41,0,1,8,0
2024-01-21,Store-North-01,SKU-FMCG-04,0,66.41,0,1,8,1
2024-01-22,Store-North-01,SKU-FMCG-04,133,66.41,0,0,8,0
2024-01-23,Store-North-01,SKU-FMCG-04,135,66.41,0,0,8,0
2024-01-24,Store-North-01,SKU-FMCG-04,113,66.41,0,0,8,0
2024-01-25,Store-North-01,SKU-FMCG-04,105,66.41,0,0,8,0
2024-01-26,Store-North-01,SKU-FMCG-04,139,66.41,0,0,8,0
2024-01-27,Store-North-01,SKU-FMCG-04,164,66.41,0,1,8,0
2024-01-28,Store-North-01,SKU-FMCG-04,171,66.41,0,1,8,0
2024-01-29,Store-North-01,SKU-FMCG-04,131,66.41,0,0,8,0
2024-01-30,Store-North-01,SKU-FMCG-04,141,66.41,0,0,8,0
2024-01-31,Store-North-01,SKU-FMCG-04,141,66.41,0,0,8,0
2024-02-01,Store-North-01,SKU-FMCG-04,234,56.45,1,0,8,0
2024-02-02,Store-North-01,SKU-FMCG-04,146,66.41,0,0,8,0
2024-02-03,Store-North-01,SKU-FMCG-04,178,66.41,0,1,8,0
2024-02-04,Store-North-01,SKU-FMCG-04,188,66.41,0,1,8,0
2024-02-05,Store-North-01,SKU-FMCG-04,142,66.41,0,0,8,0
2024-02-06,Store-North-01,SKU-FMCG-04,123,66.41,0,0,8,0
2024-02-07,Store-North-01,SKU-FMCG-04,144,66.41,0,0,8,0
2024-02-08,Store-North-01,SKU-FMCG-04,0,66.41,0,0,8,1
2024-02-09,Store-North-01,SKU-FMCG-04,0,66.41,0,0,8,1
2024-02-10,Store-North-01,SKU-FMCG-04,192,66.41,0,1,8,0
2024-02-11,Store-North-01,SKU-FMCG-04,178,66.41,0,1,8,0
2024-02-12,Store-North-01,SKU-FMCG-04,121,66.41,0,0,8,0
2024-02-13,Store-North-01,SKU-FMCG-04,131,66.41,0,0,8,0
2024-02-14,Store-North-01,SKU-FMCG-04,142,66.41,0,0,8,0
2024-02-15,Store-North-01,SKU-FMCG-04,129,66.41,0,0,8,0
2024-02-16,Store-North-01,SKU-FMCG-04,128,66.41,0,0,8,0
2024-02-17,Store-North-01,SKU-FMCG-04,188,66.41,0,1,8,0
2024-02-18,Store-North-01,SKU-FMCG-04,196,66.41,0,1,8,0
2024-02-19,Store-North-01,SKU-FMCG-04,166,66.41,0,0,8,0
2024-02-20,Store-North-01,SKU-FMCG-04,0,56.45,1,0,8,1
2024-02-21,Store-North-01,SKU-FMCG-04,145,66.41,0,0,8,0
2024-02-22,Store-North-01,SKU-FMCG-04,147,66.41,0,0,8,0
2024-02-23,Store-North-01,SKU-FMCG-04,168,66.41,0,0,8,0
2024-02-24,Store-North-01,SKU-FMCG-04,204,66.41,0,1,8,0
2024-02-25,Store-North-01,SKU-FMCG-04,199,66.41,0,1,8,0
2024-02-26,Store-North-01,SKU-FMCG-04,154,66.41,0,0,8,0
2024-02-27,Store-North-01,SKU-FMCG-04,142,66.41,0,0,8,0
2024-02-28,Store-North-01,SKU-FMCG-04,136,66.41,0,0,8,0
2024-02-29,Store-North-01,SKU-FMCG-04,150,66.41,0,0,8,0
2024-03-01,Store-North-01,SKU-FMCG-04,167,66.41,0,0,8,0
2024-03-02,Store-North-01,SKU-FMCG-04,349,56.45,1,1,8,0
2024-03-03,Store-North-01,SKU-FMCG-04,212,66.41,0,1,8,0
2024-03-04,Store-North-01,SKU-FMCG-04,146,66.41,0,0,8,0
2024-03-05,Store-North-01,SKU-FMCG-04,193,66.41,0,0,8,0
2024-03-06,Store-North-01,SKU-FMCG-04,151,66.41,0,0,8,0
2024-03-07,Store-North-01,SKU-FMCG-04,138,66.41,0,0,8,0
2024-03-08,Store-North-01,SKU-FMCG-04,0,66.41,0,0,8,1
2024-03-09,Store-North-01,SKU-FMCG-04,194,66.41,0,1,8,0
2024-03-10,Store-North-01,SKU-FMCG-04,209,66.41,0,1,8,0
2024-03-11,Store-North-01,SKU-FMCG-04,135,66.41,0,0,8,0
2024-03-12,Store-North-01,SKU-FMCG-04,157,66.41,0,0,8,0
2024-03-13,Store-North-01,SKU-FMCG-04,180,66.41,0,0,8,0
2024-03-14,Store-North-01,SKU-FMCG-04,168,66.41,0,0,8,0
2024-03-15,Store-North-01,SKU-FMCG-04,136,66.41,0,0,8,0
2024-03-16,Store-North-01,SKU-FMCG-04,190,66.41,0,1,8,0
2024-03-17,Store-North-01,SKU-FMCG-04,176,66.41,0,1,8,0
2024-03-18,Store-North-01,SKU-FMCG-04,160,66.41,0,0,8,0
2024-03-19,Store-North-01,SKU-FMCG-04,179,66.41,0,0,8,0
2024-03-20,Store-North-01,SKU-FMCG-04,184,66.41,0,0,8,0
2024-03-21,Store-North-01,SKU-FMCG-04,284,56.45,1,0,8,0
2024-03-22,Store-North-01,SKU-FMCG-04,164,66.41,0,0,8,0
2024-03-23,Store-North-01,SKU-FMCG-04,238,66.41,0,1,8,0
2024-03-24,Store-North-01,SKU-FMCG-04,196,66.41,0,1,8,0
2024-03-25,Store-North-01,SKU-FMCG-04,134,66.41,0,0,8,0
2024-03-26,Store-North-01,SKU-FMCG-04,152,66.41,0,0,8,0
2024-03-27,Store-North-01,SKU-FMCG-04,160,66.41,0,0,8,0
2024-03-28,Store-North-01,SKU-FMCG-04,152,66.41,0,0,8,0
2024-03-29,Store-North-01,SKU-FMCG-04,173,66.41,0,0,8,0
2024-03-30,Store-North-01,SKU-FMCG-04,223,66.41,0,1,8,0
2024-03-31,Store-North-01,SKU-FMCG-04,223,66.41,0,1,8,0
2024-04-01,Store-North-01,SKU-FMCG-04,147,66.41,0,0,8,0
2024-04-02,Store-North-01,SKU-FMCG-04,138,66.41,0,0,8,0
2024-04-03,Store-North-01,SKU-FMCG-04,169,66.41,0,0,8,0
2024-04-04,Store-North-01,SKU-FMCG-04,185,66.41,0,0,8,0
2024-04-05,Store-North-01,SKU-FMCG-04,157,66.41,0,0,8,0
2024-04-06,Store-North-01,SKU-FMCG-04,215,66.41,0,1,8,0
2024-04-07,Store-North-01,SKU-FMCG-04,256,66.41,0,1,8,0
2024-04-08,Store-North-01,SKU-FMCG-04,159,66.41,0,0,8,0
2024-04-09,Store-North-01,SKU-FMCG-04,182,66.41,0,0,8,0
2024-04-10,Store-North-01,SKU-FMCG-04,176,66.41,0,0,8,0
2024-04-11,Store-North-01,SKU-FMCG-04,0,66.41,0,0,8,1
2024-04-12,Store-North-01,SKU-FMCG-04,286,56.45,1,0,8,0
2024-04-13,Store-North-01,SKU-FMCG-04,247,66.41,0,1,8,0
2024-04-14,Store-North-01,SKU-FMCG-04,436,56.45,1,1,8,0
2024-04-15,Store-North-01,SKU-FMCG-04,159,66.41,0,0,8,0
2024-04-16,Store-North-01,SKU-FMCG-04,151,66.41,0,0,8,0
2024-04-17,Store-North-01,SKU-FMCG-04,0,66.41,0,0,8,1
2024-04-18,Store-North-01,SKU-FMCG-04,166,66.41,0,0,8,0
2024-04-19,Store-North-01,SKU-FMCG-04,167,66.41,0,0,8,0
2024-04-20,Store-North-01,SKU-FMCG-04,0,66.41,0,1,8,1
2024-04-21,Store-North-01,SKU-FMCG-04,214,66.41,0,1,8,0
2024-04-22,Store-North-01,SKU-FMCG-04,178,66.41,0,0,8,0
2024-04-23,Store-North-01,SKU-FMCG-04,181,66.41,0,0,8,0
2024-04-24,Store-North-01,SKU-FMCG-04,159,66.41,0,0,8,0
2024-04-25,Store-North-01,SKU-FMCG-04,306,56.45,1,0,8,0
2024-04-26,Store-North-01,SKU-FMCG-04,309,56.45,1,0,8,0
2024-04-27,Store-North-01,SKU-FMCG-04,214,66.41,0,1,8,0
2024-04-28,Store-North-01,SKU-FMCG-04,245,66.41,0,1,8,0
2024-04-29,Store-North-01,SKU-FMCG-04,177,66.41,0,0,8,0
2024-04-30,Store-North-01,SKU-FMCG-04,162,66.41,0,0,8,0
2024-05-01,Store-North-01,SKU-FMCG-04,169,66.41,0,0,8,0
2024-05-02,Store-North-01,SKU-FMCG-04,168,66.41,0,0,8,0
2024-05-03,Store-North-01,SKU-FMCG-04,309,56.45,1,0,8,0
2024-05-04,Store-North-01,SKU-FMCG-04,394,56.45,1,1,8,0
2024-05-05,Store-North-01,SKU-FMCG-04,430,56.45,1,1,8,0
2024-05-06,Store-North-01,SKU-FMCG-04,157,66.41,0,0,8,0
2024-05-07,Store-North-01,SKU-FMCG-04,310,56.45,1,0,8,0
2024-05-08,Store-North-01,SKU-FMCG-04,301,56.45,1,0,8,0
2024-05-09,Store-North-01,SKU-FMCG-04,179,66.41,0,0,8,0
2024-05-10,Store-North-01,SKU-FMCG-04,164,66.41,0,0,8,0
2024-05-11,Store-North-01,SKU-FMCG-04,223,66.41,0,1,8,0
2024-05-12,Store-North-01,SKU-FMCG-04,243,66.41,0,1,8,0
2024-05-13,Store-North-01,SKU-FMCG-04,163,66.41,0,0,8,0
2024-05-14,Store-North-01,SKU-FMCG-04,161,66.41,0,0,8,0
2024-05-15,Store-North-01,SKU-FMCG-04,151,66.41,0,0,8,0
2024-05-16,Store-North-01,SKU-FMCG-04,142,66.41,0,0,8,0
2024-05-17,Store-North-01,SKU-FMCG-04,176,66.41,0,0,8,0
2024-05-18,Store-North-01,SKU-FMCG-04,220,66.41,0,1,8,0
2024-05-19,Store-North-01,SKU-FMCG-04,245,66.41,0,1,8,0
2024-05-20,Store-North-01,SKU-FMCG-04,159,66.41,0,0,8,0
2024-05-21,Store-North-01,SKU-FMCG-04,190,66.41,0,0,8,0
2024-05-22,Store-North-01,SKU-FMCG-04,155,66.41,0,0,8,0
2024-05-23,Store-North-01,SKU-FMCG-04,159,66.41,0,0,8,0
2024-05-24,Store-North-01,SKU-FMCG-04,151,66.41,0,0,8,0
2024-05-25,Store-North-01,SKU-FMCG-04,215,66.41,0,1,8,0
2024-05-26,Store-North-01,SKU-FMCG-04,236,66.41,0,1,8,0
2024-05-27,Store-North-01,SKU-FMCG-04,144,66.41,0,0,8,0
2024-05-28,Store-North-01,SKU-FMCG-04,155,66.41,0,0,8,0
2024-05-29,Store-North-01,SKU-FMCG-04,176,66.41,0,0,8,0
2024-05-30,Store-North-01,SKU-FMCG-04,157,66.41,0,0,8,0
2024-05-31,Store-North-01,SKU-FMCG-04,166,66.41,0,0,8,0
2024-06-01,Store-North-01,SKU-FMCG-04,210,66.41,0,1,8,0
2024-06-02,Store-North-01,SKU-FMCG-04,211,66.41,0,1,8,0
2024-06-03,Store-North-01,SKU-FMCG-04,152,66.41,0,0,8,0
2024-06-04,Store-North-01,SKU-FMCG-04,162,66.41,0,0,8,0
2024-06-05,Store-North-01,SKU-FMCG-04,168,66.41,0,0,8,0
2024-06-06,Store-North-01,SKU-FMCG-04,157,66.41,0,0,8,0
2024-06-07,Store-North-01,SKU-FMCG-04,158,66.41,0,0,8,0
2024-06-08,Store-North-01,SKU-FMCG-04,215,66.41,0,1,8,0
2024-06-09,Store-North-01,SKU-FMCG-04,213,66.41,0,1,8,0
2024-06-10,Store-North-01,SKU-FMCG-04,173,66.41,0,0,8,0
2024-06-11,Store-North-01,SKU-FMCG-04,139,66.41,0,0,8,0
2024-06-12,Store-North-01,SKU-FMCG-04,165,66.41,0,0,8,0
2024-06-13,Store-North-01,SKU-FMCG-04,153,66.41,0,0,8,0
2024-06-14,Store-North-01,SKU-FMCG-04,171,66.41,0,0,8,0
2024-06-15,Store-North-01,SKU-FMCG-04,200,66.41,0,1,8,0
2024-06-16,Store-North-01,SKU-FMCG-04,202,66.41,0,1,8,0
2024-06-17,Store-North-01,SKU-FMCG-04,157,66.41,0,0,8,0
2024-06-18,Store-North-01,SKU-FMCG-04,143,66.41,0,0,8,0
2024-06-19,Store-North-01,SKU-FMCG-04,145,66.41,0,0,8,0
2024-06-20,Store-North-01,SKU-FMCG-04,171,66.41,0,0,8,0
2024-06-21,Store-North-01,SKU-FMCG-04,287,56.45,1,0,8,0
2024-06-22,Store-North-01,SKU-FMCG-04,204,66.41,0,1,8,0
2024-06-23,Store-North-01,SKU-FMCG-04,209,66.41,0,1,8,0
2024-06-24,Store-North-01,SKU-FMCG-04,150,66.41,0,0,8,0
2024-06-25,Store-North-01,SKU-FMCG-04,151,66.41,0,0,8,0
2024-06-26,Store-North-01,SKU-FMCG-04,290,56.45,1,0,8,0
2024-06-27,Store-North-01,SKU-FMCG-04,146,66.41,0,0,8,0
2024-06-28,Store-North-01,SKU-FMCG-04,166,66.41,0,0,8,0
2024-06-29,Store-North-01,SKU-FMCG-04,196,66.41,0,1,8,0
2024-06-30,Store-North-01,SKU-FMCG-04,223,66.41,0,1,8,0
2024-07-01,Store-North-01,SKU-FMCG-04,148,66.41,0,0,8,0
2024-07-02,Store-North-01,SKU-FMCG-04,158,66.41,0,0,8,0
2024-07-03,Store-North-01,SKU-FMCG-04,135,66.41,0,0,8,0
2024-07-04,Store-North-01,SKU-FMCG-04,164,66.41,0,0,8,0
2024-07-05,Store-North-01,SKU-FMCG-04,148,66.41,0,0,8,0
2024-07-06,Store-North-01,SKU-FMCG-04,202,66.41,0,1,8,0
2024-07-07,Store-North-01,SKU-FMCG-04,186,66.41,0,1,8,0
2024-07-08,Store-North-01,SKU-FMCG-04,130,66.41,0,0,8,0
2024-07-09,Store-North-01,SKU-FMCG-04,130,66.41,0,0,8,0
2024-07-10,Store-North-01,SKU-FMCG-04,156,66.41,0,0,8,0
2024-07-11,Store-North-01,SKU-FMCG-04,144,66.41,0,0,8,0
2024-07-12,Store-North-01,SKU-FMCG-04,136,66.41,0,0,8,0
2024-07-13,Store-North-01,SKU-FMCG-04,206,66.41,0,1,8,0
2024-07-14,Store-North-01,SKU-FMCG-04,166,66.41,0,1,8,0
2024-07-15,Store-North-01,SKU-FMCG-04,135,66.41,0,0,8,0
2024-07-16,Store-North-01,SKU-FMCG-04,134,66.41,0,0,8,0
2024-07-17,Store-North-01,SKU-FMCG-04,146,66.41,0,0,8,0
2024-07-18,Store-North-01,SKU-FMCG-04,156,66.41,0,0,8,0
2024-07-19,Store-North-01,SKU-FMCG-04,133,66.41,0,0,8,0
2024-07-20,Store-North-01,SKU-FMCG-04,185,66.41,0,1,8,0
2024-07-21,Store-North-01,SKU-FMCG-04,178,66.41,0,1,8,0
2024-07-22,Store-North-01,SKU-FMCG-04,136,66.41,0,0,8,0
2024-07-23,Store-North-01,SKU-FMCG-04,120,66.41,0,0,8,0
2024-07-24,Store-North-01,SKU-FMCG-04,108,66.41,0,0,8,0
2024-07-25,Store-North-01,SKU-FMCG-04,140,66.41,0,0,8,0
2024-07-26,Store-North-01,SKU-FMCG-04,257,56.45,1,0,8,0
2024-07-27,Store-North-01,SKU-FMCG-04,0,66.41,0,1,8,1
2024-07-28,Store-North-01,SKU-FMCG-04,160,66.41,0,1,8,0
2024-07-29,Store-North-01,SKU-FMCG-04,0,66.41,0,0,8,1
2024-07-30,Store-North-01,SKU-FMCG-04,226,56.45,1,0,8,0
2024-07-31,Store-North-01,SKU-FMCG-04,130,66.41,0,0,8,0
2024-08-01,Store-North-01,SKU-FMCG-04,130,66.41,0,0,8,0
2024-08-02,Store-North-01,SKU-FMCG-04,128,66.41,0,0,8,0
2024-08-03,Store-North-01,SKU-FMCG-04,180,66.41,0,1,8,0
2024-08-04,Store-North-01,SKU-FMCG-04,168,66.41,0,1,8,0
2024-08-05,Store-North-01,SKU-FMCG-04,102,66.41,0,0,8,0
2024-08-06,Store-North-01,SKU-FMCG-04,107,66.41,0,0,8,0
2024-08-07,Store-North-01,SKU-FMCG-04,229,56.45,1,0,8,0
2024-08-08,Store-North-01,SKU-FMCG-04,121,66.41,0,0,8,0
2024-08-09,Store-North-01,SKU-FMCG-04,111,66.41,0,0,8,0
2024-08-10,Store-North-01,SKU-FMCG-04,169,66.41,0,1,8,0
2024-08-11,Store-North-01,SKU-FMCG-04,318,56.45,1,1,8,0
2024-08-12,Store-North-01,SKU-FMCG-04,255,56.45,1,0,8,0
2024-08-13,Store-North-01,SKU-FMCG-04,226,56.45,1,0,8,0
2024-08-14,Store-North-01,SKU-FMCG-04,123,66.41,0,0,8,0
2024-08-15,Store-North-01,SKU-FMCG-04,115,66.41,0,0,8,0
2024-08-16,Store-North-01,SKU-FMCG-04,135,66.41,0,0,8,0
2024-08-17,Store-North-01,SKU-FMCG-04,161,66.41,0,1,8,0
2024-08-18,Store-North-01,SKU-FMCG-04,310,56.45,1,1,8,0
2024-08-19,Store-North-01,SKU-FMCG-04,121,66.41,0,0,8,0
2024-08-20,Store-North-01,SKU-FMCG-04,123,66.41,0,0,8,0
2024-08-21,Store-North-01,SKU-FMCG-04,207,56.45,1,0,8,0
2024-08-22,Store-North-01,SKU-FMCG-04,132,66.41,0,0,8,0
2024-08-23,Store-North-01,SKU-FMCG-04,128,66.41,0,0,8,0
2024-08-24,Store-North-01,SKU-FMCG-04,163,66.41,0,1,8,0
2024-08-25,Store-North-01,SKU-FMCG-04,153,66.41,0,1,8,0
2024-08-26,Store-North-01,SKU-FMCG-04,101,66.41,0,0,8,0
2024-08-27,Store-North-01,SKU-FMCG-04,117,66.41,0,0,8,0
2024-08-28,Store-North-01,SKU-FMCG-04,112,66.41,0,0,8,0
2024-08-29,Store-North-01,SKU-FMCG-04,107,66.41,0,0,8,0
2024-08-30,Store-North-01,SKU-FMCG-04,118,66.41,0,0,8,0
2024-08-31,Store-North-01,SKU-FMCG-04,166,66.41,0,1,8,0
2024-09-01,Store-North-01,SKU-FMCG-04,160,66.41,0,1,8,0
2024-09-02,Store-North-01,SKU-FMCG-04,128,66.41,0,0,8,0
2024-09-03,Store-North-01,SKU-FMCG-04,110,66.41,0,0,8,0
2024-09-04,Store-North-01,SKU-FMCG-04,106,66.41,0,0,8,0
2024-09-05,Store-North-01,SKU-FMCG-04,181,56.45,1,0,8,0
2024-09-06,Store-North-01,SKU-FMCG-04,97,66.41,0,0,8,0
2024-09-07,Store-North-01,SKU-FMCG-04,270,56.45,1,1,8,0
2024-09-08,Store-North-01,SKU-FMCG-04,134,66.41,0,1,8,0
2024-09-09,Store-North-01,SKU-FMCG-04,112,66.41,0,0,8,0
2024-09-10,Store-North-01,SKU-FMCG-04,85,66.41,0,0,8,0
2024-09-11,Store-North-01,SKU-FMCG-04,103,66.41,0,0,8,0
2024-09-12,Store-North-01,SKU-FMCG-04,101,66.41,0,0,8,0
2024-09-13,Store-North-01,SKU-FMCG-04,188,56.45,1,0,8,0
2024-09-14,Store-North-01,SKU-FMCG-04,121,66.41,0,1,8,0
2024-09-15,Store-North-01,SKU-FMCG-04,106,66.41,0,1,8,0
2024-09-16,Store-North-01,SKU-FMCG-04,171,56.45,1,0,8,0
2024-09-17,Store-North-01,SKU-FMCG-04,115,66.41,0,0,8,0
2024-09-18,Store-North-01,SKU-FMCG-04,99,66.41,0,0,8,0
2024-09-19,Store-North-01,SKU-FMCG-04,112,66.41,0,0,8,0
2024-09-20,Store-North-01,SKU-FMCG-04,90,66.41,0,0,8,0
2024-09-21,Store-North-01,SKU-FMCG-04,122,66.41,0,1,8,0
2024-09-22,Store-North-01,SKU-FMCG-04,134,66.41,0,1,8,0
2024-09-23,Store-North-01,SKU-FMCG-04,0,66.41,0,0,8,1
2024-09-24,Store-North-01,SKU-FMCG-04,101,66.41,0,0,8,0
2024-09-25,Store-North-01,SKU-FMCG-04,102,66.41,0,0,8,0
2024-09-26,Store-North-01,SKU-FMCG-04,103,66.41,0,0,8,0
2024-09-27,Store-North-01,SKU-FMCG-04,88,66.41,0,0,8,0
2024-09-28,Store-North-01,SKU-FMCG-04,125,66.41,0,1,8,0
2024-09-29,Store-North-01,SKU-FMCG-04,136,66.41,0,1,8,0
2024-09-30,Store-North-01,SKU-FMCG-04,103,66.41,0,0,8,0
2024-10-01,Store-North-01,SKU-FMCG-04,95,66.41,0,0,8,0
2024-10-02,Store-North-01,SKU-FMCG-04,0,66.41,0,0,8,1
2024-10-03,Store-North-01,SKU-FMCG-04,90,66.41,0,0,8,0
2024-10-04,Store-North-01,SKU-FMCG-04,82,66.41,0,0,8,0
2024-10-05,Store-North-01,SKU-FMCG-04,122,66.41,0,1,8,0
2024-10-06,Store-North-01,SKU-FMCG-04,139,66.41,0,1,8,0
2024-10-07,Store-North-01,SKU-FMCG-04,78,66.41,0,0,8,0
2024-10-08,Store-North-01,SKU-FMCG-04,96,66.41,0,0,8,0
2024-10-09,Store-North-01,SKU-FMCG-04,182,56.45,1,0,8,0
2024-10-10,Store-North-01,SKU-FMCG-04,99,66.41,0,0,8,0
2024-10-11,Store-North-01,SKU-FMCG-04,80,66.41,0,0,8,0
2024-10-12,Store-North-01,SKU-FMCG-04,252,56.45,1,1,8,0
2024-10-13,Store-North-01,SKU-FMCG-04,109,66.41,0,1,8,0
2024-10-14,Store-North-01,SKU-FMCG-04,106,66.41,0,0,8,0
2024-10-15,Store-North-01,SKU-FMCG-04,91,66.41,0,0,8,0
2024-10-16,Store-North-01,SKU-FMCG-04,103,66.41,0,0,8,0
2024-10-17,Store-North-01,SKU-FMCG-04,71,66.41,0,0,8,0
2024-10-18,Store-North-01,SKU-FMCG-04,100,66.41,0,0,8,0
2024-10-19,Store-North-01,SKU-FMCG-04,109,66.41,0,1,8,0
2024-10-20,Store-North-01,SKU-FMCG-04,118,66.41,0,1,8,0
2024-10-21,Store-North-01,SKU-FMCG-04,203,56.45,1,0,8,0
2024-10-22,Store-North-01,SKU-FMCG-04,87,66.41,0,0,8,0
2024-10-23,Store-North-01,SKU-FMCG-04,85,66.41,0,0,8,0
2024-10-24,Store-North-01,SKU-FMCG-04,92,66.41,0,0,8,0
2024-10-25,Store-North-01,SKU-FMCG-04,74,66.41,0,0,8,0
2024-10-26,Store-North-01,SKU-FMCG-04,129,66.41,0,1,8,0
2024-10-27,Store-North-01,SKU-FMCG-04,105,66.41,0,1,8,0
2024-10-28,Store-North-01,SKU-FMCG-04,79,66.41,0,0,8,0
2024-10-29,Store-North-01,SKU-FMCG-04,85,66.41,0,0,8,0
2024-10-30,Store-North-01,SKU-FMCG-04,95,66.41,0,0,8,0
2024-10-31,Store-North-01,SKU-FMCG-04,88,66.41,0,0,8,0
2024-11-01,Store-North-01,SKU-FMCG-04,169,56.45,1,0,8,0
2024-11-02,Store-North-01,SKU-FMCG-04,103,66.41,0,1,8,0
2024-11-03,Store-North-01,SKU-FMCG-04,115,66.41,0,1,8,0
2024-11-04,Store-North-01,SKU-FMCG-04,82,66.41,0,0,8,0
2024-11-05,Store-North-01,SKU-FMCG-04,87,66.41,0,0,8,0
2024-11-06,Store-North-01,SKU-FMCG-04,0,66.41,0,0,8,1
2024-11-07,Store-North-01,SKU-FMCG-04,96,66.41,0,0,8,0
2024-11-08,Store-North-01,SKU-FMCG-04,96,66.41,0,0,8,0
2024-11-09,Store-North-01,SKU-FMCG-04,133,66.41,0,1,8,0
2024-11-10,Store-North-01,SKU-FMCG-04,137,66.41,0,1,8,0
2024-11-11,Store-North-01,SKU-FMCG-04,103,66.41,0,0,8,0
2024-11-12,Store-North-01,SKU-FMCG-04,88,66.41,0,0,8,0
2024-11-13,Store-North-01,SKU-FMCG-04,94,66.41,0,0,8,0
2024-11-14,Store-North-01,SKU-FMCG-04,113,66.41,0,0,8,0
2024-11-15,Store-North-01,SKU-FMCG-04,91,66.41,0,0,8,0
2024-11-16,Store-North-01,SKU-FMCG-04,127,66.41,0,1,8,0
2024-11-17,Store-North-01,SKU-FMCG-04,120,66.41,0,1,8,0
2024-11-18,Store-North-01,SKU-FMCG-04,174,56.45,1,0,8,0
2024-11-19,Store-North-01,SKU-FMCG-04,92,66.41,0,0,8,0
2024-11-20,Store-North-01,SKU-FMCG-04,99,66.41,0,0,8,0
2024-11-21,Store-North-01,SKU-FMCG-04,81,66.41,0,0,8,0
2024-11-22,Store-North-01,SKU-FMCG-04,198,56.45,1,0,8,0
2024-11-23,Store-North-01,SKU-FMCG-04,122,66.41,0,1,8,0
2024-11-24,Store-North-01,SKU-FMCG-04,119,66.41,0,1,8,0
2024-11-25,Store-North-01,SKU-FMCG-04,113,66.41,0,0,8,0
2024-11-26,Store-North-01,SKU-FMCG-04,94,66.41,0,0,8,0
2024-11-27,Store-North-01,SKU-FMCG-04,0,66.41,0,0,8,1
2024-11-28,Store-North-01,SKU-FMCG-04,102,66.41,0,0,8,0
2024-11-29,Store-North-01,SKU-FMCG-04,104,66.41,0,0,8,0
2024-11-30,Store-North-01,SKU-FMCG-04,137,66.41,0,1,8,0
2024-12-01,Store-North-01,SKU-FMCG-04,230,56.45,1,1,8,0
2024-12-02,Store-North-01,SKU-FMCG-04,157,56.45,1,0,8,0
2024-12-03,Store-North-01,SKU-FMCG-04,93,66.41,0,0,8,0
2024-12-04,Store-North-01,SKU-FMCG-04,104,66.41,0,0,8,0
2024-12-05,Store-North-01,SKU-FMCG-04,108,66.41,0,0,8,0
2024-12-06,Store-North-01,SKU-FMCG-04,171,56.45,1,0,8,0
2024-12-07,Store-North-01,SKU-FMCG-04,152,66.41,0,1,8,0
2024-12-08,Store-North-01,SKU-FMCG-04,135,66.41,0,1,8,0
2024-12-09,Store-North-01,SKU-FMCG-04,95,66.41,0,0,8,0
2024-12-10,Store-North-01,SKU-FMCG-04,97,66.41,0,0,8,0
2024-12-11,Store-North-01,SKU-FMCG-04,110,66.41,0,0,8,0
2024-12-12,Store-North-01,SKU-FMCG-04,95,66.41,0,0,8,0
2024-12-13,Store-North-01,SKU-FMCG-04,115,66.41,0,0,8,0
2024-12-14,Store-North-01,SKU-FMCG-04,120,66.41,0,1,8,0
2024-12-15,Store-North-01,SKU-FMCG-04,144,66.41,0,1,8,0
2024-12-16,Store-North-01,SKU-FMCG-04,183,56.45,1,0,8,0
2024-12-17,Store-North-01,SKU-FMCG-04,104,66.41,0,0,8,0
2024-12-18,Store-North-01,SKU-FMCG-04,94,66.41,0,0,8,0
2024-12-19,Store-North-01,SKU-FMCG-04,197,56.45,1,0,8,0
2024-12-20,Store-North-01,SKU-FMCG-04,117,66.41,0,0,8,0
2024-12-21,Store-North-01,SKU-FMCG-04,149,66.41,0,1,8,0
2024-12-22,Store-North-01,SKU-FMCG-04,161,66.41,0,1,8,0
2024-12-23,Store-North-01,SKU-FMCG-04,128,66.41,0,0,8,0
2024-12-24,Store-North-01,SKU-FMCG-04,200,56.45,1,0,8,0
2024-12-25,Store-North-01,SKU-FMCG-04,120,66.41,0,0,8,0
2024-12-26,Store-North-01,SKU-FMCG-04,106,66.41,0,0,8,0
2024-12-27,Store-North-01,SKU-FMCG-04,98,66.41,0,0,8,0
2024-12-28,Store-North-01,SKU-FMCG-04,141,66.41,0,1,8,0
2024-12-29,Store-North-01,SKU-FMCG-04,149,66.41,0,1,8,0
2024-12-30,Store-North-01,SKU-FMCG-04,93,66.41,0,0,8,0
2024-12-31,Store-North-01,SKU-FMCG-04,113,66.41,0,0,8,0
2025-01-01,Store-North-01,SKU-FMCG-04,127,66.41,0,0,8,0
2025-01-02,Store-North-01,SKU-FMCG-04,117,66.41,0,0,8,0
2025-01-03,Store-North-01,SKU-FMCG-04,100,66.41,0,0,8,0
2025-01-04,Store-North-01,SKU-FMCG-04,143,66.41,0,1,8,0
2025-01-05,Store-North-01,SKU-FMCG-04,178,66.41,0,1,8,0
2025-01-06,Store-North-01,SKU-FMCG-04,122,66.41,0,0,8,0
2025-01-07,Store-North-01,SKU-FMCG-04,105,66.41,0,0,8,0
2025-01-08,Store-North-01,SKU-FMCG-04,122,66.41,0,0,8,0
2025-01-09,Store-North-01,SKU-FMCG-04,107,66.41,0,0,8,0
2025-01-10,Store-North-01,SKU-FMCG-04,115,66.41,0,0,8,0
2025-01-11,Store-North-01,SKU-FMCG-04,179,66.41,0,1,8,0
2025-01-12,Store-North-01,SKU-FMCG-04,185,66.41,0,1,8,0
2025-01-13,Store-North-01,SKU-FMCG-04,122,66.41,0,0,8,0
2025-01-14,Store-North-01,SKU-FMCG-04,119,66.41,0,0,8,0
2025-01-15,Store-North-01,SKU-FMCG-04,112,66.41,0,0,8,0
2025-01-16,Store-North-01,SKU-FMCG-04,118,66.41,0,0,8,0
2025-01-17,Store-North-01,SKU-FMCG-04,116,66.41,0,0,8,0
2025-01-18,Store-North-01,SKU-FMCG-04,184,66.41,0,1,8,0
2025-01-19,Store-North-01,SKU-FMCG-04,291,56.45,1,1,8,0
2025-01-20,Store-North-01,SKU-FMCG-04,116,66.41,0,0,8,0
2025-01-21,Store-North-01,SKU-FMCG-04,140,66.41,0,0,8,0
2025-01-22,Store-North-01,SKU-FMCG-04,116,66.41,0,0,8,0
2025-01-23,Store-North-01,SKU-FMCG-04,109,66.41,0,0,8,0
2025-01-24,Store-North-01,SKU-FMCG-04,129,66.41,0,0,8,0
2025-01-25,Store-North-01,SKU-FMCG-04,164,66.41,0,1,8,0
2025-01-26,Store-North-01,SKU-FMCG-04,164,66.41,0,1,8,0
2025-01-27,Store-North-01,SKU-FMCG-04,210,56.45,1,0,8,0
2025-01-28,Store-North-01,SKU-FMCG-04,117,66.41,0,0,8,0
2025-01-29,Store-North-01,SKU-FMCG-04,213,56.45,1,0,8,0
2025-01-30,Store-North-01,SKU-FMCG-04,234,56.45,1,0,8,0
2025-01-31,Store-North-01,SKU-FMCG-04,140,66.41,0,0,8,0
2025-02-01,Store-North-01,SKU-FMCG-04,206,66.41,0,1,8,0
2025-02-02,Store-North-01,SKU-FMCG-04,170,66.41,0,1,8,0
2025-02-03,Store-North-01,SKU-FMCG-04,118,66.41,0,0,8,0
2025-02-04,Store-North-01,SKU-FMCG-04,135,66.41,0,0,8,0
2025-02-05,Store-North-01,SKU-FMCG-04,130,66.41,0,0,8,0
2025-02-06,Store-North-01,SKU-FMCG-04,149,66.41,0,0,8,0
2025-02-07,Store-North-01,SKU-FMCG-04,121,66.41,0,0,8,0
2025-02-08,Store-North-01,SKU-FMCG-04,187,66.41,0,1,8,0
2025-02-09,Store-North-01,SKU-FMCG-04,363,56.45,1,1,8,0
2025-02-10,Store-North-01,SKU-FMCG-04,134,66.41,0,0,8,0
2025-02-11,Store-North-01,SKU-FMCG-04,146,66.41,0,0,8,0
2025-02-12,Store-North-01,SKU-FMCG-04,129,66.41,0,0,8,0
2025-02-13,Store-North-01,SKU-FMCG-04,137,66.41,0,0,8,0
2025-02-14,Store-North-01,SKU-FMCG-04,128,66.41,0,0,8,0
2025-02-15,Store-North-01,SKU-FMCG-04,197,66.41,0,1,8,0
2025-02-16,Store-North-01,SKU-FMCG-04,337,56.45,1,1,8,0
2025-02-17,Store-North-01,SKU-FMCG-04,145,66.41,0,0,8,0
2025-02-18,Store-North-01,SKU-FMCG-04,149,66.41,0,0,8,0
2025-02-19,Store-North-01,SKU-FMCG-04,141,66.41,0,0,8,0
2025-02-20,Store-North-01,SKU-FMCG-04,146,66.41,0,0,8,0
2025-02-21,Store-North-01,SKU-FMCG-04,140,66.41,0,0,8,0
2025-02-22,Store-North-01,SKU-FMCG-04,323,56.45,1,1,8,0
2025-02-23,Store-North-01,SKU-FMCG-04,191,66.41,0,1,8,0
2025-02-24,Store-North-01,SKU-FMCG-04,147,66.41,0,0,8,0
2025-02-25,Store-North-01,SKU-FMCG-04,272,56.45,1,0,8,0
2025-02-26,Store-North-01,SKU-FMCG-04,146,66.41,0,0,8,0
2025-02-27,Store-North-01,SKU-FMCG-04,170,66.41,0,0,8,0
2025-02-28,Store-North-01,SKU-FMCG-04,150,66.41,0,0,8,0
2025-03-01,Store-North-01,SKU-FMCG-04,216,66.41,0,1,8,0
2025-03-02,Store-North-01,SKU-FMCG-04,387,56.45,1,1,8,0
2025-03-03,Store-North-01,SKU-FMCG-04,265,56.45,1,0,8,0
2025-03-04,Store-North-01,SKU-FMCG-04,143,66.41,0,0,8,0
2025-03-05,Store-North-01,SKU-FMCG-04,130,66.41,0,0,8,0
2025-03-06,Store-North-01,SKU-FMCG-04,115,66.41,0,0,8,0
2025-03-07,Store-North-01,SKU-FMCG-04,167,66.41,0,0,8,0
2025-03-08,Store-North-01,SKU-FMCG-04,203,66.41,0,1,8,0
2025-03-09,Store-North-01,SKU-FMCG-04,217,66.41,0,1,8,0
2025-03-10,Store-North-01,SKU-FMCG-04,150,66.41,0,0,8,0
2025-03-11,Store-North-01,SKU-FMCG-04,151,66.41,0,0,8,0
2025-03-12,Store-North-01,SKU-FMCG-04,154,66.41,0,0,8,0
2025-03-13,Store-North-01,SKU-FMCG-04,167,66.41,0,0,8,0
2025-03-14,Store-North-01,SKU-FMCG-04,276,56.45,1,0,8,0
2025-03-15,Store-North-01,SKU-FMCG-04,231,66.41,0,1,8,0
2025-03-16,Store-North-01,SKU-FMCG-04,228,66.41,0,1,8,0
2025-03-17,Store-North-01,SKU-FMCG-04,151,66.41,0,0,8,0
2025-03-18,Store-North-01,SKU-FMCG-04,153,66.41,0,0,8,0
2025-03-19,Store-North-01,SKU-FMCG-04,143,66.41,0,0,8,0
2025-03-20,Store-North-01,SKU-FMCG-04,135,66.41,0,0,8,0
2025-03-21,Store-North-01,SKU-FMCG-04,305,56.45,1,0,8,0
2025-03-22,Store-North-01,SKU-FMCG-04,191,66.41,0,1,8,0
2025-03-23,Store-North-01,SKU-FMCG-04,233,66.41,0,1,8,0
2025-03-24,Store-North-01,SKU-FMCG-04,168,66.41,0,0,8,0
2025-03-25,Store-North-01,SKU-FMCG-04,160,66.41,0,0,8,0
2025-03-26,Store-North-01,SKU-FMCG-04,188,66.41,0,0,8,0
2025-03-27,Store-North-01,SKU-FMCG-04,170,66.41,0,0,8,0
2025-03-28,Store-North-01,SKU-FMCG-04,164,66.41,0,0,8,0
2025-03-29,Store-North-01,SKU-FMCG-04,237,66.41,0,1,8,0
2025-03-30,Store-North-01,SKU-FMCG-04,217,66.41,0,1,8,0
2025-03-31,Store-North-01,SKU-FMCG-04,293,56.45,1,0,8,0
2025-04-01,Store-North-01,SKU-FMCG-04,161,66.41,0,0,8,0
2025-04-02,Store-North-01,SKU-FMCG-04,148,66.41,0,0,8,0
2025-04-03,Store-North-01,SKU-FMCG-04,177,66.41,0,0,8,0
2025-04-04,Store-North-01,SKU-FMCG-04,173,66.41,0,0,8,0
2025-04-05,Store-North-01,SKU-FMCG-04,230,66.41,0,1,8,0
2025-04-06,Store-North-01,SKU-FMCG-04,213,66.41,0,1,8,0
2025-04-07,Store-North-01,SKU-FMCG-04,148,66.41,0,0,8,0
2025-04-08,Store-North-01,SKU-FMCG-04,178,66.41,0,0,8,0
2025-04-09,Store-North-01,SKU-FMCG-04,151,66.41,0,0,8,0
2025-04-10,Store-North-01,SKU-FMCG-04,155,66.41,0,0,8,0
2025-04-11,Store-North-01,SKU-FMCG-04,0,56.45,1,0,8,1
2025-04-12,Store-North-01,SKU-FMCG-04,206,66.41,0,1,8,0
2025-04-13,Store-North-01,SKU-FMCG-04,359,56.45,1,1,8,0
2025-04-14,Store-North-01,SKU-FMCG-04,166,66.41,0,0,8,0
2025-04-15,Store-North-01,SKU-FMCG-04,188,66.41,0,0,8,0
2025-04-16,Store-North-01,SKU-FMCG-04,163,66.41,0,0,8,0
2025-04-17,Store-North-01,SKU-FMCG-04,164,66.41,0,0,8,0
2025-04-18,Store-North-01,SKU-FMCG-04,176,66.41,0,0,8,0
2025-04-19,Store-North-01,SKU-FMCG-04,222,66.41,0,1,8,0
2025-04-20,Store-North-01,SKU-FMCG-04,230,66.41,0,1,8,0
2025-04-21,Store-North-01,SKU-FMCG-04,172,66.41,0,0,8,0
2025-04-22,Store-North-01,SKU-FMCG-04,160,66.41,0,0,8,0
2025-04-23,Store-North-01,SKU-FMCG-04,180,66.41,0,0,8,0
2025-04-24,Store-North-01,SKU-FMCG-04,0,66.41,0,0,8,1
2025-04-25,Store-North-01,SKU-FMCG-04,152,66.41,0,0,8,0
2025-04-26,Store-North-01,SKU-FMCG-04,391,56.45,1,1,8,0
2025-04-27,Store-North-01,SKU-FMCG-04,214,66.41,0,1,8,0
2025-04-28,Store-North-01,SKU-FMCG-04,167,66.41,0,0,8,0
2025-04-29,Store-North-01,SKU-FMCG-04,174,66.41,0,0,8,0
2025-04-30,Store-North-01,SKU-FMCG-04,192,66.41,0,0,8,0
2025-05-01,Store-North-01,SKU-FMCG-04,192,66.41,0,0,8,0
2025-05-02,Store-North-01,SKU-FMCG-04,168,66.41,0,0,8,0
2025-05-03,Store-North-01,SKU-FMCG-04,233,66.41,0,1,8,0
2025-05-04,Store-North-01,SKU-FMCG-04,232,66.41,0,1,8,0
2025-05-05,Store-North-01,SKU-FMCG-04,165,66.41,0,0,8,0
2025-05-06,Store-North-01,SKU-FMCG-04,313,56.45,1,0,8,0
2025-05-07,Store-North-01,SKU-FMCG-04,185,66.41,0,0,8,0
2025-05-08,Store-North-01,SKU-FMCG-04,165,66.41,0,0,8,0
2025-05-09,Store-North-01,SKU-FMCG-04,149,66.41,0,0,8,0
2025-05-10,Store-North-01,SKU-FMCG-04,226,66.41,0,1,8,0
2025-05-11,Store-North-01,SKU-FMCG-04,233,66.41,0,1,8,0
2025-05-12,Store-North-01,SKU-FMCG-04,165,66.41,0,0,8,0
2025-05-13,Store-North-01,SKU-FMCG-04,153,66.41,0,0,8,0
2025-05-14,Store-North-01,SKU-FMCG-04,149,66.41,0,0,8,0
2025-05-15,Store-North-01,SKU-FMCG-04,156,66.41,0,0,8,0
2025-05-16,Store-North-01,SKU-FMCG-04,168,66.41,0,0,8,0
2025-05-17,Store-North-01,SKU-FMCG-04,214,66.41,0,1,8,0
2025-05-18,Store-North-01,SKU-FMCG-04,0,66.41,0,1,8,1
2025-05-19,Store-North-01,SKU-FMCG-04,275,56.45,1,0,8,0
2025-05-20,Store-North-01,SKU-FMCG-04,159,66.41,0,0,8,0
2025-05-21,Store-North-01,SKU-FMCG-04,173,66.41,0,0,8,0
2025-05-22,Store-North-01,SKU-FMCG-04,175,66.41,0,0,8,0
2025-05-23,Store-North-01,SKU-FMCG-04,169,66.41,0,0,8,0
2025-05-24,Store-North-01,SKU-FMCG-04,208,66.41,0,1,8,0
2025-05-25,Store-North-01,SKU-FMCG-04,222,66.41,0,1,8,0
2025-05-26,Store-North-01,SKU-FMCG-04,160,66.41,0,0,8,0
2025-05-27,Store-North-01,SKU-FMCG-04,147,66.41,0,0,8,0
2025-05-28,Store-North-01,SKU-FMCG-04,271,56.45,1,0,8,0
2025-05-29,Store-North-01,SKU-FMCG-04,150,66.41,0,0,8,0
2025-05-30,Store-North-01,SKU-FMCG-04,153,66.41,0,0,8,0
2025-05-31,Store-North-01,SKU-FMCG-04,228,66.41,0,1,8,0
2025-06-01,Store-North-01,SKU-FMCG-04,211,66.41,0,1,8,0
2025-06-02,Store-North-01,SKU-FMCG-04,131,66.41,0,0,8,0
2025-06-03,Store-North-01,SKU-FMCG-04,184,66.41,0,0,8,0
2025-06-04,Store-North-01,SKU-FMCG-04,173,66.41,0,0,8,0
2025-06-05,Store-North-01,SKU-FMCG-04,296,56.45,1,0,8,0
2025-06-06,Store-North-01,SKU-FMCG-04,174,66.41,0,0,8,0
2025-06-07,Store-North-01,SKU-FMCG-04,238,66.41,0,1,8,0
2025-06-08,Store-North-01,SKU-FMCG-04,197,66.41,0,1,8,0
2025-06-09,Store-North-01,SKU-FMCG-04,185,66.41,0,0,8,0
2025-06-10,Store-North-01,SKU-FMCG-04,282,56.45,1,0,8,0
2025-06-11,Store-North-01,SKU-FMCG-04,184,66.41,0,0,8,0
2025-06-12,Store-North-01,SKU-FMCG-04,174,66.41,0,0,8,0
2025-06-13,Store-North-01,SKU-FMCG-04,140,66.41,0,0,8,0
2025-06-14,Store-North-01,SKU-FMCG-04,209,66.41,0,1,8,0
2025-06-15,Store-North-01,SKU-FMCG-04,213,66.41,0,1,8,0
2025-06-16,Store-North-01,SKU-FMCG-04,308,56.45,1,0,8,0
2025-06-17,Store-North-01,SKU-FMCG-04,278,56.45,1,0,8,0
2025-06-18,Store-North-01,SKU-FMCG-04,0,66.41,0,0,8,1
2025-06-19,Store-North-01,SKU-FMCG-04,159,66.41,0,0,8,0
2025-06-20,Store-North-01,SKU-FMCG-04,169,66.41,0,0,8,0
2025-06-21,Store-North-01,SKU-FMCG-04,0,56.45,1,1,8,1
2025-06-22,Store-North-01,SKU-FMCG-04,196,66.41,0,1,8,0
2025-06-23,Store-North-01,SKU-FMCG-04,258,56.45,1,0,8,0
2025-06-24,Store-North-01,SKU-FMCG-04,150,66.41,0,0,8,0
2025-06-25,Store-North-01,SKU-FMCG-04,253,56.45,1,0,8,0
2025-06-26,Store-North-01,SKU-FMCG-04,165,66.41,0,0,8,0
2025-06-27,Store-North-01,SKU-FMCG-04,135,66.41,0,0,8,0
2025-06-28,Store-North-01,SKU-FMCG-04,220,66.41,0,1,8,0
2025-06-29,Store-North-01,SKU-FMCG-04,226,66.41,0,1,8,0
2025-06-30,Store-North-01,SKU-FMCG-04,138,66.41,0,0,8,0
2025-07-01,Store-North-01,SKU-FMCG-04,130,66.41,0,0,8,0
2025-07-02,Store-North-01,SKU-FMCG-04,259,56.45,1,0,8,0
2025-07-03,Store-North-01,SKU-FMCG-04,163,66.41,0,0,8,0
2025-07-04,Store-North-01,SKU-FMCG-04,0,66.41,0,0,8,1
2025-07-05,Store-North-01,SKU-FMCG-04,177,66.41,0,1,8,0
2025-07-06,Store-North-01,SKU-FMCG-04,182,66.41,0,1,8,0
2025-07-07,Store-North-01,SKU-FMCG-04,253,56.45,1,0,8,0
2025-07-08,Store-North-01,SKU-FMCG-04,124,66.41,0,0,8,0
2025-07-09,Store-North-01,SKU-FMCG-04,166,66.41,0,0,8,0
2025-07-10,Store-North-01,SKU-FMCG-04,138,66.41,0,0,8,0
2025-07-11,Store-North-01,SKU-FMCG-04,147,66.41,0,0,8,0
2025-07-12,Store-North-01,SKU-FMCG-04,167,66.41,0,1,8,0
2025-07-13,Store-North-01,SKU-FMCG-04,163,66.41,0,1,8,0
2025-07-14,Store-North-01,SKU-FMCG-04,134,66.41,0,0,8,0
2025-07-15,Store-North-01,SKU-FMCG-04,142,66.41,0,0,8,0
2025-07-16,Store-North-01,SKU-FMCG-04,154,66.41,0,0,8,0
2025-07-17,Store-North-01,SKU-FMCG-04,134,66.41,0,0,8,0
2025-07-18,Store-North-01,SKU-FMCG-04,120,66.41,0,0,8,0
2025-07-19,Store-North-01,SKU-FMCG-04,171,66.41,0,1,8,0
2025-07-20,Store-North-01,SKU-FMCG-04,196,66.41,0,1,8,0
2025-07-21,Store-North-01,SKU-FMCG-04,134,66.41,0,0,8,0
2025-07-22,Store-North-01,SKU-FMCG-04,147,66.41,0,0,8,0
2025-07-23,Store-North-01,SKU-FMCG-04,133,66.41,0,0,8,0
2025-07-24,Store-North-01,SKU-FMCG-04,128,66.41,0,0,8,0
2025-07-25,Store-North-01,SKU-FMCG-04,163,66.41,0,0,8,0
2025-07-26,Store-North-01,SKU-FMCG-04,182,66.41,0,1,8,0
2025-07-27,Store-North-01,SKU-FMCG-04,184,66.41,0,1,8,0
2025-07-28,Store-North-01,SKU-FMCG-04,228,56.45,1,0,8,0
2025-07-29,Store-North-01,SKU-FMCG-04,133,66.41,0,0,8,0
2025-07-30,Store-North-01,SKU-FMCG-04,144,66.41,0,0,8,0
2025-07-31,Store-North-01,SKU-FMCG-04,145,66.41,0,0,8,0
2025-08-01,Store-North-01,SKU-FMCG-04,140,66.41,0,0,8,0
2025-08-02,Store-North-01,SKU-FMCG-04,166,66.41,0,1,8,0
2025-08-03,Store-North-01,SKU-FMCG-04,323,56.45,1,1,8,0
2025-08-04,Store-North-01,SKU-FMCG-04,107,66.41,0,0,8,0
2025-08-05,Store-North-01,SKU-FMCG-04,136,66.41,0,0,8,0
2025-08-06,Store-North-01,SKU-FMCG-04,146,66.41,0,0,8,0
2025-08-07,Store-North-01,SKU-FMCG-04,124,66.41,0,0,8,0
2025-08-08,Store-North-01,SKU-FMCG-04,109,66.41,0,0,8,0
2025-08-09,Store-North-01,SKU-FMCG-04,171,66.41,0,1,8,0
2025-08-10,Store-North-01,SKU-FMCG-04,153,66.41,0,1,8,0
2025-08-11,Store-North-01,SKU-FMCG-04,209,56.45,1,0,8,0
2025-08-12,Store-North-01,SKU-FMCG-04,128,66.41,0,0,8,0
2025-08-13,Store-North-01,SKU-FMCG-04,192,56.45,1,0,8,0
2025-08-14,Store-North-01,SKU-FMCG-04,125,66.41,0,0,8,0
2025-08-15,Store-North-01,SKU-FMCG-04,124,66.41,0,0,8,0
2025-08-16,Store-North-01,SKU-FMCG-04,156,66.41,0,1,8,0
2025-08-17,Store-North-01,SKU-FMCG-04,298,56.45,1,1,8,0
2025-08-18,Store-North-01,SKU-FMCG-04,102,66.41,0,0,8,0
2025-08-19,Store-North-01,SKU-FMCG-04,115,66.41,0,0,8,0
2025-08-20,Store-North-01,SKU-FMCG-04,120,66.41,0,0,8,0
2025-08-21,Store-North-01,SKU-FMCG-04,119,66.41,0,0,8,0
2025-08-22,Store-North-01,SKU-FMCG-04,103,66.41,0,0,8,0
2025-08-23,Store-North-01,SKU-FMCG-04,167,66.41,0,1,8,0
2025-08-24,Store-North-01,SKU-FMCG-04,282,56.45,1,1,8,0
2025-08-25,Store-North-01,SKU-FMCG-04,112,66.41,0,0,8,0
2025-08-26,Store-North-01,SKU-FMCG-04,196,56.45,1,0,8,0
2025-08-27,Store-North-01,SKU-FMCG-04,112,66.41,0,0,8,0
2025-08-28,Store-North-01,SKU-FMCG-04,94,66.41,0,0,8,0
2025-08-29,Store-North-01,SKU-FMCG-04,102,66.41,0,0,8,0
2025-08-30,Store-North-01,SKU-FMCG-04,168,66.41,0,1,8,0
2025-08-31,Store-North-01,SKU-FMCG-04,297,56.45,1,1,8,0
2025-09-01,Store-North-01,SKU-FMCG-04,176,56.45,1,0,8,0
2025-09-02,Store-North-01,SKU-FMCG-04,118,66.41,0,0,8,0
2025-09-03,Store-North-01,SKU-FMCG-04,111,66.41,0,0,8,0
2025-09-04,Store-North-01,SKU-FMCG-04,105,66.41,0,0,8,0
2025-09-05,Store-North-01,SKU-FMCG-04,103,66.41,0,0,8,0
2025-09-06,Store-North-01,SKU-FMCG-04,128,66.41,0,1,8,0
2025-09-07,Store-North-01,SKU-FMCG-04,151,66.41,0,1,8,0
2025-09-08,Store-North-01,SKU-FMCG-04,109,66.41,0,0,8,0
2025-09-09,Store-North-01,SKU-FMCG-04,103,66.41,0,0,8,0
2025-09-10,Store-North-01,SKU-FMCG-04,0,66.41,0,0,8,1
2025-09-11,Store-North-01,SKU-FMCG-04,103,66.41,0,0,8,0
2025-09-12,Store-North-01,SKU-FMCG-04,107,66.41,0,0,8,0
2025-09-13,Store-North-01,SKU-FMCG-04,142,66.41,0,1,8,0
2025-09-14,Store-North-01,SKU-FMCG-04,130,66.41,0,1,8,0
2025-09-15,Store-North-01,SKU-FMCG-04,109,66.41,0,0,8,0
2025-09-16,Store-North-01,SKU-FMCG-04,96,66.41,0,0,8,0
2025-09-17,Store-North-01,SKU-FMCG-04,91,66.41,0,0,8,0
2025-09-18,Store-North-01,SKU-FMCG-04,131,66.41,0,0,8,0
2025-09-19,Store-North-01,SKU-FMCG-04,110,66.41,0,0,8,0
2025-09-20,Store-North-01,SKU-FMCG-04,123,66.41,0,1,8,0
2025-09-21,Store-North-01,SKU-FMCG-04,163,66.41,0,1,8,0
2025-09-22,Store-North-01,SKU-FMCG-04,99,66.41,0,0,8,0
2025-09-23,Store-North-01,SKU-FMCG-04,93,66.41,0,0,8,0
2025-09-24,Store-North-01,SKU-FMCG-04,108,66.41,0,0,8,0
2025-09-25,Store-North-01,SKU-FMCG-04,163,56.45,1,0,8,0
2025-09-26,Store-North-01,SKU-FMCG-04,92,66.41,0,0,8,0
2025-09-27,Store-North-01,SKU-FMCG-04,141,66.41,0,1,8,0
2025-09-28,Store-North-01,SKU-FMCG-04,125,66.41,0,1,8,0
2025-09-29,Store-North-01,SKU-FMCG-04,85,66.41,0,0,8,0
2025-09-30,Store-North-01,SKU-FMCG-04,107,66.41,0,0,8,0
2025-10-01,Store-North-01,SKU-FMCG-04,89,66.41,0,0,8,0
2025-10-02,Store-North-01,SKU-FMCG-04,180,56.45,1,0,8,0
2025-10-03,Store-North-01,SKU-FMCG-04,97,66.41,0,0,8,0
2025-10-04,Store-North-01,SKU-FMCG-04,117,66.41,0,1,8,0
2025-10-05,Store-North-01,SKU-FMCG-04,119,66.41,0,1,8,0
2025-10-06,Store-North-01,SKU-FMCG-04,107,66.41,0,0,8,0
2025-10-07,Store-North-01,SKU-FMCG-04,83,66.41,0,0,8,0
2025-10-08,Store-North-01,SKU-FMCG-04,94,66.41,0,0,8,0
2025-10-09,Store-North-01,SKU-FMCG-04,76,66.41,0,0,8,0
2025-10-10,Store-North-01,SKU-FMCG-04,106,66.41,0,0,8,0
2025-10-11,Store-North-01,SKU-FMCG-04,108,66.41,0,1,8,0
2025-10-12,Store-North-01,SKU-FMCG-04,121,66.41,0,1,8,0
2025-10-13,Store-North-01,SKU-FMCG-04,92,66.41,0,0,8,0
2025-10-14,Store-North-01,SKU-FMCG-04,95,66.41,0,0,8,0
2025-10-15,Store-North-01,SKU-FMCG-04,94,66.41,0,0,8,0
2025-10-16,Store-North-01,SKU-FMCG-04,87,66.41,0,0,8,0
2025-10-17,Store-North-01,SKU-FMCG-04,95,66.41,0,0,8,0
2025-10-18,Store-North-01,SKU-FMCG-04,117,66.41,0,1,8,0
2025-10-19,Store-North-01,SKU-FMCG-04,238,56.45,1,1,8,0
2025-10-20,Store-North-01,SKU-FMCG-04,90,66.41,0,0,8,0
2025-10-21,Store-North-01,SKU-FMCG-04,100,66.41,0,0,8,0
2025-10-22,Store-North-01,SKU-FMCG-04,79,66.41,0,0,8,0
2025-10-23,Store-North-01,SKU-FMCG-04,96,66.41,0,0,8,0
2025-10-24,Store-North-01,SKU-FMCG-04,87,66.41,0,0,8,0
2025-10-25,Store-North-01,SKU-FMCG-04,105,66.41,0,1,8,0
2025-10-26,Store-North-01,SKU-FMCG-04,101,66.41,0,1,8,0
2025-10-27,Store-North-01,SKU-FMCG-04,72,66.41,0,0,8,0
2025-10-28,Store-North-01,SKU-FMCG-04,82,66.41,0,0,8,0
2025-10-29,Store-North-01,SKU-FMCG-04,165,56.45,1,0,8,0
2025-10-30,Store-North-01,SKU-FMCG-04,95,66.41,0,0,8,0
2025-10-31,Store-North-01,SKU-FMCG-04,114,66.41,0,0,8,0
2025-11-01,Store-North-01,SKU-FMCG-04,123,66.41,0,1,8,0
2025-11-02,Store-North-01,SKU-FMCG-04,126,66.41,0,1,8,0
2025-11-03,Store-North-01,SKU-FMCG-04,88,66.41,0,0,8,0
2025-11-04,Store-North-01,SKU-FMCG-04,151,56.45,1,0,8,0
2025-11-05,Store-North-01,SKU-FMCG-04,156,56.45,1,0,8,0
2025-11-06,Store-North-01,SKU-FMCG-04,97,66.41,0,0,8,0
2025-11-07,Store-North-01,SKU-FMCG-04,161,56.45,1,0,8,0
2025-11-08,Store-North-01,SKU-FMCG-04,106,66.41,0,1,8,0
2025-11-09,Store-North-01,SKU-FMCG-04,137,66.41,0,1,8,0
2025-11-10,Store-North-01,SKU-FMCG-04,96,66.41,0,0,8,0
2025-11-11,Store-North-01,SKU-FMCG-04,95,66.41,0,0,8,0
2025-11-12,Store-North-01,SKU-FMCG-04,84,66.41,0,0,8,0
2025-11-13,Store-North-01,SKU-FMCG-04,100,66.41,0,0,8,0
2025-11-14,Store-North-01,SKU-FMCG-04,102,66.41,0,0,8,0
2025-11-15,Store-North-01,SKU-FMCG-04,119,66.41,0,1,8,0
2025-11-16,Store-North-01,SKU-FMCG-04,108,66.41,0,1,8,0
2025-11-17,Store-North-01,SKU-FMCG-04,103,66.41,0,0,8,0
2025-11-18,Store-North-01,SKU-FMCG-04,99,66.41,0,0,8,0
2025-11-19,Store-North-01,SKU-FMCG-04,0,66.41,0,0,8,1
2025-11-20,Store-North-01,SKU-FMCG-04,91,66.41,0,0,8,0
2025-11-21,Store-North-01,SKU-FMCG-04,93,66.41,0,0,8,0
2025-11-22,Store-North-01,SKU-FMCG-04,125,66.41,0,1,8,0
2025-11-23,Store-North-01,SKU-FMCG-04,0,66.41,0,1,8,1
2025-11-24,Store-North-01,SKU-FMCG-04,98,66.41,0,0,8,0
2025-11-25,Store-North-01,SKU-FMCG-04,98,66.41,0,0,8,0
2025-11-26,Store-North-01,SKU-FMCG-04,85,66.41,0,0,8,0
2025-11-27,Store-North-01,SKU-FMCG-04,111,66.41,0,0,8,0
2025-11-28,Store-North-01,SKU-FMCG-04,64,66.41,0,0,8,0
2025-11-29,Store-North-01,SKU-FMCG-04,119,66.41,0,1,8,0
2025-11-30,Store-North-01,SKU-FMCG-04,138,66.41,0,1,8,0
2025-12-01,Store-North-01,SKU-FMCG-04,94,66.41,0,0,8,0
2025-12-02,Store-North-01,SKU-FMCG-04,113,66.41,0,0,8,0
2025-12-03,Store-North-01,SKU-FMCG-04,96,66.41,0,0,8,0
2025-12-04,Store-North-01,SKU-FMCG-04,107,66.41,0,0,8,0
2025-12-05,Store-North-01,SKU-FMCG-04,102,66.41,0,0,8,0
2025-12-06,Store-North-01,SKU-FMCG-04,142,66.41,0,1,8,0
2025-12-07,Store-North-01,SKU-FMCG-04,215,56.45,1,1,8,0
2025-12-08,Store-North-01,SKU-FMCG-04,107,66.41,0,0,8,0
2025-12-09,Store-North-01,SKU-FMCG-04,91,66.41,0,0,8,0
2025-12-10,Store-North-01,SKU-FMCG-04,90,66.41,0,0,8,0
2025-12-11,Store-North-01,SKU-FMCG-04,89,66.41,0,0,8,0
2025-12-12,Store-North-01,SKU-FMCG-04,108,66.41,0,0,8,0
2025-12-13,Store-North-01,SKU-FMCG-04,140,66.41,0,1,8,0
2025-12-14,Store-North-01,SKU-FMCG-04,122,66.41,0,1,8,0
2025-12-15,Store-North-01,SKU-FMCG-04,109,66.41,0,0,8,0
2025-12-16,Store-North-01,SKU-FMCG-04,112,66.41,0,0,8,0
2025-12-17,Store-North-01,SKU-FMCG-04,92,66.41,0,0,8,0
2025-12-18,Store-North-01,SKU-FMCG-04,89,66.41,0,0,8,0
2025-12-19,Store-North-01,SKU-FMCG-04,83,66.41,0,0,8,0
2025-12-20,Store-North-01,SKU-FMCG-04,160,66.41,0,1,8,0
2025-12-21,Store-North-01,SKU-FMCG-04,154,66.41,0,1,8,0
2025-12-22,Store-North-01,SKU-FMCG-04,100,66.41,0,0,8,0
2025-12-23,Store-North-01,SKU-FMCG-04,105,66.41,0,0,8,0
2025-12-24,Store-North-01,SKU-FMCG-04,114,66.41,0,0,8,0
2025-12-25,Store-North-01,SKU-FMCG-04,99,66.41,0,0,8,0
2025-12-26,Store-North-01,SKU-FMCG-04,104,66.41,0,0,8,0
2025-12-27,Store-North-01,SKU-FMCG-04,120,66.41,0,1,8,0
2025-12-28,Store-North-01,SKU-FMCG-04,163,66.41,0,1,8,0
2025-12-29,Store-North-01,SKU-FMCG-04,113,66.41,0,0,8,0
2025-12-30,Store-North-01,SKU-FMCG-04,111,66.41,0,0,8,0
2025-12-31,Store-North-01,SKU-FMCG-04,106,66.41,0,0,8,0
2024-01-01,Store-Central-02,SKU-ELECTRONICS-01,31,54.5,0,0,4,0
2024-01-02,Store-Central-02,SKU-ELECTRONICS-01,30,54.5,0,0,4,0
2024-01-03,Store-Central-02,SKU-ELECTRONICS-01,72,46.32,1,0,4,0
2024-01-04,Store-Central-02,SKU-ELECTRONICS-01,31,54.5,0,0,4,0
2024-01-05,Store-Central-02,SKU-ELECTRONICS-01,43,54.5,0,0,4,0
2024-01-06,Store-Central-02,SKU-ELECTRONICS-01,45,54.5,0,1,4,0
2024-01-07,Store-Central-02,SKU-ELECTRONICS-01,58,54.5,0,1,4,0
2024-01-08,Store-Central-02,SKU-ELECTRONICS-01,29,54.5,0,0,4,0
2024-01-09,Store-Central-02,SKU-ELECTRONICS-01,29,54.5,0,0,4,0
2024-01-10,Store-Central-02,SKU-ELECTRONICS-01,36,54.5,0,0,4,0
2024-01-11,Store-Central-02,SKU-ELECTRONICS-01,33,54.5,0,0,4,0
2024-01-12,Store-Central-02,SKU-ELECTRONICS-01,36,54.5,0,0,4,0
2024-01-13,Store-Central-02,SKU-ELECTRONICS-01,40,54.5,0,1,4,0
2024-01-14,Store-Central-02,SKU-ELECTRONICS-01,47,54.5,0,1,4,0
2024-01-15,Store-Central-02,SKU-ELECTRONICS-01,40,54.5,0,0,4,0
2024-01-16,Store-Central-02,SKU-ELECTRONICS-01,46,54.5,0,0,4,0
2024-01-17,Store-Central-02,SKU-ELECTRONICS-01,40,54.5,0,0,4,0
2024-01-18,Store-Central-02,SKU-ELECTRONICS-01,44,54.5,0,0,4,0
2024-01-19,Store-Central-02,SKU-ELECTRONICS-01,42,54.5,0,0,4,0
2024-01-20,Store-Central-02,SKU-ELECTRONICS-01,46,54.5,0,1,4,0
2024-01-21,Store-Central-02,SKU-ELECTRONICS-01,56,54.5,0,1,4,0
2024-01-22,Store-Central-02,SKU-ELECTRONICS-01,76,46.32,1,0,4,0
2024-01-23,Store-Central-02,SKU-ELECTRONICS-01,43,54.5,0,0,4,0
2024-01-24,Store-Central-02,SKU-ELECTRONICS-01,38,54.5,0,0,4,0
2024-01-25,Store-Central-02,SKU-ELECTRONICS-01,59,54.5,0,0,4,0
2024-01-26,Store-Central-02,SKU-ELECTRONICS-01,83,46.32,1,0,4,0
2024-01-27,Store-Central-02,SKU-ELECTRONICS-01,55,54.5,0,1,4,0
2024-01-28,Store-Central-02,SKU-ELECTRONICS-01,56,54.5,0,1,4,0
2024-01-29,Store-Central-02,SKU-ELECTRONICS-01,40,54.5,0,0,4,0
2024-01-30,Store-Central-02,SKU-ELECTRONICS-01,54,54.5,0,0,4,0
2024-01-31,Store-Central-02,SKU-ELECTRONICS-01,45,54.5,0,0,4,0
2024-02-01,Store-Central-02,SKU-ELECTRONICS-01,39,54.5,0,0,4,0
2024-02-02,Store-Central-02,SKU-ELECTRONICS-01,51,54.5,0,0,4,0
2024-02-03,Store-Central-02,SKU-ELECTRONICS-01,64,54.5,0,1,4,0
2024-02-04,Store-Central-02,SKU-ELECTRONICS-01,54,54.5,0,1,4,0
2024-02-05,Store-Central-02,SKU-ELECTRONICS-01,68,46.32,1,0,4,0
2024-02-06,Store-Central-02,SKU-ELECTRONICS-01,51,54.5,0,0,4,0
2024-02-07,Store-Central-02,SKU-ELECTRONICS-01,42,54.5,0,0,4,0
2024-02-08,Store-Central-02,SKU-ELECTRONICS-01,55,54.5,0,0,4,0
2024-02-09,Store-Central-02,SKU-ELECTRONICS-01,39,54.5,0,0,4,0
2024-02-10,Store-Central-02,SKU-ELECTRONICS-01,63,54.5,0,1,4,0
2024-02-11,Store-Central-02,SKU-ELECTRONICS-01,97,46.32,1,1,4,0
2024-02-12,Store-Central-02,SKU-ELECTRONICS-01,37,54.5,0,0,4,0
2024-02-13,Store-Central-02,SKU-ELECTRONICS-01,31,54.5,0,0,4,0
2024-02-14,Store-Central-02,SKU-ELECTRONICS-01,48,54.5,0,0,4,0
2024-02-15,Store-Central-02,SKU-ELECTRONICS-01,61,54.5,0,0,4,0
2024-02-16,Store-Central-02,SKU-ELECTRONICS-01,50,54.5,0,0,4,0
2024-02-17,Store-Central-02,SKU-ELECTRONICS-01,46,54.5,0,1,4,0
2024-02-18,Store-Central-02,SKU-ELECTRONICS-01,48,54.5,0,1,4,0
2024-02-19,Store-Central-02,SKU-ELECTRONICS-01,82,46.32,1,0,4,0
2024-02-20,Store-Central-02,SKU-ELECTRONICS-01,54,54.5,0,0,4,0
2024-02-21,Store-Central-02,SKU-ELECTRONICS-01,102,46.32,1,0,4,0
2024-02-22,Store-Central-02,SKU-ELECTRONICS-01,89,46.32,1,0,4,0
2024-02-23,Store-Central-02,SKU-ELECTRONICS-01,41,54.5,0,0,4,0
2024-02-24,Store-Central-02,SKU-ELECTRONICS-01,71,54.5,0,1,4,0
2024-02-25,Store-Central-02,SKU-ELECTRONICS-01,60,54.5,0,1,4,0
2024-02-26,Store-Central-02,SKU-ELECTRONICS-01,54,54.5,0,0,4,0
2024-02-27,Store-Central-02,SKU-ELECTRONICS-01,48,54.5,0,0,4,0
2024-02-28,Store-Central-02,SKU-ELECTRONICS-01,94,46.32,1,0,4,0
2024-02-29,Store-Central-02,SKU-ELECTRONICS-01,46,54.5,0,0,4,0
2024-03-01,Store-Central-02,SKU-ELECTRONICS-01,55,54.5,0,0,4,0
2024-03-02,Store-Central-02,SKU-ELECTRONICS-01,60,54.5,0,1,4,0
2024-03-03,Store-Central-02,SKU-ELECTRONICS-01,58,54.5,0,1,4,0
2024-03-04,Store-Central-02,SKU-ELECTRONICS-01,52,54.5,0,0,4,0
2024-03-05,Store-Central-02,SKU-ELECTRONICS-01,55,54.5,0,0,4,0
2024-03-06,Store-Central-02,SKU-ELECTRONICS-01,49,54.5,0,0,4,0
2024-03-07,Store-Central-02,SKU-ELECTRONICS-01,57,54.5,0,0,4,0
2024-03-08,Store-Central-02,SKU-ELECTRONICS-01,46,54.5,0,0,4,0
2024-03-09,Store-Central-02,SKU-ELECTRONICS-01,57,54.5,0,1,4,0
2024-03-10,Store-Central-02,SKU-ELECTRONICS-01,74,54.5,0,1,4,0
2024-03-11,Store-Central-02,SKU-ELECTRONICS-01,60,54.5,0,0,4,0
2024-03-12,Store-Central-02,SKU-ELECTRONICS-01,49,54.5,0,0,4,0
2024-03-13,Store-Central-02,SKU-ELECTRONICS-01,47,54.5,0,0,4,0
2024-03-14,Store-Central-02,SKU-ELECTRONICS-01,59,54.5,0,0,4,0
2024-03-15,Store-Central-02,SKU-ELECTRONICS-01,79,54.5,0,0,4,0
2024-03-16,Store-Central-02,SKU-ELECTRONICS-01,80,54.5,0,1,4,0
2024-03-17,Store-Central-02,SKU-ELECTRONICS-01,80,54.5,0,1,4,0
2024-03-18,Store-Central-02,SKU-ELECTRONICS-01,31,54.5,0,0,4,0
2024-03-19,Store-Central-02,SKU-ELECTRONICS-01,95,46.32,1,0,4,0
2024-03-20,Store-Central-02,SKU-ELECTRONICS-01,56,54.5,0,0,4,0
2024-03-21,Store-Central-02,SKU-ELECTRONICS-01,57,54.5,0,0,4,0
2024-03-22,Store-Central-02,SKU-ELECTRONICS-01,51,54.5,0,0,4,0
2024-03-23,Store-Central-02,SKU-ELECTRONICS-01,74,54.5,0,1,4,0
2024-03-24,Store-Central-02,SKU-ELECTRONICS-01,77,54.5,0,1,4,0
2024-03-25,Store-Central-02,SKU-ELECTRONICS-01,53,54.5,0,0,4,0
2024-03-26,Store-Central-02,SKU-ELECTRONICS-01,58,54.5,0,0,4,0
2024-03-27,Store-Central-02,SKU-ELECTRONICS-01,51,54.5,0,0,4,0
2024-03-28,Store-Central-02,SKU-ELECTRONICS-01,50,54.5,0,0,4,0
2024-03-29,Store-Central-02,SKU-ELECTRONICS-01,97,46.32,1,0,4,0
2024-03-30,Store-Central-02,SKU-ELECTRONICS-01,79,54.5,0,1,4,0
2024-03-31,Store-Central-02,SKU-ELECTRONICS-01,75,54.5,0,1,4,0
2024-04-01,Store-Central-02,SKU-ELECTRONICS-01,39,54.5,0,0,4,0
2024-04-02,Store-Central-02,SKU-ELECTRONICS-01,63,54.5,0,0,4,0
2024-04-03,Store-Central-02,SKU-ELECTRONICS-01,52,54.5,0,0,4,0
2024-04-04,Store-Central-02,SKU-ELECTRONICS-01,47,54.5,0,0,4,0
2024-04-05,Store-Central-02,SKU-ELECTRONICS-01,69,54.5,0,0,4,0
2024-04-06,Store-Central-02,SKU-ELECTRONICS-01,72,54.5,0,1,4,0
2024-04-07,Store-Central-02,SKU-ELECTRONICS-01,71,54.5,0,1,4,0
2024-04-08,Store-Central-02,SKU-ELECTRONICS-01,88,46.32,1,0,4,0
2024-04-09,Store-Central-02,SKU-ELECTRONICS-01,44,54.5,0,0,4,0
2024-04-10,Store-Central-02,SKU-ELECTRONICS-01,56,54.5,0,0,4,0
2024-04-11,Store-Central-02,SKU-ELECTRONICS-01,43,54.5,0,0,4,0
2024-04-12,Store-Central-02,SKU-ELECTRONICS-01,43,54.5,0,0,4,0
2024-04-13,Store-Central-02,SKU-ELECTRONICS-01,93,54.5,0,1,4,0
2024-04-14,Store-Central-02,SKU-ELECTRONICS-01,0,54.5,0,1,4,1
2024-04-15,Store-Central-02,SKU-ELECTRONICS-01,51,54.5,0,0,4,0
2024-04-16,Store-Central-02,SKU-ELECTRONICS-01,65,54.5,0,0,4,0
2024-04-17,Store-Central-02,SKU-ELECTRONICS-01,49,54.5,0,0,4,0
2024-04-18,Store-Central-02,SKU-ELECTRONICS-01,53,54.5,0,0,4,0
2024-04-19,Store-Central-02,SKU-ELECTRONICS-01,54,54.5,0,0,4,0
2024-04-20,Store-Central-02,SKU-ELECTRONICS-01,64,54.5,0,1,4,0
2024-04-21,Store-Central-02,SKU-ELECTRONICS-01,85,54.5,0,1,4,0
2024-04-22,Store-Central-02,SKU-ELECTRONICS-01,49,54.5,0,0,4,0
2024-04-23,Store-Central-02,SKU-ELECTRONICS-01,60,54.5,0,0,4,0
2024-04-24,Store-Central-02,SKU-ELECTRONICS-01,55,54.5,0,0,4,0
2024-04-25,Store-Central-02,SKU-ELECTRONICS-01,54,54.5,0,0,4,0
2024-04-26,Store-Central-02,SKU-ELECTRONICS-01,47,54.5,0,0,4,0
2024-04-27,Store-Central-02,SKU-ELECTRONICS-01,73,54.5,0,1,4,0
2024-04-28,Store-Central-02,SKU-ELECTRONICS-01,82,54.5,0,1,4,0
2024-04-29,Store-Central-02,SKU-ELECTRONICS-01,55,54.5,0,0,4,0
2024-04-30,Store-Central-02,SKU-ELECTRONICS-01,41,54.5,0,0,4,0
2024-05-01,Store-Central-02,SKU-ELECTRONICS-01,65,54.5,0,0,4,0
2024-05-02,Store-Central-02,SKU-ELECTRONICS-01,60,54.5,0,0,4,0
2024-05-03,Store-Central-02,SKU-ELECTRONICS-01,61,54.5,0,0,4,0
2024-05-04,Store-Central-02,SKU-ELECTRONICS-01,122,46.32,1,1,4,0
2024-05-05,Store-Central-02,SKU-ELECTRONICS-01,126,46.32,1,1,4,0
2024-05-06,Store-Central-02,SKU-ELECTRONICS-01,55,54.5,0,0,4,0
2024-05-07,Store-Central-02,SKU-ELECTRONICS-01,53,54.5,0,0,4,0
2024-05-08,Store-Central-02,SKU-ELECTRONICS-01,59,54.5,0,0,4,0
2024-05-09,Store-Central-02,SKU-ELECTRONICS-01,59,54.5,0,0,4,0
2024-05-10,Store-Central-02,SKU-ELECTRONICS-01,71,54.5,0,0,4,0
2024-05-11,Store-Central-02,SKU-ELECTRONICS-01,69,54.5,0,1,4,0
2024-05-12,Store-Central-02,SKU-ELECTRONICS-01,77,54.5,0,1,4,0
2024-05-13,Store-Central-02,SKU-ELECTRONICS-01,60,54.5,0,0,4,0
2024-05-14,Store-Central-02,SKU-ELECTRONICS-01,44,54.5,0,0,4,0
2024-05-15,Store-Central-02,SKU-ELECTRONICS-01,63,54.5,0,0,4,0
2024-05-16,Store-Central-02,SKU-ELECTRONICS-01,0,54.5,0,0,4,1
2024-05-17,Store-Central-02,SKU-ELECTRONICS-01,0,54.5,0,0,4,1
2024-05-18,Store-Central-02,SKU-ELECTRONICS-01,77,54.5,0,1,4,0
2024-05-19,Store-Central-02,SKU-ELECTRONICS-01,86,54.5,0,1,4,0
2024-05-20,Store-Central-02,SKU-ELECTRONICS-01,52,54.5,0,0,4,0
2024-05-21,Store-Central-02,SKU-ELECTRONICS-01,99,46.32,1,0,4,0
2024-05-22,Store-Central-02,SKU-ELECTRONICS-01,60,54.5,0,0,4,0
2024-05-23,Store-Central-02,SKU-ELECTRONICS-01,53,54.5,0,0,4,0
2024-05-24,Store-Central-02,SKU-ELECTRONICS-01,56,54.5,0,0,4,0
2024-05-25,Store-Central-02,SKU-ELECTRONICS-01,72,54.5,0,1,4,0
2024-05-26,Store-Central-02,SKU-ELECTRONICS-01,73,54.5,0,1,4,0
2024-05-27,Store-Central-02,SKU-ELECTRONICS-01,66,54.5,0,0,4,0
2024-05-28,Store-Central-02,SKU-ELECTRONICS-01,61,54.5,0,0,4,0
2024-05-29,Store-Central-02,SKU-ELECTRONICS-01,105,46.32,1,0,4,0
2024-05-30,Store-Central-02,SKU-ELECTRONICS-01,50,54.5,0,0,4,0
2024-05-31,Store-Central-02,SKU-ELECTRONICS-01,59,54.5,0,0,4,0
2024-06-01,Store-Central-02,SKU-ELECTRONICS-01,65,54.5,0,1,4,0
2024-06-02,Store-Central-02,SKU-ELECTRONICS-01,86,54.5,0,1,4,0
2024-06-03,Store-Central-02,SKU-ELECTRONICS-01,52,54.5,0,0,4,0
2024-06-04,Store-Central-02,SKU-ELECTRONICS-01,52,54.5,0,0,4,0
2024-06-05,Store-Central-02,SKU-ELECTRONICS-01,56,54.5,0,0,4,0
2024-06-06,Store-Central-02,SKU-ELECTRONICS-01,57,54.5,0,0,4,0
2024-06-07,Store-Central-02,SKU-ELECTRONICS-01,56,54.5,0,0,4,0
2024-06-08,Store-Central-02,SKU-ELECTRONICS-01,73,54.5,0,1,4,0
2024-06-09,Store-Central-02,SKU-ELECTRONICS-01,107,46.32,1,1,4,0
2024-06-10,Store-Central-02,SKU-ELECTRONICS-01,46,54.5,0,0,4,0
2024-06-11,Store-Central-02,SKU-ELECTRONICS-01,53,54.5,0,0,4,0
2024-06-12,Store-Central-02,SKU-ELECTRONICS-01,50,54.5,0,0,4,0
2024-06-13,Store-Central-02,SKU-ELECTRONICS-01,54,54.5,0,0,4,0
2024-06-14,Store-Central-02,SKU-ELECTRONICS-01,97,46.32,1,0,4,0
2024-06-15,Store-Central-02,SKU-ELECTRONICS-01,64,54.5,0,1,4,0
2024-06-16,Store-Central-02,SKU-ELECTRONICS-01,74,54.5,0,1,4,0
2024-06-17,Store-Central-02,SKU-ELECTRONICS-01,91,46.32,1,0,4,0
2024-06-18,Store-Central-02,SKU-ELECTRONICS-01,56,54.5,0,0,4,0
2024-06-19,Store-Central-02,SKU-ELECTRONICS-01,97,46.32,1,0,4,0
2024-06-20,Store-Central-02,SKU-ELECTRONICS-01,56,54.5,0,0,4,0
2024-06-21,Store-Central-02,SKU-ELECTRONICS-01,44,54.5,0,0,4,0
2024-06-22,Store-Central-02,SKU-ELECTRONICS-01,73,54.5,0,1,4,0
2024-06-23,Store-Central-02,SKU-ELECTRONICS-01,52,54.5,0,1,4,0
2024-06-24,Store-Central-02,SKU-ELECTRONICS-01,60,54.5,0,0,4,0
2024-06-25,Store-Central-02,SKU-ELECTRONICS-01,34,54.5,0,0,4,0
2024-06-26,Store-Central-02,SKU-ELECTRONICS-01,54,54.5,0,0,4,0
2024-06-27,Store-Central-02,SKU-ELECTRONICS-01,47,54.5,0,0,4,0
2024-06-28,Store-Central-02,SKU-ELECTRONICS-01,61,54.5,0,0,4,0
2024-06-29,Store-Central-02,SKU-ELECTRONICS-01,70,54.5,0,1,4,0
2024-06-30,Store-Central-02,SKU-ELECTRONICS-01,73,54.5,0,1,4,0
2024-07-01,Store-Central-02,SKU-ELECTRONICS-01,66,54.5,0,0,4,0
2024-07-02,Store-Central-02,SKU-ELECTRONICS-01,47,54.5,0,0,4,0
2024-07-03,Store-Central-02,SKU-ELECTRONICS-01,52,54.5,0,0,4,0
2024-07-04,Store-Central-02,SKU-ELECTRONICS-01,92,46.32,1,0,4,0
2024-07-05,Store-Central-02,SKU-ELECTRONICS-01,47,54.5,0,0,4,0
2024-07-06,Store-Central-02,SKU-ELECTRONICS-01,135,46.32,1,1,4,0
2024-07-07,Store-Central-02,SKU-ELECTRONICS-01,105,46.32,1,1,4,0
2024-07-08,Store-Central-02,SKU-ELECTRONICS-01,45,54.5,0,0,4,0
2024-07-09,Store-Central-02,SKU-ELECTRONICS-01,41,54.5,0,0,4,0
2024-07-10,Store-Central-02,SKU-ELECTRONICS-01,42,54.5,0,0,4,0
2024-07-11,Store-Central-02,SKU-ELECTRONICS-01,45,54.5,0,0,4,0
2024-07-12,Store-Central-02,SKU-ELECTRONICS-01,56,54.5,0,0,4,0
2024-07-13,Store-Central-02,SKU-ELECTRONICS-01,68,54.5,0,1,4,0
2024-07-14,Store-Central-02,SKU-ELECTRONICS-01,0,54.5,0,1,4,1
2024-07-15,Store-Central-02,SKU-ELECTRONICS-01,57,54.5,0,0,4,0
2024-07-16,Store-Central-02,SKU-ELECTRONICS-01,41,54.5,0,0,4,0
2024-07-17,Store-Central-02,SKU-ELECTRONICS-01,82,46.32,1,0,4,0
2024-07-18,Store-Central-02,SKU-ELECTRONICS-01,43,54.5,0,0,4,0
2024-07-19,Store-Central-02,SKU-ELECTRONICS-01,66,54.5,0,0,4,0
2024-07-20,Store-Central-02,SKU-ELECTRONICS-01,64,54.5,0,1,4,0
2024-07-21,Store-Central-02,SKU-ELECTRONICS-01,58,54.5,0,1,4,0
2024-07-22,Store-Central-02,SKU-ELECTRONICS-01,38,54.5,0,0,4,0
2024-07-23,Store-Central-02,SKU-ELECTRONICS-01,46,54.5,0,0,4,0
2024-07-24,Store-Central-02,SKU-ELECTRONICS-01,51,54.5,0,0,4,0
2024-07-25,Store-Central-02,SKU-ELECTRONICS-01,44,54.5,0,0,4,0
2024-07-26,Store-Central-02,SKU-ELECTRONICS-01,40,54.5,0,0,4,0
2024-07-27,Store-Central-02,SKU-ELECTRONICS-01,106,46.32,1,1,4,0
2024-07-28,Store-Central-02,SKU-ELECTRONICS-01,61,54.5,0,1,4,0
2024-07-29,Store-Central-02,SKU-ELECTRONICS-01,40,54.5,0,0,4,0
2024-07-30,Store-Central-02,SKU-ELECTRONICS-01,89,46.32,1,0,4,0
2024-07-31,Store-Central-02,SKU-ELECTRONICS-01,38,54.5,0,0,4,0
2024-08-01,Store-Central-02,SKU-ELECTRONICS-01,56,54.5,0,0,4,0
2024-08-02,Store-Central-02,SKU-ELECTRONICS-01,39,54.5,0,0,4,0
2024-08-03,Store-Central-02,SKU-ELECTRONICS-01,69,54.5,0,1,4,0
2024-08-04,Store-Central-02,SKU-ELECTRONICS-01,66,54.5,0,1,4,0
2024-08-05,Store-Central-02,SKU-ELECTRONICS-01,40,54.5,0,0,4,0
2024-08-06,Store-Central-02,SKU-ELECTRONICS-01,43,54.5,0,0,4,0
2024-08-07,Store-Central-02,SKU-ELECTRONICS-01,40,54.5,0,0,4,0
2024-08-08,Store-Central-02,SKU-ELECTRONICS-01,44,54.5,0,0,4,0
2024-08-09,Store-Central-02,SKU-ELECTRONICS-01,54,54.5,0,0,4,0
2024-08-10,Store-Central-02,SKU-ELECTRONICS-01,64,54.5,0,1,4,0
2024-08-11,Store-Central-02,SKU-ELECTRONICS-01,59,54.5,0,1,4,0
2024-08-12,Store-Central-02,SKU-ELECTRONICS-01,55,54.5,0,0,4,0
2024-08-13,Store-Central-02,SKU-ELECTRONICS-01,47,54.5,0,0,4,0
2024-08-14,Store-Central-02,SKU-ELECTRONICS-01,38,54.5,0,0,4,0
2024-08-15,Store-Central-02,SKU-ELECTRONICS-01,38,54.5,0,0,4,0
2024-08-16,Store-Central-02,SKU-ELECTRONICS-01,34,54.5,0,0,4,0
2024-08-17,Store-Central-02,SKU-ELECTRONICS-01,101,46.32,1,1,4,0
2024-08-18,Store-Central-02,SKU-ELECTRONICS-01,47,54.5,0,1,4,0
2024-08-19,Store-Central-02,SKU-ELECTRONICS-01,45,54.5,0,0,4,0
2024-08-20,Store-Central-02,SKU-ELECTRONICS-01,30,54.5,0,0,4,0
2024-08-21,Store-Central-02,SKU-ELECTRONICS-01,0,54.5,0,0,4,1
2024-08-22,Store-Central-02,SKU-ELECTRONICS-01,71,46.32,1,0,4,0
2024-08-23,Store-Central-02,SKU-ELECTRONICS-01,37,54.5,0,0,4,0
2024-08-24,Store-Central-02,SKU-ELECTRONICS-01,50,54.5,0,1,4,0
2024-08-25,Store-Central-02,SKU-ELECTRONICS-01,58,54.5,0,1,4,0
2024-08-26,Store-Central-02,SKU-ELECTRONICS-01,45,54.5,0,0,4,0
2024-08-27,Store-Central-02,SKU-ELECTRONICS-01,32,54.5,0,0,4,0
2024-08-28,Store-Central-02,SKU-ELECTRONICS-01,0,54.5,0,0,4,1
2024-08-29,Store-Central-02,SKU-ELECTRONICS-01,37,54.5,0,0,4,0
2024-08-30,Store-Central-02,SKU-ELECTRONICS-01,28,54.5,0,0,4,0
2024-08-31,Store-Central-02,SKU-ELECTRONICS-01,57,54.5,0,1,4,0
2024-09-01,Store-Central-02,SKU-ELECTRONICS-01,61,54.5,0,1,4,0
2024-09-02,Store-Central-02,SKU-ELECTRONICS-01,38,54.5,0,0,4,0
2024-09-03,Store-Central-02,SKU-ELECTRONICS-01,36,54.5,0,0,4,0
2024-09-04,Store-Central-02,SKU-ELECTRONICS-01,31,54.5,0,0,4,0
2024-09-05,Store-Central-02,SKU-ELECTRONICS-01,76,46.32,1,0,4,0
2024-09-06,Store-Central-02,SKU-ELECTRONICS-01,36,54.5,0,0,4,0
2024-09-07,Store-Central-02,SKU-ELECTRONICS-01,41,54.5,0,1,4,0
2024-09-08,Store-Central-02,SKU-ELECTRONICS-01,45,54.5,0,1,4,0
2024-09-09,Store-Central-02,SKU-ELECTRONICS-01,40,54.5,0,0,4,0
2024-09-10,Store-Central-02,SKU-ELECTRONICS-01,19,54.5,0,0,4,0
2024-09-11,Store-Central-02,SKU-ELECTRONICS-01,38,54.5,0,0,4,0
2024-09-12,Store-Central-02,SKU-ELECTRONICS-01,21,54.5,0,0,4,0
2024-09-13,Store-Central-02,SKU-ELECTRONICS-01,27,54.5,0,0,4,0
2024-09-14,Store-Central-02,SKU-ELECTRONICS-01,50,54.5,0,1,4,0
2024-09-15,Store-Central-02,SKU-ELECTRONICS-01,50,54.5,0,1,4,0
2024-09-16,Store-Central-02,SKU-ELECTRONICS-01,28,54.5,0,0,4,0
2024-09-17,Store-Central-02,SKU-ELECTRONICS-01,38,54.5,0,0,4,0
2024-09-18,Store-Central-02,SKU-ELECTRONICS-01,28,54.5,0,0,4,0
2024-09-19,Store-Central-02,SKU-ELECTRONICS-01,35,54.5,0,0,4,0
2024-09-20,Store-Central-02,SKU-ELECTRONICS-01,0,54.5,0,0,4,1
2024-09-21,Store-Central-02,SKU-ELECTRONICS-01,38,54.5,0,1,4,0
2024-09-22,Store-Central-02,SKU-ELECTRONICS-01,41,54.5,0,1,4,0
2024-09-23,Store-Central-02,SKU-ELECTRONICS-01,38,54.5,0,0,4,0
2024-09-24,Store-Central-02,SKU-ELECTRONICS-01,0,54.5,0,0,4,1
2024-09-25,Store-Central-02,SKU-ELECTRONICS-01,30,54.5,0,0,4,0
2024-09-26,Store-Central-02,SKU-ELECTRONICS-01,23,54.5,0,0,4,0
2024-09-27,Store-Central-02,SKU-ELECTRONICS-01,71,46.32,1,0,4,0
2024-09-28,Store-Central-02,SKU-ELECTRONICS-01,43,54.5,0,1,4,0
2024-09-29,Store-Central-02,SKU-ELECTRONICS-01,45,54.5,0,1,4,0
2024-09-30,Store-Central-02,SKU-ELECTRONICS-01,0,54.5,0,0,4,1
2024-10-01,Store-Central-02,SKU-ELECTRONICS-01,29,54.5,0,0,4,0
2024-10-02,Store-Central-02,SKU-ELECTRONICS-01,30,54.5,0,0,4,0
2024-10-03,Store-Central-02,SKU-ELECTRONICS-01,23,54.5,0,0,4,0
2024-10-04,Store-Central-02,SKU-ELECTRONICS-01,32,54.5,0,0,4,0
2024-10-05,Store-Central-02,SKU-ELECTRONICS-01,34,54.5,0,1,4,0
2024-10-06,Store-Central-02,SKU-ELECTRONICS-01,68,46.32,1,1,4,0
2024-10-07,Store-Central-02,SKU-ELECTRONICS-01,26,54.5,0,0,4,0
2024-10-08,Store-Central-02,SKU-ELECTRONICS-01,27,54.5,0,0,4,0
2024-10-09,Store-Central-02,SKU-ELECTRONICS-01,61,46.32,1,0,4,0
2024-10-10,Store-Central-02,SKU-ELECTRONICS-01,35,54.5,0,0,4,0
2024-10-11,Store-Central-02,SKU-ELECTRONICS-01,57,46.32,1,0,4,0
2024-10-12,Store-Central-02,SKU-ELECTRONICS-01,45,54.5,0,1,4,0
2024-10-13,Store-Central-02,SKU-ELECTRONICS-01,42,54.5,0,1,4,0
2024-10-14,Store-Central-02,SKU-ELECTRONICS-01,30,54.5,0,0,4,0
2024-10-15,Store-Central-02,SKU-ELECTRONICS-01,21,54.5,0,0,4,0
2024-10-16,Store-Central-02,SKU-ELECTRONICS-01,32,54.5,0,0,4,0
2024-10-17,Store-Central-02,SKU-ELECTRONICS-01,54,46.32,1,0,4,0
2024-10-18,Store-Central-02,SKU-ELECTRONICS-01,36,54.5,0,0,4,0
2024-10-19,Store-Central-02,SKU-ELECTRONICS-01,77,46.32,1,1,4,0
2024-10-20,Store-Central-02,SKU-ELECTRONICS-01,38,54.5,0,1,4,0
2024-10-21,Store-Central-02,SKU-ELECTRONICS-01,56,46.32,1,0,4,0
2024-10-22,Store-Central-02,SKU-ELECTRONICS-01,37,54.5,0,0,4,0
2024-10-23,Store-Central-02,SKU-ELECTRONICS-01,31,54.5,0,0,4,0
2024-10-24,Store-Central-02,SKU-ELECTRONICS-01,29,54.5,0,0,4,0
2024-10-25,Store-Central-02,SKU-ELECTRONICS-01,0,54.5,0,0,4,1
2024-10-26,Store-Central-02,SKU-ELECTRONICS-01,38,54.5,0,1,4,0
2024-10-27,Store-Central-02,SKU-ELECTRONICS-01,40,54.5,0,1,4,0
2024-10-28,Store-Central-02,SKU-ELECTRONICS-01,34,54.5,0,0,4,0
2024-10-29,Store-Central-02,SKU-ELECTRONICS-01,22,54.5,0,0,4,0
2024-10-30,Store-Central-02,SKU-ELECTRONICS-01,31,54.5,0,0,4,0
2024-10-31,Store-Central-02,SKU-ELECTRONICS-01,31,54.5,0,0,4,0
2024-11-01,Store-Central-02,SKU-ELECTRONICS-01,29,54.5,0,0,4,0
2024-11-02,Store-Central-02,SKU-ELECTRONICS-01,0,54.5,0,1,4,1
2024-11-03,Store-Central-02,SKU-ELECTRONICS-01,44,54.5,0,1,4,0
2024-11-04,Store-Central-02,SKU-ELECTRONICS-01,29,54.5,0,0,4,0
2024-11-05,Store-Central-02,SKU-ELECTRONICS-01,60,46.32,1,0,4,0
2024-11-06,Store-Central-02,SKU-ELECTRONICS-01,23,54.5,0,0,4,0
2024-11-07,Store-Central-02,SKU-ELECTRONICS-01,26,54.5,0,0,4,0
2024-11-08,Store-Central-02,SKU-ELECTRONICS-01,35,54.5,0,0,4,0
2024-11-09,Store-Central-02,SKU-ELECTRONICS-01,46,54.5,0,1,4,0
2024-11-10,Store-Central-02,SKU-ELECTRONICS-01,36,54.5,0,1,4,0
2024-11-11,Store-Central-02,SKU-ELECTRONICS-01,31,54.5,0,0,4,0
2024-11-12,Store-Central-02,SKU-ELECTRONICS-01,32,54.5,0,0,4,0
2024-11-13,Store-Central-02,SKU-ELECTRONICS-01,41,54.5,0,0,4,0
2024-11-14,Store-Central-02,SKU-ELECTRONICS-01,62,46.32,1,0,4,0
2024-11-15,Store-Central-02,SKU-ELECTRONICS-01,34,54.5,0,0,4,0
2024-11-16,Store-Central-02,SKU-ELECTRONICS-01,39,54.5,0,1,4,0
2024-11-17,Store-Central-02,SKU-ELECTRONICS-01,55,54.5,0,1,4,0
2024-11-18,Store-Central-02,SKU-ELECTRONICS-01,40,54.5,0,0,4,0
2024-11-19,Store-Central-02,SKU-ELECTRONICS-01,24,54.5,0,0,4,0
2024-11-20,Store-Central-02,SKU-ELECTRONICS-01,55,46.32,1,0,4,0
2024-11-21,Store-Central-02,SKU-ELECTRONICS-01,0,54.5,0,0,4,1
2024-11-22,Store-Central-02,SKU-ELECTRONICS-01,31,54.5,0,0,4,0
2024-11-23,Store-Central-02,SKU-ELECTRONICS-01,80,46.32,1,1,4,0
2024-11-24,Store-Central-02,SKU-ELECTRONICS-01,37,54.5,0,1,4,0
2024-11-25,Store-Central-02,SKU-ELECTRONICS-01,27,54.5,0,0,4,0
2024-11-26,Store-Central-02,SKU-ELECTRONICS-01,0,54.5,0,0,4,1
2024-11-27,Store-Central-02,SKU-ELECTRONICS-01,40,54.5,0,0,4,0
2024-11-28,Store-Central-02,SKU-ELECTRONICS-01,34,54.5,0,0,4,0
2024-11-29,Store-Central-02,SKU-ELECTRONICS-01,34,54.5,0,0,4,0
2024-11-30,Store-Central-02,SKU-ELECTRONICS-01,47,54.5,0,1,4,0
2024-12-01,Store-Central-02,SKU-ELECTRONICS-01,45,54.5,0,1,4,0
2024-12-02,Store-Central-02,SKU-ELECTRONICS-01,34,54.5,0,0,4,0
2024-12-03,Store-Central-02,SKU-ELECTRONICS-01,32,54.5,0,0,4,0
2024-12-04,Store-Central-02,SKU-ELECTRONICS-01,28,54.5,0,0,4,0
2024-12-05,Store-Central-02,SKU-ELECTRONICS-01,26,54.5,0,0,4,0
2024-12-06,Store-Central-02,SKU-ELECTRONICS-01,32,54.5,0,0,4,0
2024-12-07,Store-Central-02,SKU-ELECTRONICS-01,40,54.5,0,1,4,0
2024-12-08,Store-Central-02,SKU-ELECTRONICS-01,34,54.5,0,1,4,0
2024-12-09,Store-Central-02,SKU-ELECTRONICS-01,37,54.5,0,0,4,0
2024-12-10,Store-Central-02,SKU-ELECTRONICS-01,0,54.5,0,0,4,1
2024-12-11,Store-Central-02,SKU-ELECTRONICS-01,38,54.5,0,0,4,0
2024-12-12,Store-Central-02,SKU-ELECTRONICS-01,34,54.5,0,0,4,0
2024-12-13,Store-Central-02,SKU-ELECTRONICS-01,35,54.5,0,0,4,0
2024-12-14,Store-Central-02,SKU-ELECTRONICS-01,53,54.5,0,1,4,0
2024-12-15,Store-Central-02,SKU-ELECTRONICS-01,39,54.5,0,1,4,0
2024-12-16,Store-Central-02,SKU-ELECTRONICS-01,38,54.5,0,0,4,0
2024-12-17,Store-Central-02,SKU-ELECTRONICS-01,26,54.5,0,0,4,0
2024-12-18,Store-Central-02,SKU-ELECTRONICS-01,43,54.5,0,0,4,0
2024-12-19,Store-Central-02,SKU-ELECTRONICS-01,38,54.5,0,0,4,0
2024-12-20,Store-Central-02,SKU-ELECTRONICS-01,39,54.5,0,0,4,0
2024-12-21,Store-Central-02,SKU-ELECTRONICS-01,52,54.5,0,1,4,0
2024-12-22,Store-Central-02,SKU-ELECTRONICS-01,65,54.5,0,1,4,0
2024-12-23,Store-Central-02,SKU-ELECTRONICS-01,32,54.5,0,0,4,0
2024-12-24,Store-Central-02,SKU-ELECTRONICS-01,40,54.5,0,0,4,0
2024-12-25,Store-Central-02,SKU-ELECTRONICS-01,0,54.5,0,0,4,1
2024-12-26,Store-Central-02,SKU-ELECTRONICS-01,45,54.5,0,0,4,0
2024-12-27,Store-Central-02,SKU-ELECTRONICS-01,40,54.5,0,0,4,0
2024-12-28,Store-Central-02,SKU-ELECTRONICS-01,47,54.5,0,1,4,0
2024-12-29,Store-Central-02,SKU-ELECTRONICS-01,56,54.5,0,1,4,0
2024-12-30,Store-Central-02,SKU-ELECTRONICS-01,32,54.5,0,0,4,0
2024-12-31,Store-Central-02,SKU-ELECTRONICS-01,69,46.32,1,0,4,0
2025-01-01,Store-Central-02,SKU-ELECTRONICS-01,32,54.5,0,0,4,0
2025-01-02,Store-Central-02,SKU-ELECTRONICS-01,44,54.5,0,0,4,0
2025-01-03,Store-Central-02,SKU-ELECTRONICS-01,37,54.5,0,0,4,0
2025-01-04,Store-Central-02,SKU-ELECTRONICS-01,52,54.5,0,1,4,0
2025-01-05,Store-Central-02,SKU-ELECTRONICS-01,46,54.5,0,1,4,0
2025-01-06,Store-Central-02,SKU-ELECTRONICS-01,39,54.5,0,0,4,0
2025-01-07,Store-Central-02,SKU-ELECTRONICS-01,57,46.32,1,0,4,0
2025-01-08,Store-Central-02,SKU-ELECTRONICS-01,41,54.5,0,0,4,0
2025-01-09,Store-Central-02,SKU-ELECTRONICS-01,33,54.5,0,0,4,0
2025-01-10,Store-Central-02,SKU-ELECTRONICS-01,28,54.5,0,0,4,0
2025-01-11,Store-Central-02,SKU-ELECTRONICS-01,42,54.5,0,1,4,0
2025-01-12,Store-Central-02,SKU-ELECTRONICS-01,97,46.32,1,1,4,0
2025-01-13,Store-Central-02,SKU-ELECTRONICS-01,40,54.5,0,0,4,0
2025-01-14,Store-Central-02,SKU-ELECTRONICS-01,0,54.5,0,0,4,1
2025-01-15,Store-Central-02,SKU-ELECTRONICS-01,40,54.5,0,0,4,0
2025-01-16,Store-Central-02,SKU-ELECTRONICS-01,39,54.5,0,0,4,0
2025-01-17,Store-Central-02,SKU-ELECTRONICS-01,63,46.32,1,0,4,0
2025-01-18,Store-Central-02,SKU-ELECTRONICS-01,49,54.5,0,1,4,0
2025-01-19,Store-Central-02,SKU-ELECTRONICS-01,46,54.5,0,1,4,0
2025-01-20,Store-Central-02,SKU-ELECTRONICS-01,49,54.5,0,0,4,0
2025-01-21,Store-Central-02,SKU-ELECTRONICS-01,44,54.5,0,0,4,0
2025-01-22,Store-Central-02,SKU-ELECTRONICS-01,29,54.5,0,0,4,0
2025-01-23,Store-Central-02,SKU-ELECTRONICS-01,49,54.5,0,0,4,0
2025-01-24,Store-Central-02,SKU-ELECTRONICS-01,83,46.32,1,0,4,0
2025-01-25,Store-Central-02,SKU-ELECTRONICS-01,57,54.5,0,1,4,0
2025-01-26,Store-Central-02,SKU-ELECTRONICS-01,48,54.5,0,1,4,0
2025-01-27,Store-Central-02,SKU-ELECTRONICS-01,40,54.5,0,0,4,0
2025-01-28,Store-Central-02,SKU-ELECTRONICS-01,53,54.5,0,0,4,0
2025-01-29,Store-Central-02,SKU-ELECTRONICS-01,36,54.5,0,0,4,0
2025-01-30,Store-Central-02,SKU-ELECTRONICS-01,45,54.5,0,0,4,0
2025-01-31,Store-Central-02,SKU-ELECTRONICS-01,46,54.5,0,0,4,0
2025-02-01,Store-Central-02,SKU-ELECTRONICS-01,54,54.5,0,1,4,0
2025-02-02,Store-Central-02,SKU-ELECTRONICS-01,55,54.5,0,1,4,0
2025-02-03,Store-Central-02,SKU-ELECTRONICS-01,76,46.32,1,0,4,0
2025-02-04,Store-Central-02,SKU-ELECTRONICS-01,40,54.5,0,0,4,0
2025-02-05,Store-Central-02,SKU-ELECTRONICS-01,45,54.5,0,0,4,0
2025-02-06,Store-Central-02,SKU-ELECTRONICS-01,49,54.5,0,0,4,0
2025-02-07,Store-Central-02,SKU-ELECTRONICS-01,51,54.5,0,0,4,0
2025-02-08,Store-Central-02,SKU-ELECTRONICS-01,64,54.5,0,1,4,0
2025-02-09,Store-Central-02,SKU-ELECTRONICS-01,56,54.5,0,1,4,0
2025-02-10,Store-Central-02,SKU-ELECTRONICS-01,46,54.5,0,0,4,0
2025-02-11,Store-Central-02,SKU-ELECTRONICS-01,47,54.5,0,0,4,0
2025-02-12,Store-Central-02,SKU-ELECTRONICS-01,45,54.5,0,0,4,0
2025-02-13,Store-Central-02,SKU-ELECTRONICS-01,45,54.5,0,0,4,0
2025-02-14,Store-Central-02,SKU-ELECTRONICS-01,43,54.5,0,0,4,0
2025-02-15,Store-Central-02,SKU-ELECTRONICS-01,57,54.5,0,1,4,0
2025-02-16,Store-Central-02,SKU-ELECTRONICS-01,74,54.5,0,1,4,0
2025-02-17,Store-Central-02,SKU-ELECTRONICS-01,39,54.5,0,0,4,0
2025-02-18,Store-Central-02,SKU-ELECTRONICS-01,40,54.5,0,0,4,0
2025-02-19,Store-Central-02,SKU-ELECTRONICS-01,31,54.5,0,0,4,0
2025-02-20,Store-Central-02,SKU-ELECTRONICS-01,56,54.5,0,0,4,0
2025-02-21,Store-Central-02,SKU-ELECTRONICS-01,52,54.5,0,0,4,0
2025-02-22,Store-Central-02,SKU-ELECTRONICS-01,114,46.32,1,1,4,0
2025-02-23,Store-Central-02,SKU-ELECTRONICS-01,75,54.5,0,1,4,0
2025-02-24,Store-Central-02,SKU-ELECTRONICS-01,49,54.5,0,0,4,0
2025-02-25,Store-Central-02,SKU-ELECTRONICS-01,49,54.5,0,0,4,0
2025-02-26,Store-Central-02,SKU-ELECTRONICS-01,0,54.5,0,0,4,1
2025-02-27,Store-Central-02,SKU-ELECTRONICS-01,45,54.5,0,0,4,0
2025-02-28,Store-Central-02,SKU-ELECTRONICS-01,48,54.5,0,0,4,0
2025-03-01,Store-Central-02,SKU-ELECTRONICS-01,62,54.5,0,1,4,0
2025-03-02,Store-Central-02,SKU-ELECTRONICS-01,63,54.5,0,1,4,0
2025-03-03,Store-Central-02,SKU-ELECTRONICS-01,46,54.5,0,0,4,0
2025-03-04,Store-Central-02,SKU-ELECTRONICS-01,83,46.32,1,0,4,0
2025-03-05,Store-Central-02,SKU-ELECTRONICS-01,55,54.5,0,0,4,0
2025-03-06,Store-Central-02,SKU-ELECTRONICS-01,40,54.5,0,0,4,0
2025-03-07,Store-Central-02,SKU-ELECTRONICS-01,28,54.5,0,0,4,0
2025-03-08,Store-Central-02,SKU-ELECTRONICS-01,67,54.5,0,1,4,0
2025-03-09,Store-Central-02,SKU-ELECTRONICS-01,69,54.5,0,1,4,0
2025-03-10,Store-Central-02,SKU-ELECTRONICS-01,63,54.5,0,0,4,0
2025-03-11,Store-Central-02,SKU-ELECTRONICS-01,45,54.5,0,0,4,0
2025-03-12,Store-Central-02,SKU-ELECTRONICS-01,36,54.5,0,0,4,0
2025-03-13,Store-Central-02,SKU-ELECTRONICS-01,90,46.32,1,0,4,0
2025-03-14,Store-Central-02,SKU-ELECTRONICS-01,53,54.5,0,0,4,0
2025-03-15,Store-Central-02,SKU-ELECTRONICS-01,132,46.32,1,1,4,0
2025-03-16,Store-Central-02,SKU-ELECTRONICS-01,68,54.5,0,1,4,0
2025-03-17,Store-Central-02,SKU-ELECTRONICS-01,47,54.5,0,0,4,0
2025-03-18,Store-Central-02,SKU-ELECTRONICS-01,45,54.5,0,0,4,0
2025-03-19,Store-Central-02,SKU-ELECTRONICS-01,49,54.5,0,0,4,0
2025-03-20,Store-Central-02,SKU-ELECTRONICS-01,51,54.5,0,0,4,0
2025-03-21,Store-Central-02,SKU-ELECTRONICS-01,60,54.5,0,0,4,0
2025-03-22,Store-Central-02,SKU-ELECTRONICS-01,70,54.5,0,1,4,0
2025-03-23,Store-Central-02,SKU-ELECTRONICS-01,68,54.5,0,1,4,0
2025-03-24,Store-Central-02,SKU-ELECTRONICS-01,58,54.5,0,0,4,0
2025-03-25,Store-Central-02,SKU-ELECTRONICS-01,55,54.5,0,0,4,0
2025-03-26,Store-Central-02,SKU-ELECTRONICS-01,45,54.5,0,0,4,0
2025-03-27,Store-Central-02,SKU-ELECTRONICS-01,46,54.5,0,0,4,0
2025-03-28,Store-Central-02,SKU-ELECTRONICS-01,57,54.5,0,0,4,0
2025-03-29,Store-Central-02,SKU-ELECTRONICS-01,75,54.5,0,1,4,0
2025-03-30,Store-Central-02,SKU-ELECTRONICS-01,68,54.5,0,1,4,0
2025-03-31,Store-Central-02,SKU-ELECTRONICS-01,60,54.5,0,0,4,0
2025-04-01,Store-Central-02,SKU-ELECTRONICS-01,55,54.5,0,0,4,0
2025-04-02,Store-Central-02,SKU-ELECTRONICS-01,48,54.5,0,0,4,0
2025-04-03,Store-Central-02,SKU-ELECTRONICS-01,63,54.5,0,0,4,0
2025-04-04,Store-Central-02,SKU-ELECTRONICS-01,57,54.5,0,0,4,0
2025-04-05,Store-Central-02,SKU-ELECTRONICS-01,75,54.5,0,1,4,0
2025-04-06,Store-Central-02,SKU-ELECTRONICS-01,80,54.5,0,1,4,0
2025-04-07,Store-Central-02,SKU-ELECTRONICS-01,53,54.5,0,0,4,0
2025-04-08,Store-Central-02,SKU-ELECTRONICS-01,58,54.5,0,0,4,0
2025-04-09,Store-Central-02,SKU-ELECTRONICS-01,45,54.5,0,0,4,0
2025-04-10,Store-Central-02,SKU-ELECTRONICS-01,86,46.32,1,0,4,0
2025-04-11,Store-Central-02,SKU-ELECTRONICS-01,67,54.5,0,0,4,0
2025-04-12,Store-Central-02,SKU-ELECTRONICS-01,75,54.5,0,1,4,0
2025-04-13,Store-Central-02,SKU-ELECTRONICS-01,84,54.5,0,1,4,0
2025-04-14,Store-Central-02,SKU-ELECTRONICS-01,66,54.5,0,0,4,0
2025-04-15,Store-Central-02,SKU-ELECTRONICS-01,59,54.5,0,0,4,0
2025-04-16,Store-Central-02,SKU-ELECTRONICS-01,56,54.5,0,0,4,0
2025-04-17,Store-Central-02,SKU-ELECTRONICS-01,66,54.5,0,0,4,0
2025-04-18,Store-Central-02,SKU-ELECTRONICS-01,53,54.5,0,0,4,0
2025-04-19,Store-Central-02,SKU-ELECTRONICS-01,68,54.5,0,1,4,0
2025-04-20,Store-Central-02,SKU-ELECTRONICS-01,81,54.5,0,1,4,0
2025-04-21,Store-Central-02,SKU-ELECTRONICS-01,59,54.5,0,0,4,0
2025-04-22,Store-Central-02,SKU-ELECTRONICS-01,49,54.5,0,0,4,0
2025-04-23,Store-Central-02,SKU-ELECTRONICS-01,51,54.5,0,0,4,0
2025-04-24,Store-Central-02,SKU-ELECTRONICS-01,0,54.5,0,0,4,1
2025-04-25,Store-Central-02,SKU-ELECTRONICS-01,50,54.5,0,0,4,0
2025-04-26,Store-Central-02,SKU-ELECTRONICS-01,0,54.5,0,1,4,1
2025-04-27,Store-Central-02,SKU-ELECTRONICS-01,78,54.5,0,1,4,0
2025-04-28,Store-Central-02,SKU-ELECTRONICS-01,122,46.32,1,0,4,0
2025-04-29,Store-Central-02,SKU-ELECTRONICS-01,51,54.5,0,0,4,0
2025-04-30,Store-Central-02,SKU-ELECTRONICS-01,43,54.5,0,0,4,0
2025-05-01,Store-Central-02,SKU-ELECTRONICS-01,52,54.5,0,0,4,0
2025-05-02,Store-Central-02,SKU-ELECTRONICS-01,54,54.5,0,0,4,0
2025-05-03,Store-Central-02,SKU-ELECTRONICS-01,80,54.5,0,1,4,0
2025-05-04,Store-Central-02,SKU-ELECTRONICS-01,70,54.5,0,1,4,0
2025-05-05,Store-Central-02,SKU-ELECTRONICS-01,52,54.5,0,0,4,0
2025-05-06,Store-Central-02,SKU-ELECTRONICS-01,52,54.5,0,0,4,0
2025-05-07,Store-Central-02,SKU-ELECTRONICS-01,58,54.5,0,0,4,0
2025-05-08,Store-Central-02,SKU-ELECTRONICS-01,50,54.5,0,0,4,0
2025-05-09,Store-Central-02,SKU-ELECTRONICS-01,68,54.5,0,0,4,0
2025-05-10,Store-Central-02,SKU-ELECTRONICS-01,90,54.5,0,1,4,0
2025-05-11,Store-Central-02,SKU-ELECTRONICS-01,68,54.5,0,1,4,0
2025-05-12,Store-Central-02,SKU-ELECTRONICS-01,69,54.5,0,0,4,0
2025-05-13,Store-Central-02,SKU-ELECTRONICS-01,54,54.5,0,0,4,0
2025-05-14,Store-Central-02,SKU-ELECTRONICS-01,54,54.5,0,0,4,0
2025-05-15,Store-Central-02,SKU-ELECTRONICS-01,63,54.5,0,0,4,0
2025-05-16,Store-Central-02,SKU-ELECTRONICS-01,54,54.5,0,0,4,0
2025-05-17,Store-Central-02,SKU-ELECTRONICS-01,75,54.5,0,1,4,0
2025-05-18,Store-Central-02,SKU-ELECTRONICS-01,68,54.5,0,1,4,0
2025-05-19,Store-Central-02,SKU-ELECTRONICS-01,52,54.5,0,0,4,0
2025-05-20,Store-Central-02,SKU-ELECTRONICS-01,52,54.5,0,0,4,0
2025-05-21,Store-Central-02,SKU-ELECTRONICS-01,56,54.5,0,0,4,0
2025-05-22,Store-Central-02,SKU-ELECTRONICS-01,47,54.5,0,0,4,0
2025-05-23,Store-Central-02,SKU-ELECTRONICS-01,57,54.5,0,0,4,0
2025-05-24,Store-Central-02,SKU-ELECTRONICS-01,76,54.5,0,1,4,0
2025-05-25,Store-Central-02,SKU-ELECTRONICS-01,64,54.5,0,1,4,0
2025-05-26,Store-Central-02,SKU-ELECTRONICS-01,54,54.5,0,0,4,0
2025-05-27,Store-Central-02,SKU-ELECTRONICS-01,61,54.5,0,0,4,0
2025-05-28,Store-Central-02,SKU-ELECTRONICS-01,40,54.5,0,0,4,0
2025-05-29,Store-Central-02,SKU-ELECTRONICS-01,58,54.5,0,0,4,0
2025-05-30,Store-Central-02,SKU-ELECTRONICS-01,43,54.5,0,0,4,0
2025-05-31,Store-Central-02,SKU-ELECTRONICS-01,77,54.5,0,1,4,0
2025-06-01,Store-Central-02,SKU-ELECTRONICS-01,78,54.5,0,1,4,0
2025-06-02,Store-Central-02,SKU-ELECTRONICS-01,48,54.5,0,0,4,0
2025-06-03,Store-Central-02,SKU-ELECTRONICS-01,58,54.5,0,0,4,0
2025-06-04,Store-Central-02,SKU-ELECTRONICS-01,40,54.5,0,0,4,0
2025-06-05,Store-Central-02,SKU-ELECTRONICS-01,53,54.5,0,0,4,0
2025-06-06,Store-Central-02,SKU-ELECTRONICS-01,0,46.32,1,0,4,1
2025-06-07,Store-Central-02,SKU-ELECTRONICS-01,0,54.5,0,1,4,1
2025-06-08,Store-Central-02,SKU-ELECTRONICS-01,125,46.32,1,1,4,0
2025-06-09,Store-Central-02,SKU-ELECTRONICS-01,59,54.5,0,0,4,0
2025-06-10,Store-Central-02,SKU-ELECTRONICS-01,50,54.5,0,0,4,0
2025-06-11,Store-Central-02,SKU-ELECTRONICS-01,50,54.5,0,0,4,0
2025-06-12,Store-Central-02,SKU-ELECTRONICS-01,64,54.5,0,0,4,0
2025-06-13,Store-Central-02,SKU-ELECTRONICS-01,62,54.5,0,0,4,0
2025-06-14,Store-Central-02,SKU-ELECTRONICS-01,72,54.5,0,1,4,0
2025-06-15,Store-Central-02,SKU-ELECTRONICS-01,73,54.5,0,1,4,0
2025-06-16,Store-Central-02,SKU-ELECTRONICS-01,52,54.5,0,0,4,0
2025-06-17,Store-Central-02,SKU-ELECTRONICS-01,50,54.5,0,0,4,0
2025-06-18,Store-Central-02,SKU-ELECTRONICS-01,53,54.5,0,0,4,0
2025-06-19,Store-Central-02,SKU-ELECTRONICS-01,51,54.5,0,0,4,0
2025-06-20,Store-Central-02,SKU-ELECTRONICS-01,50,54.5,0,0,4,0
2025-06-21,Store-Central-02,SKU-ELECTRONICS-01,61,54.5,0,1,4,0
2025-06-22,Store-Central-02,SKU-ELECTRONICS-01,66,54.5,0,1,4,0
2025-06-23,Store-Central-02,SKU-ELECTRONICS-01,44,54.5,0,0,4,0
2025-06-24,Store-Central-02,SKU-ELECTRONICS-01,48,54.5,0,0,4,0
2025-06-25,Store-Central-02,SKU-ELECTRONICS-01,47,54.5,0,0,4,0
2025-06-26,Store-Central-02,SKU-ELECTRONICS-01,75,46.32,1,0,4,0
2025-06-27,Store-Central-02,SKU-ELECTRONICS-01,71,46.32,1,0,4,0
2025-06-28,Store-Central-02,SKU-ELECTRONICS-01,71,54.5,0,1,4,0
2025-06-29,Store-Central-02,SKU-ELECTRONICS-01,66,54.5,0,1,4,0
2025-06-30,Store-Central-02,SKU-ELECTRONICS-01,54,54.5,0,0,4,0
2025-07-01,Store-Central-02,SKU-ELECTRONICS-01,40,54.5,0,0,4,0
2025-07-02,Store-Central-02,SKU-ELECTRONICS-01,59,54.5,0,0,4,0
2025-07-03,Store-Central-02,SKU-ELECTRONICS-01,49,54.5,0,0,4,0
2025-07-04,Store-Central-02,SKU-ELECTRONICS-01,37,54.5,0,0,4,0
2025-07-05,Store-Central-02,SKU-ELECTRONICS-01,67,54.5,0,1,4,0
2025-07-06,Store-Central-02,SKU-ELECTRONICS-01,60,54.5,0,1,4,0
2025-07-07,Store-Central-02,SKU-ELECTRONICS-01,54,54.5,0,0,4,0
2025-07-08,Store-Central-02,SKU-ELECTRONICS-01,49,54.5,0,0,4,0
2025-07-09,Store-Central-02,SKU-ELECTRONICS-01,58,54.5,0,0,4,0
2025-07-10,Store-Central-02,SKU-ELECTRONICS-01,0,54.5,0,0,4,1
2025-07-11,Store-Central-02,SKU-ELECTRONICS-01,42,54.5,0,0,4,0
2025-07-12,Store-Central-02,SKU-ELECTRONICS-01,56,54.5,0,1,4,0
2025-07-13,Store-Central-02,SKU-ELECTRONICS-01,59,54.5,0,1,4,0
2025-07-14,Store-Central-02,SKU-ELECTRONICS-01,41,54.5,0,0,4,0
2025-07-15,Store-Central-02,SKU-ELECTRONICS-01,54,54.5,0,0,4,0
2025-07-16,Store-Central-02,SKU-ELECTRONICS-01,46,54.5,0,0,4,0
2025-07-17,Store-Central-02,SKU-ELECTRONICS-01,45,54.5,0,0,4,0
2025-07-18,Store-Central-02,SKU-ELECTRONICS-01,56,54.5,0,0,4,0
2025-07-19,Store-Central-02,SKU-ELECTRONICS-01,67,54.5,0,1,4,0
2025-07-20,Store-Central-02,SKU-ELECTRONICS-01,80,54.5,0,1,4,0
2025-07-21,Store-Central-02,SKU-ELECTRONICS-01,47,54.5,0,0,4,0
2025-07-22,Store-Central-02,SKU-ELECTRONICS-01,49,54.5,0,0,4,0
2025-07-23,Store-Central-02,SKU-ELECTRONICS-01,36,54.5,0,0,4,0
2025-07-24,Store-Central-02,SKU-ELECTRONICS-01,58,54.5,0,0,4,0
2025-07-25,Store-Central-02,SKU-ELECTRONICS-01,87,46.32,1,0,4,0
2025-07-26,Store-Central-02,SKU-ELECTRONICS-01,53,54.5,0,1,4,0
2025-07-27,Store-Central-02,SKU-ELECTRONICS-01,56,54.5,0,1,4,0
2025-07-28,Store-Central-02,SKU-ELECTRONICS-01,41,54.5,0,0,4,0
2025-07-29,Store-Central-02,SKU-ELECTRONICS-01,85,46.32,1,0,4,0
2025-07-30,Store-Central-02,SKU-ELECTRONICS-01,40,54.5,0,0,4,0
2025-07-31,Store-Central-02,SKU-ELECTRONICS-01,51,54.5,0,0,4,0
2025-08-01,Store-Central-02,SKU-ELECTRONICS-01,101,46.32,1,0,4,0
2025-08-02,Store-Central-02,SKU-ELECTRONICS-01,68,54.5,0,1,4,0
2025-08-03,Store-Central-02,SKU-ELECTRONICS-01,56,54.5,0,1,4,0
2025-08-04,Store-Central-02,SKU-ELECTRONICS-01,36,54.5,0,0,4,0
2025-08-05,Store-Central-02,SKU-ELECTRONICS-01,47,54.5,0,0,4,0
2025-08-06,Store-Central-02,SKU-ELECTRONICS-01,42,54.5,0,0,4,0
2025-08-07,Store-Central-02,SKU-ELECTRONICS-01,39,54.5,0,0,4,0
2025-08-08,Store-Central-02,SKU-ELECTRONICS-01,41,54.5,0,0,4,0
2025-08-09,Store-Central-02,SKU-ELECTRONICS-01,98,46.32,1,1,4,0
2025-08-10,Store-Central-02,SKU-ELECTRONICS-01,54,54.5,0,1,4,0
2025-08-11,Store-Central-02,SKU-ELECTRONICS-01,41,54.5,0,0,4,0
2025-08-12,Store-Central-02,SKU-ELECTRONICS-01,41,54.5,0,0,4,0
2025-08-13,Store-Central-02,SKU-ELECTRONICS-01,36,54.5,0,0,4,0
2025-08-14,Store-Central-02,SKU-ELECTRONICS-01,32,54.5,0,0,4,0
2025-08-15,Store-Central-02,SKU-ELECTRONICS-01,47,54.5,0,0,4,0
2025-08-16,Store-Central-02,SKU-ELECTRONICS-01,67,54.5,0,1,4,0
2025-08-17,Store-Central-02,SKU-ELECTRONICS-01,66,54.5,0,1,4,0
2025-08-18,Store-Central-02,SKU-ELECTRONICS-01,0,54.5,0,0,4,1
2025-08-19,Store-Central-02,SKU-ELECTRONICS-01,42,54.5,0,0,4,0
2025-08-20,Store-Central-02,SKU-ELECTRONICS-01,40,54.5,0,0,4,0
2025-08-21,Store-Central-02,SKU-ELECTRONICS-01,44,54.5,0,0,4,0
2025-08-22,Store-Central-02,SKU-ELECTRONICS-01,69,46.32,1,0,4,0
2025-08-23,Store-Central-02,SKU-ELECTRONICS-01,50,54.5,0,1,4,0
2025-08-24,Store-Central-02,SKU-ELECTRONICS-01,48,54.5,0,1,4,0
2025-08-25,Store-Central-02,SKU-ELECTRONICS-01,35,54.5,0,0,4,0
2025-08-26,Store-Central-02,SKU-ELECTRONICS-01,35,54.5,0,0,4,0
2025-08-27,Store-Central-02,SKU-ELECTRONICS-01,28,54.5,0,0,4,0
2025-08-28,Store-Central-02,SKU-ELECTRONICS-01,71,46.32,1,0,4,0
2025-08-29,Store-Central-02,SKU-ELECTRONICS-01,78,46.32,1,0,4,0
2025-08-30,Store-Central-02,SKU-ELECTRONICS-01,47,54.5,0,1,4,0
2025-08-31,Store-Central-02,SKU-ELECTRONICS-01,49,54.5,0,1,4,0
2025-09-01,Store-Central-02,SKU-ELECTRONICS-01,43,54.5,0,0,4,0
2025-09-02,Store-Central-02,SKU-ELECTRONICS-01,50,54.5,0,0,4,0
2025-09-03,Store-Central-02,SKU-ELECTRONICS-01,36,54.5,0,0,4,0
2025-09-04,Store-Central-02,SKU-ELECTRONICS-01,31,54.5,0,0,4,0
2025-09-05,Store-Central-02,SKU-ELECTRONICS-01,39,54.5,0,0,4,0
2025-09-06,Store-Central-02,SKU-ELECTRONICS-01,54,54.5,0,1,4,0
2025-09-07,Store-Central-02,SKU-ELECTRONICS-01,50,54.5,0,1,4,0
2025-09-08,Store-Central-02,SKU-ELECTRONICS-01,25,54.5,0,0,4,0
2025-09-09,Store-Central-02,SKU-ELECTRONICS-01,43,54.5,0,0,4,0
2025-09-10,Store-Central-02,SKU-ELECTRONICS-01,35,54.5,0,0,4,0
2025-09-11,Store-Central-02,SKU-ELECTRONICS-01,54,46.32,1,0,4,0
2025-09-12,Store-Central-02,SKU-ELECTRONICS-01,35,54.5,0,0,4,0
2025-09-13,Store-Central-02,SKU-ELECTRONICS-01,43,54.5,0,1,4,0
2025-09-14,Store-Central-02,SKU-ELECTRONICS-01,39,54.5,0,1,4,0
2025-09-15,Store-Central-02,SKU-ELECTRONICS-01,42,54.5,0,0,4,0
2025-09-16,Store-Central-02,SKU-ELECTRONICS-01,42,54.5,0,0,4,0
2025-09-17,Store-Central-02,SKU-ELECTRONICS-01,35,54.5,0,0,4,0
2025-09-18,Store-Central-02,SKU-ELECTRONICS-01,0,46.32,1,0,4,1
2025-09-19,Store-Central-02,SKU-ELECTRONICS-01,34,54.5,0,0,4,0
2025-09-20,Store-Central-02,SKU-ELECTRONICS-01,49,54.5,0,1,4,0
2025-09-21,Store-Central-02,SKU-ELECTRONICS-01,39,54.5,0,1,4,0
2025-09-22,Store-Central-02,SKU-ELECTRONICS-01,38,54.5,0,0,4,0
2025-09-23,Store-Central-02,SKU-ELECTRONICS-01,26,54.5,0,0,4,0
2025-09-24,Store-Central-02,SKU-ELECTRONICS-01,29,54.5,0,0,4,0
2025-09-25,Store-Central-02,SKU-ELECTRONICS-01,35,54.5,0,0,4,0
2025-09-26,Store-Central-02,SKU-ELECTRONICS-01,37,54.5,0,0,4,0
2025-09-27,Store-Central-02,SKU-ELECTRONICS-01,42,54.5,0,1,4,0
2025-09-28,Store-Central-02,SKU-ELECTRONICS-01,48,54.5,0,1,4,0
2025-09-29,Store-Central-02,SKU-ELECTRONICS-01,32,54.5,0,0,4,0
2025-09-30,Store-Central-02,SKU-ELECTRONICS-01,24,54.5,0,0,4,0
2025-10-01,Store-Central-02,SKU-ELECTRONICS-01,36,54.5,0,0,4,0
2025-10-02,Store-Central-02,SKU-ELECTRONICS-01,23,54.5,0,0,4,0
2025-10-03,Store-Central-02,SKU-ELECTRONICS-01,30,54.5,0,0,4,0
2025-10-04,Store-Central-02,SKU-ELECTRONICS-01,43,54.5,0,1,4,0
2025-10-05,Store-Central-02,SKU-ELECTRONICS-01,79,46.32,1,1,4,0
2025-10-06,Store-Central-02,SKU-ELECTRONICS-01,59,46.32,1,0,4,0
2025-10-07,Store-Central-02,SKU-ELECTRONICS-01,32,54.5,0,0,4,0
2025-10-08,Store-Central-02,SKU-ELECTRONICS-01,23,54.5,0,0,4,0
2025-10-09,Store-Central-02,SKU-ELECTRONICS-01,35,54.5,0,0,4,0
2025-10-10,Store-Central-02,SKU-ELECTRONICS-01,34,54.5,0,0,4,0
2025-10-11,Store-Central-02,SKU-ELECTRONICS-01,42,54.5,0,1,4,0
2025-10-12,Store-Central-02,SKU-ELECTRONICS-01,42,54.5,0,1,4,0
2025-10-13,Store-Central-02,SKU-ELECTRONICS-01,37,54.5,0,0,4,0
2025-10-14,Store-Central-02,SKU-ELECTRONICS-01,33,54.5,0,0,4,0
2025-10-15,Store-Central-02,SKU-ELECTRONICS-01,23,54.5,0,0,4,0
2025-10-16,Store-Central-02,SKU-ELECTRONICS-01,26,54.5,0,0,4,0
2025-10-17,Store-Central-02,SKU-ELECTRONICS-01,39,54.5,0,0,4,0
2025-10-18,Store-Central-02,SKU-ELECTRONICS-01,40,54.5,0,1,4,0
2025-10-19,Store-Central-02,SKU-ELECTRONICS-01,44,54.5,0,1,4,0
2025-10-20,Store-Central-02,SKU-ELECTRONICS-01,61,46.32,1,0,4,0
2025-10-21,Store-Central-02,SKU-ELECTRONICS-01,36,54.5,0,0,4,0
2025-10-22,Store-Central-02,SKU-ELECTRONICS-01,32,54.5,0,0,4,0
2025-10-23,Store-Central-02,SKU-ELECTRONICS-01,31,54.5,0,0,4,0
2025-10-24,Store-Central-02,SKU-ELECTRONICS-01,41,54.5,0,0,4,0
2025-10-25,Store-Central-02,SKU-ELECTRONICS-01,41,54.5,0,1,4,0
2025-10-26,Store-Central-02,SKU-ELECTRONICS-01,0,54.5,0,1,4,1
2025-10-27,Store-Central-02,SKU-ELECTRONICS-01,32,54.5,0,0,4,0
2025-10-28,Store-Central-02,SKU-ELECTRONICS-01,32,54.5,0,0,4,0
2025-10-29,Store-Central-02,SKU-ELECTRONICS-01,31,54.5,0,0,4,0
2025-10-30,Store-Central-02,SKU-ELECTRONICS-01,27,54.5,0,0,4,0
2025-10-31,Store-Central-02,SKU-ELECTRONICS-01,31,54.5,0,0,4,0
2025-11-01,Store-Central-02,SKU-ELECTRONICS-01,40,54.5,0,1,4,0
2025-11-02,Store-Central-02,SKU-ELECTRONICS-01,31,54.5,0,1,4,0
2025-11-03,Store-Central-02,SKU-ELECTRONICS-01,0,54.5,0,0,4,1
2025-11-04,Store-Central-02,SKU-ELECTRONICS-01,33,54.5,0,0,4,0
2025-11-05,Store-Central-02,SKU-ELECTRONICS-01,31,54.5,0,0,4,0
2025-11-06,Store-Central-02,SKU-ELECTRONICS-01,31,54.5,0,0,4,0
2025-11-07,Store-Central-02,SKU-ELECTRONICS-01,28,54.5,0,0,4,0
2025-11-08,Store-Central-02,SKU-ELECTRONICS-01,42,54.5,0,1,4,0
2025-11-09,Store-Central-02,SKU-ELECTRONICS-01,38,54.5,0,1,4,0
2025-11-10,Store-Central-02,SKU-ELECTRONICS-01,33,54.5,0,0,4,0
2025-11-11,Store-Central-02,SKU-ELECTRONICS-01,29,54.5,0,0,4,0
2025-11-12,Store-Central-02,SKU-ELECTRONICS-01,32,54.5,0,0,4,0
2025-11-13,Store-Central-02,SKU-ELECTRONICS-01,30,54.5,0,0,4,0
2025-11-14,Store-Central-02,SKU-ELECTRONICS-01,38,54.5,0,0,4,0
2025-11-15,Store-Central-02,SKU-ELECTRONICS-01,40,54.5,0,1,4,0
2025-11-16,Store-Central-02,SKU-ELECTRONICS-01,31,54.5,0,1,4,0
2025-11-17,Store-Central-02,SKU-ELECTRONICS-01,40,54.5,0,0,4,0
2025-11-18,Store-Central-02,SKU-ELECTRONICS-01,31,54.5,0,0,4,0
2025-11-19,Store-Central-02,SKU-ELECTRONICS-01,29,54.5,0,0,4,0
2025-11-20,Store-Central-02,SKU-ELECTRONICS-01,28,54.5,0,0,4,0
2025-11-21,Store-Central-02,SKU-ELECTRONICS-01,34,54.5,0,0,4,0
2025-11-22,Store-Central-02,SKU-ELECTRONICS-01,46,54.5,0,1,4,0
2025-11-23,Store-Central-02,SKU-ELECTRONICS-01,49,54.5,0,1,4,0
2025-11-24,Store-Central-02,SKU-ELECTRONICS-01,48,46.32,1,0,4,0
2025-11-25,Store-Central-02,SKU-ELECTRONICS-01,29,54.5,0,0,4,0
2025-11-26,Store-Central-02,SKU-ELECTRONICS-01,35,54.5,0,0,4,0
2025-11-27,Store-Central-02,SKU-ELECTRONICS-01,26,54.5,0,0,4,0
2025-11-28,Store-Central-02,SKU-ELECTRONICS-01,37,54.5,0,0,4,0
2025-11-29,Store-Central-02,SKU-ELECTRONICS-01,36,54.5,0,1,4,0
2025-11-30,Store-Central-02,SKU-ELECTRONICS-01,46,54.5,0,1,4,0
2025-12-01,Store-Central-02,SKU-ELECTRONICS-01,21,54.5,0,0,4,0
2025-12-02,Store-Central-02,SKU-ELECTRONICS-01,29,54.5,0,0,4,0
2025-12-03,Store-Central-02,SKU-ELECTRONICS-01,53,46.32,1,0,4,0
2025-12-04,Store-Central-02,SKU-ELECTRONICS-01,31,54.5,0,0,4,0
2025-12-05,Store-Central-02,SKU-ELECTRONICS-01,24,54.5,0,0,4,0
2025-12-06,Store-Central-02,SKU-ELECTRONICS-01,57,54.5,0,1,4,0
2025-12-07,Store-Central-02,SKU-ELECTRONICS-01,34,54.5,0,1,4,0
2025-12-08,Store-Central-02,SKU-ELECTRONICS-01,19,54.5,0,0,4,0
2025-12-09,Store-Central-02,SKU-ELECTRONICS-01,32,54.5,0,0,4,0
2025-12-10,Store-Central-02,SKU-ELECTRONICS-01,32,54.5,0,0,4,0
2025-12-11,Store-Central-02,SKU-ELECTRONICS-01,41,54.5,0,0,4,0
2025-12-12,Store-Central-02,SKU-ELECTRONICS-01,30,54.5,0,0,4,0
2025-12-13,Store-Central-02,SKU-ELECTRONICS-01,37,54.5,0,1,4,0
2025-12-14,Store-Central-02,SKU-ELECTRONICS-01,47,54.5,0,1,4,0
2025-12-15,Store-Central-02,SKU-ELECTRONICS-01,33,54.5,0,0,4,0
2025-12-16,Store-Central-02,SKU-ELECTRONICS-01,32,54.5,0,0,4,0
2025-12-17,Store-Central-02,SKU-ELECTRONICS-01,22,54.5,0,0,4,0
2025-12-18,Store-Central-02,SKU-ELECTRONICS-01,0,54.5,0,0,4,1
2025-12-19,Store-Central-02,SKU-ELECTRONICS-01,0,54.5,0,0,4,1
2025-12-20,Store-Central-02,SKU-ELECTRONICS-01,37,54.5,0,1,4,0
2025-12-21,Store-Central-02,SKU-ELECTRONICS-01,79,46.32,1,1,4,0
2025-12-22,Store-Central-02,SKU-ELECTRONICS-01,21,54.5,0,0,4,0
2025-12-23,Store-Central-02,SKU-ELECTRONICS-01,28,54.5,0,0,4,0
2025-12-24,Store-Central-02,SKU-ELECTRONICS-01,37,54.5,0,0,4,0
2025-12-25,Store-Central-02,SKU-ELECTRONICS-01,33,54.5,0,0,4,0
2025-12-26,Store-Central-02,SKU-ELECTRONICS-01,28,54.5,0,0,4,0
2025-12-27,Store-Central-02,SKU-ELECTRONICS-01,33,54.5,0,1,4,0
2025-12-28,Store-Central-02,SKU-ELECTRONICS-01,37,54.5,0,1,4,0
2025-12-29,Store-Central-02,SKU-ELECTRONICS-01,47,54.5,0,0,4,0
2025-12-30,Store-Central-02,SKU-ELECTRONICS-01,31,54.5,0,0,4,0
2025-12-31,Store-Central-02,SKU-ELECTRONICS-01,33,54.5,0,0,4,0
2024-01-01,Store-Central-02,SKU-BEVERAGE-02,88,55.65,0,0,7,0
2024-01-02,Store-Central-02,SKU-BEVERAGE-02,73,55.65,0,0,7,0
2024-01-03,Store-Central-02,SKU-BEVERAGE-02,96,55.65,0,0,7,0
2024-01-04,Store-Central-02,SKU-BEVERAGE-02,90,55.65,0,0,7,0
2024-01-05,Store-Central-02,SKU-BEVERAGE-02,102,55.65,0,0,7,0
2024-01-06,Store-Central-02,SKU-BEVERAGE-02,113,55.65,0,1,7,0
2024-01-07,Store-Central-02,SKU-BEVERAGE-02,114,55.65,0,1,7,0
2024-01-08,Store-Central-02,SKU-BEVERAGE-02,63,55.65,0,0,7,0
2024-01-09,Store-Central-02,SKU-BEVERAGE-02,77,55.65,0,0,7,0
2024-01-10,Store-Central-02,SKU-BEVERAGE-02,86,55.65,0,0,7,0
2024-01-11,Store-Central-02,SKU-BEVERAGE-02,96,55.65,0,0,7,0
2024-01-12,Store-Central-02,SKU-BEVERAGE-02,80,55.65,0,0,7,0
2024-01-13,Store-Central-02,SKU-BEVERAGE-02,132,55.65,0,1,7,0
2024-01-14,Store-Central-02,SKU-BEVERAGE-02,115,55.65,0,1,7,0
2024-01-15,Store-Central-02,SKU-BEVERAGE-02,0,55.65,0,0,7,1
2024-01-16,Store-Central-02,SKU-BEVERAGE-02,85,55.65,0,0,7,0
2024-01-17,Store-Central-02,SKU-BEVERAGE-02,91,55.65,0,0,7,0
2024-01-18,Store-Central-02,SKU-BEVERAGE-02,93,55.65,0,0,7,0
2024-01-19,Store-Central-02,SKU-BEVERAGE-02,89,55.65,0,0,7,0
2024-01-20,Store-Central-02,SKU-BEVERAGE-02,108,55.65,0,1,7,0
2024-01-21,Store-Central-02,SKU-BEVERAGE-02,103,55.65,0,1,7,0
2024-01-22,Store-Central-02,SKU-BEVERAGE-02,156,47.3,1,0,7,0
2024-01-23,Store-Central-02,SKU-BEVERAGE-02,105,55.65,0,0,7,0
2024-01-24,Store-Central-02,SKU-BEVERAGE-02,179,47.3,1,0,7,0
2024-01-25,Store-Central-02,SKU-BEVERAGE-02,101,55.65,0,0,7,0
2024-01-26,Store-Central-02,SKU-BEVERAGE-02,87,55.65,0,0,7,0
2024-01-27,Store-Central-02,SKU-BEVERAGE-02,127,55.65,0,1,7,0
2024-01-28,Store-Central-02,SKU-BEVERAGE-02,133,55.65,0,1,7,0
2024-01-29,Store-Central-02,SKU-BEVERAGE-02,183,47.3,1,0,7,0
2024-01-30,Store-Central-02,SKU-BEVERAGE-02,73,55.65,0,0,7,0
2024-01-31,Store-Central-02,SKU-BEVERAGE-02,116,55.65,0,0,7,0
2024-02-01,Store-Central-02,SKU-BEVERAGE-02,108,55.65,0,0,7,0
2024-02-02,Store-Central-02,SKU-BEVERAGE-02,98,55.65,0,0,7,0
2024-02-03,Store-Central-02,SKU-BEVERAGE-02,151,55.65,0,1,7,0
2024-02-04,Store-Central-02,SKU-BEVERAGE-02,151,55.65,0,1,7,0
2024-02-05,Store-Central-02,SKU-BEVERAGE-02,97,55.65,0,0,7,0
2024-02-06,Store-Central-02,SKU-BEVERAGE-02,177,47.3,1,0,7,0
2024-02-07,Store-Central-02,SKU-BEVERAGE-02,99,55.65,0,0,7,0
2024-02-08,Store-Central-02,SKU-BEVERAGE-02,96,55.65,0,0,7,0
2024-02-09,Store-Central-02,SKU-BEVERAGE-02,103,55.65,0,0,7,0
2024-02-10,Store-Central-02,SKU-BEVERAGE-02,130,55.65,0,1,7,0
2024-02-11,Store-Central-02,SKU-BEVERAGE-02,139,55.65,0,1,7,0
2024-02-12,Store-Central-02,SKU-BEVERAGE-02,100,55.65,0,0,7,0
2024-02-13,Store-Central-02,SKU-BEVERAGE-02,101,55.65,0,0,7,0
2024-02-14,Store-Central-02,SKU-BEVERAGE-02,105,55.65,0,0,7,0
2024-02-15,Store-Central-02,SKU-BEVERAGE-02,102,55.65,0,0,7,0
2024-02-16,Store-Central-02,SKU-BEVERAGE-02,98,55.65,0,0,7,0
2024-02-17,Store-Central-02,SKU-BEVERAGE-02,143,55.65,0,1,7,0
2024-02-18,Store-Central-02,SKU-BEVERAGE-02,150,55.65,0,1,7,0
2024-02-19,Store-Central-02,SKU-BEVERAGE-02,115,55.65,0,0,7,0
2024-02-20,Store-Central-02,SKU-BEVERAGE-02,126,55.65,0,0,7,0
2024-02-21,Store-Central-02,SKU-BEVERAGE-02,137,55.65,0,0,7,0
2024-02-22,Store-Central-02,SKU-BEVERAGE-02,102,55.65,0,0,7,0
2024-02-23,Store-Central-02,SKU-BEVERAGE-02,120,55.65,0,0,7,0
2024-02-24,Store-Central-02,SKU-BEVERAGE-02,131,55.65,0,1,7,0
2024-02-25,Store-Central-02,SKU-BEVERAGE-02,132,55.65,0,1,7,0
2024-02-26,Store-Central-02,SKU-BEVERAGE-02,116,55.65,0,0,7,0
2024-02-27,Store-Central-02,SKU-BEVERAGE-02,108,55.65,0,0,7,0
2024-02-28,Store-Central-02,SKU-BEVERAGE-02,103,55.65,0,0,7,0
2024-02-29,Store-Central-02,SKU-BEVERAGE-02,107,55.65,0,0,7,0
2024-03-01,Store-Central-02,SKU-BEVERAGE-02,192,47.3,1,0,7,0
2024-03-02,Store-Central-02,SKU-BEVERAGE-02,0,55.65,0,1,7,1
2024-03-03,Store-Central-02,SKU-BEVERAGE-02,148,55.65,0,1,7,0
2024-03-04,Store-Central-02,SKU-BEVERAGE-02,101,55.65,0,0,7,0
2024-03-05,Store-Central-02,SKU-BEVERAGE-02,118,55.65,0,0,7,0
2024-03-06,Store-Central-02,SKU-BEVERAGE-02,132,55.65,0,0,7,0
2024-03-07,Store-Central-02,SKU-BEVERAGE-02,103,55.65,0,0,7,0
2024-03-08,Store-Central-02,SKU-BEVERAGE-02,107,55.65,0,0,7,0
2024-03-09,Store-Central-02,SKU-BEVERAGE-02,141,55.65,0,1,7,0
2024-03-10,Store-Central-02,SKU-BEVERAGE-02,120,55.65,0,1,7,0
2024-03-11,Store-Central-02,SKU-BEVERAGE-02,125,55.65,0,0,7,0
2024-03-12,Store-Central-02,SKU-BEVERAGE-02,106,55.65,0,0,7,0
2024-03-13,Store-Central-02,SKU-BEVERAGE-02,113,55.65,0,0,7,0
2024-03-14,Store-Central-02,SKU-BEVERAGE-02,120,55.65,0,0,7,0
2024-03-15,Store-Central-02,SKU-BEVERAGE-02,112,55.65,0,0,7,0
2024-03-16,Store-Central-02,SKU-BEVERAGE-02,123,55.65,0,1,7,0
2024-03-17,Store-Central-02,SKU-BEVERAGE-02,155,55.65,0,1,7,0
2024-03-18,Store-Central-02,SKU-BEVERAGE-02,134,55.65,0,0,7,0
2024-03-19,Store-Central-02,SKU-BEVERAGE-02,220,47.3,1,0,7,0
2024-03-20,Store-Central-02,SKU-BEVERAGE-02,113,55.65,0,0,7,0
2024-03-21,Store-Central-02,SKU-BEVERAGE-02,126,55.65,0,0,7,0
2024-03-22,Store-Central-02,SKU-BEVERAGE-02,114,55.65,0,0,7,0
2024-03-23,Store-Central-02,SKU-BEVERAGE-02,0,55.65,0,1,7,1
2024-03-24,Store-Central-02,SKU-BEVERAGE-02,134,55.65,0,1,7,0
2024-03-25,Store-Central-02,SKU-BEVERAGE-02,115,55.65,0,0,7,0
2024-03-26,Store-Central-02,SKU-BEVERAGE-02,125,55.65,0,0,7,0
2024-03-27,Store-Central-02,SKU-BEVERAGE-02,219,47.3,1,0,7,0
2024-03-28,Store-Central-02,SKU-BEVERAGE-02,102,55.65,0,0,7,0
2024-03-29,Store-Central-02,SKU-BEVERAGE-02,121,55.65,0,0,7,0
2024-03-30,Store-Central-02,SKU-BEVERAGE-02,164,55.65,0,1,7,0
2024-03-31,Store-Central-02,SKU-BEVERAGE-02,157,55.65,0,1,7,0
2024-04-01,Store-Central-02,SKU-BEVERAGE-02,125,55.65,0,0,7,0
2024-04-02,Store-Central-02,SKU-BEVERAGE-02,120,55.65,0,0,7,0
2024-04-03,Store-Central-02,SKU-BEVERAGE-02,124,55.65,0,0,7,0
2024-04-04,Store-Central-02,SKU-BEVERAGE-02,113,55.65,0,0,7,0
2024-04-05,Store-Central-02,SKU-BEVERAGE-02,116,55.65,0,0,7,0
2024-04-06,Store-Central-02,SKU-BEVERAGE-02,167,55.65,0,1,7,0
2024-04-07,Store-Central-02,SKU-BEVERAGE-02,174,55.65,0,1,7,0
2024-04-08,Store-Central-02,SKU-BEVERAGE-02,114,55.65,0,0,7,0
2024-04-09,Store-Central-02,SKU-BEVERAGE-02,115,55.65,0,0,7,0
2024-04-10,Store-Central-02,SKU-BEVERAGE-02,116,55.65,0,0,7,0
2024-04-11,Store-Central-02,SKU-BEVERAGE-02,116,55.65,0,0,7,0
2024-04-12,Store-Central-02,SKU-BEVERAGE-02,129,55.65,0,0,7,0
2024-04-13,Store-Central-02,SKU-BEVERAGE-02,152,55.65,0,1,7,0
2024-04-14,Store-Central-02,SKU-BEVERAGE-02,187,55.65,0,1,7,0
2024-04-15,Store-Central-02,SKU-BEVERAGE-02,129,55.65,0,0,7,0
2024-04-16,Store-Central-02,SKU-BEVERAGE-02,112,55.65,0,0,7,0
2024-04-17,Store-Central-02,SKU-BEVERAGE-02,222,47.3,1,0,7,0
2024-04-18,Store-Central-02,SKU-BEVERAGE-02,119,55.65,0,0,7,0
2024-04-19,Store-Central-02,SKU-BEVERAGE-02,136,55.65,0,0,7,0
2024-04-20,Store-Central-02,SKU-BEVERAGE-02,165,55.65,0,1,7,0
2024-04-21,Store-Central-02,SKU-BEVERAGE-02,163,55.65,0,1,7,0
2024-04-22,Store-Central-02,SKU-BEVERAGE-02,121,55.65,0,0,7,0
2024-04-23,Store-Central-02,SKU-BEVERAGE-02,119,55.65,0,0,7,0
2024-04-24,Store-Central-02,SKU-BEVERAGE-02,118,55.65,0,0,7,0
2024-04-25,Store-Central-02,SKU-BEVERAGE-02,115,55.65,0,0,7,0
2024-04-26,Store-Central-02,SKU-BEVERAGE-02,115,55.65,0,0,7,0
2024-04-27,Store-Central-02,SKU-BEVERAGE-02,173,55.65,0,1,7,0
2024-04-28,Store-Central-02,SKU-BEVERAGE-02,168,55.65,0,1,7,0
2024-04-29,Store-Central-02,SKU-BEVERAGE-02,209,47.3,1,0,7,0
2024-04-30,Store-Central-02,SKU-BEVERAGE-02,126,55.65,0,0,7,0
2024-05-01,Store-Central-02,SKU-BEVERAGE-02,133,55.65,0,0,7,0
2024-05-02,Store-Central-02,SKU-BEVERAGE-02,122,55.65,0,0,7,0
2024-05-03,Store-Central-02,SKU-BEVERAGE-02,0,55.65,0,0,7,1
2024-05-04,Store-Central-02,SKU-BEVERAGE-02,179,55.65,0,1,7,0
2024-05-05,Store-Central-02,SKU-BEVERAGE-02,168,55.65,0,1,7,0
2024-05-06,Store-Central-02,SKU-BEVERAGE-02,149,55.65,0,0,7,0
2024-05-07,Store-Central-02,SKU-BEVERAGE-02,0,55.65,0,0,7,1
2024-05-08,Store-Central-02,SKU-BEVERAGE-02,133,55.65,0,0,7,0
2024-05-09,Store-Central-02,SKU-BEVERAGE-02,125,55.65,0,0,7,0
2024-05-10,Store-Central-02,SKU-BEVERAGE-02,118,55.65,0,0,7,0
2024-05-11,Store-Central-02,SKU-BEVERAGE-02,177,55.65,0,1,7,0
2024-05-12,Store-Central-02,SKU-BEVERAGE-02,175,55.65,0,1,7,0
2024-05-13,Store-Central-02,SKU-BEVERAGE-02,120,55.65,0,0,7,0
2024-05-14,Store-Central-02,SKU-BEVERAGE-02,97,55.65,0,0,7,0
2024-05-15,Store-Central-02,SKU-BEVERAGE-02,129,55.65,0,0,7,0
2024-05-16,Store-Central-02,SKU-BEVERAGE-02,207,47.3,1,0,7,0
2024-05-17,Store-Central-02,SKU-BEVERAGE-02,120,55.65,0,0,7,0
2024-05-18,Store-Central-02,SKU-BEVERAGE-02,155,55.65,0,1,7,0
2024-05-19,Store-Central-02,SKU-BEVERAGE-02,154,55.65,0,1,7,0
2024-05-20,Store-Central-02,SKU-BEVERAGE-02,114,55.65,0,0,7,0
2024-05-21,Store-Central-02,SKU-BEVERAGE-02,111,55.65,0,0,7,0
2024-05-22,Store-Central-02,SKU-BEVERAGE-02,125,55.65,0,0,7,0
2024-05-23,Store-Central-02,SKU-BEVERAGE-02,122,55.65,0,0,7,0
2024-05-24,Store-Central-02,SKU-BEVERAGE-02,124,55.65,0,0,7,0
2024-05-25,Store-Central-02,SKU-BEVERAGE-02,164,55.65,0,1,7,0
2024-05-26,Store-Central-02,SKU-BEVERAGE-02,178,55.65,0,1,7,0
2024-05-27,Store-Central-02,SKU-BEVERAGE-02,127,55.65,0,0,7,0
2024-05-28,Store-Central-02,SKU-BEVERAGE-02,145,55.65,0,0,7,0
2024-05-29,Store-Central-02,SKU-BEVERAGE-02,87,55.65,0,0,7,0
2024-05-30,Store-Central-02,SKU-BEVERAGE-02,135,55.65,0,0,7,0
2024-05-31,Store-Central-02,SKU-BEVERAGE-02,204,47.3,1,0,7,0
2024-06-01,Store-Central-02,SKU-BEVERAGE-02,179,55.65,0,1,7,0
2024-06-02,Store-Central-02,SKU-BEVERAGE-02,167,55.65,0,1,7,0
2024-06-03,Store-Central-02,SKU-BEVERAGE-02,123,55.65,0,0,7,0
2024-06-04,Store-Central-02,SKU-BEVERAGE-02,123,55.65,0,0,7,0
2024-06-05,Store-Central-02,SKU-BEVERAGE-02,140,55.65,0,0,7,0
2024-06-06,Store-Central-02,SKU-BEVERAGE-02,111,55.65,0,0,7,0
2024-06-07,Store-Central-02,SKU-BEVERAGE-02,120,55.65,0,0,7,0
2024-06-08,Store-Central-02,SKU-BEVERAGE-02,171,55.65,0,1,7,0
2024-06-09,Store-Central-02,SKU-BEVERAGE-02,166,55.65,0,1,7,0
2024-06-10,Store-Central-02,SKU-BEVERAGE-02,230,47.3,1,0,7,0
2024-06-11,Store-Central-02,SKU-BEVERAGE-02,126,55.65,0,0,7,0
2024-06-12,Store-Central-02,SKU-BEVERAGE-02,121,55.65,0,0,7,0
2024-06-13,Store-Central-02,SKU-BEVERAGE-02,117,55.65,0,0,7,0
2024-06-14,Store-Central-02,SKU-BEVERAGE-02,109,55.65,0,0,7,0
2024-06-15,Store-Central-02,SKU-BEVERAGE-02,150,55.65,0,1,7,0
2024-06-16,Store-Central-02,SKU-BEVERAGE-02,0,55.65,0,1,7,1
2024-06-17,Store-Central-02,SKU-BEVERAGE-02,221,47.3,1,0,7,0
2024-06-18,Store-Central-02,SKU-BEVERAGE-02,196,47.3,1,0,7,0
2024-06-19,Store-Central-02,SKU-BEVERAGE-02,115,55.65,0,0,7,0
2024-06-20,Store-Central-02,SKU-BEVERAGE-02,115,55.65,0,0,7,0
2024-06-21,Store-Central-02,SKU-BEVERAGE-02,104,55.65,0,0,7,0
2024-06-22,Store-Central-02,SKU-BEVERAGE-02,292,47.3,1,1,7,0
2024-06-23,Store-Central-02,SKU-BEVERAGE-02,141,55.65,0,1,7,0
2024-06-24,Store-Central-02,SKU-BEVERAGE-02,111,55.65,0,0,7,0
2024-06-25,Store-Central-02,SKU-BEVERAGE-02,101,55.65,0,0,7,0
2024-06-26,Store-Central-02,SKU-BEVERAGE-02,113,55.65,0,0,7,0
2024-06-27,Store-Central-02,SKU-BEVERAGE-02,116,55.65,0,0,7,0
2024-06-28,Store-Central-02,SKU-BEVERAGE-02,116,55.65,0,0,7,0
2024-06-29,Store-Central-02,SKU-BEVERAGE-02,146,55.65,0,1,7,0
2024-06-30,Store-Central-02,SKU-BEVERAGE-02,149,55.65,0,1,7,0
2024-07-01,Store-Central-02,SKU-BEVERAGE-02,112,55.65,0,0,7,0
2024-07-02,Store-Central-02,SKU-BEVERAGE-02,104,55.65,0,0,7,0
2024-07-03,Store-Central-02,SKU-BEVERAGE-02,110,55.65,0,0,7,0
2024-07-04,Store-Central-02,SKU-BEVERAGE-02,107,55.65,0,0,7,0
2024-07-05,Store-Central-02,SKU-BEVERAGE-02,202,47.3,1,0,7,0
2024-07-06,Store-Central-02,SKU-BEVERAGE-02,148,55.65,0,1,7,0
2024-07-07,Store-Central-02,SKU-BEVERAGE-02,262,47.3,1,1,7,0
2024-07-08,Store-Central-02,SKU-BEVERAGE-02,97,55.65,0,0,7,0
2024-07-09,Store-Central-02,SKU-BEVERAGE-02,195,47.3,1,0,7,0
2024-07-10,Store-Central-02,SKU-BEVERAGE-02,109,55.65,0,0,7,0
2024-07-11,Store-Central-02,SKU-BEVERAGE-02,112,55.65,0,0,7,0
2024-07-12,Store-Central-02,SKU-BEVERAGE-02,121,55.65,0,0,7,0
2024-07-13,Store-Central-02,SKU-BEVERAGE-02,146,55.65,0,1,7,0
2024-07-14,Store-Central-02,SKU-BEVERAGE-02,134,55.65,0,1,7,0
2024-07-15,Store-Central-02,SKU-BEVERAGE-02,194,47.3,1,0,7,0
2024-07-16,Store-Central-02,SKU-BEVERAGE-02,101,55.65,0,0,7,0
2024-07-17,Store-Central-02,SKU-BEVERAGE-02,99,55.65,0,0,7,0
2024-07-18,Store-Central-02,SKU-BEVERAGE-02,93,55.65,0,0,7,0
2024-07-19,Store-Central-02,SKU-BEVERAGE-02,102,55.65,0,0,7,0
2024-07-20,Store-Central-02,SKU-BEVERAGE-02,126,55.65,0,1,7,0
2024-07-21,Store-Central-02,SKU-BEVERAGE-02,145,55.65,0,1,7,0
2024-07-22,Store-Central-02,SKU-BEVERAGE-02,92,55.65,0,0,7,0
2024-07-23,Store-Central-02,SKU-BEVERAGE-02,106,55.65,0,0,7,0
2024-07-24,Store-Central-02,SKU-BEVERAGE-02,118,55.65,0,0,7,0
2024-07-25,Store-Central-02,SKU-BEVERAGE-02,97,55.65,0,0,7,0
2024-07-26,Store-Central-02,SKU-BEVERAGE-02,94,55.65,0,0,7,0
2024-07-27,Store-Central-02,SKU-BEVERAGE-02,273,47.3,1,1,7,0
2024-07-28,Store-Central-02,SKU-BEVERAGE-02,130,55.65,0,1,7,0
2024-07-29,Store-Central-02,SKU-BEVERAGE-02,101,55.65,0,0,7,0
2024-07-30,Store-Central-02,SKU-BEVERAGE-02,94,55.65,0,0,7,0
2024-07-31,Store-Central-02,SKU-BEVERAGE-02,99,55.65,0,0,7,0
2024-08-01,Store-Central-02,SKU-BEVERAGE-02,157,47.3,1,0,7,0
2024-08-02,Store-Central-02,SKU-BEVERAGE-02,108,55.65,0,0,7,0
2024-08-03,Store-Central-02,SKU-BEVERAGE-02,223,47.3,1,1,7,0
2024-08-04,Store-Central-02,SKU-BEVERAGE-02,107,55.65,0,1,7,0
2024-08-05,Store-Central-02,SKU-BEVERAGE-02,153,47.3,1,0,7,0
2024-08-06,Store-Central-02,SKU-BEVERAGE-02,96,55.65,0,0,7,0
2024-08-07,Store-Central-02,SKU-BEVERAGE-02,103,55.65,0,0,7,0
2024-08-08,Store-Central-02,SKU-BEVERAGE-02,99,55.65,0,0,7,0
2024-08-09,Store-Central-02,SKU-BEVERAGE-02,81,55.65,0,0,7,0
2024-08-10,Store-Central-02,SKU-BEVERAGE-02,106,55.65,0,1,7,0
2024-08-11,Store-Central-02,SKU-BEVERAGE-02,115,55.65,0,1,7,0
2024-08-12,Store-Central-02,SKU-BEVERAGE-02,72,55.65,0,0,7,0
2024-08-13,Store-Central-02,SKU-BEVERAGE-02,156,47.3,1,0,7,0
2024-08-14,Store-Central-02,SKU-BEVERAGE-02,95,55.65,0,0,7,0
2024-08-15,Store-Central-02,SKU-BEVERAGE-02,102,55.65,0,0,7,0
2024-08-16,Store-Central-02,SKU-BEVERAGE-02,86,55.65,0,0,7,0
2024-08-17,Store-Central-02,SKU-BEVERAGE-02,138,55.65,0,1,7,0
2024-08-18,Store-Central-02,SKU-BEVERAGE-02,203,47.3,1,1,7,0
2024-08-19,Store-Central-02,SKU-BEVERAGE-02,80,55.65,0,0,7,0
2024-08-20,Store-Central-02,SKU-BEVERAGE-02,166,47.3,1,0,7,0
2024-08-21,Store-Central-02,SKU-BEVERAGE-02,90,55.65,0,0,7,0
2024-08-22,Store-Central-02,SKU-BEVERAGE-02,81,55.65,0,0,7,0
2024-08-23,Store-Central-02,SKU-BEVERAGE-02,71,55.65,0,0,7,0
2024-08-24,Store-Central-02,SKU-BEVERAGE-02,114,55.65,0,1,7,0
2024-08-25,Store-Central-02,SKU-BEVERAGE-02,95,55.65,0,1,7,0
2024-08-26,Store-Central-02,SKU-BEVERAGE-02,84,55.65,0,0,7,0
2024-08-27,Store-Central-02,SKU-BEVERAGE-02,137,47.3,1,0,7,0
2024-08-28,Store-Central-02,SKU-BEVERAGE-02,147,47.3,1,0,7,0
2024-08-29,Store-Central-02,SKU-BEVERAGE-02,137,47.3,1,0,7,0
2024-08-30,Store-Central-02,SKU-BEVERAGE-02,159,47.3,1,0,7,0
2024-08-31,Store-Central-02,SKU-BEVERAGE-02,117,55.65,0,1,7,0
2024-09-01,Store-Central-02,SKU-BEVERAGE-02,112,55.65,0,1,7,0
2024-09-02,Store-Central-02,SKU-BEVERAGE-02,69,55.65,0,0,7,0
2024-09-03,Store-Central-02,SKU-BEVERAGE-02,79,55.65,0,0,7,0
2024-09-04,Store-Central-02,SKU-BEVERAGE-02,81,55.65,0,0,7,0
2024-09-05,Store-Central-02,SKU-BEVERAGE-02,80,55.65,0,0,7,0
2024-09-06,Store-Central-02,SKU-BEVERAGE-02,102,55.65,0,0,7,0
2024-09-07,Store-Central-02,SKU-BEVERAGE-02,113,55.65,0,1,7,0
2024-09-08,Store-Central-02,SKU-BEVERAGE-02,204,47.3,1,1,7,0
2024-09-09,Store-Central-02,SKU-BEVERAGE-02,62,55.65,0,0,7,0
2024-09-10,Store-Central-02,SKU-BEVERAGE-02,83,55.65,0,0,7,0
2024-09-11,Store-Central-02,SKU-BEVERAGE-02,75,55.65,0,0,7,0
2024-09-12,Store-Central-02,SKU-BEVERAGE-02,62,55.65,0,0,7,0
2024-09-13,Store-Central-02,SKU-BEVERAGE-02,68,55.65,0,0,7,0
2024-09-14,Store-Central-02,SKU-BEVERAGE-02,102,55.65,0,1,7,0
2024-09-15,Store-Central-02,SKU-BEVERAGE-02,99,55.65,0,1,7,0
2024-09-16,Store-Central-02,SKU-BEVERAGE-02,78,55.65,0,0,7,0
2024-09-17,Store-Central-02,SKU-BEVERAGE-02,76,55.65,0,0,7,0
2024-09-18,Store-Central-02,SKU-BEVERAGE-02,77,55.65,0,0,7,0
2024-09-19,Store-Central-02,SKU-BEVERAGE-02,80,55.65,0,0,7,0
2024-09-20,Store-Central-02,SKU-BEVERAGE-02,74,55.65,0,0,7,0
2024-09-21,Store-Central-02,SKU-BEVERAGE-02,108,55.65,0,1,7,0
2024-09-22,Store-Central-02,SKU-BEVERAGE-02,104,55.65,0,1,7,0
2024-09-23,Store-Central-02,SKU-BEVERAGE-02,75,55.65,0,0,7,0
2024-09-24,Store-Central-02,SKU-BEVERAGE-02,82,55.65,0,0,7,0
2024-09-25,Store-Central-02,SKU-BEVERAGE-02,70,55.65,0,0,7,0
2024-09-26,Store-Central-02,SKU-BEVERAGE-02,71,55.65,0,0,7,0
2024-09-27,Store-Central-02,SKU-BEVERAGE-02,63,55.65,0,0,7,0
2024-09-28,Store-Central-02,SKU-BEVERAGE-02,84,55.65,0,1,7,0
2024-09-29,Store-Central-02,SKU-BEVERAGE-02,81,55.65,0,1,7,0
2024-09-30,Store-Central-02,SKU-BEVERAGE-02,69,55.65,0,0,7,0
2024-10-01,Store-Central-02,SKU-BEVERAGE-02,71,55.65,0,0,7,0
2024-10-02,Store-Central-02,SKU-BEVERAGE-02,77,55.65,0,0,7,0
2024-10-03,Store-Central-02,SKU-BEVERAGE-02,133,47.3,1,0,7,0
2024-10-04,Store-Central-02,SKU-BEVERAGE-02,0,55.65,0,0,7,1
2024-10-05,Store-Central-02,SKU-BEVERAGE-02,111,55.65,0,1,7,0
2024-10-06,Store-Central-02,SKU-BEVERAGE-02,96,55.65,0,1,7,0
2024-10-07,Store-Central-02,SKU-BEVERAGE-02,127,47.3,1,0,7,0
2024-10-08,Store-Central-02,SKU-BEVERAGE-02,76,55.65,0,0,7,0
2024-10-09,Store-Central-02,SKU-BEVERAGE-02,54,55.65,0,0,7,0
2024-10-10,Store-Central-02,SKU-BEVERAGE-02,0,55.65,0,0,7,1
2024-10-11,Store-Central-02,SKU-BEVERAGE-02,60,55.65,0,0,7,0
2024-10-12,Store-Central-02,SKU-BEVERAGE-02,0,55.65,0,1,7,1
2024-10-13,Store-Central-02,SKU-BEVERAGE-02,102,55.65,0,1,7,0
2024-10-14,Store-Central-02,SKU-BEVERAGE-02,75,55.65,0,0,7,0
2024-10-15,Store-Central-02,SKU-BEVERAGE-02,63,55.65,0,0,7,0
2024-10-16,Store-Central-02,SKU-BEVERAGE-02,68,55.65,0,0,7,0
2024-10-17,Store-Central-02,SKU-BEVERAGE-02,61,55.65,0,0,7,0
2024-10-18,Store-Central-02,SKU-BEVERAGE-02,56,55.65,0,0,7,0
2024-10-19,Store-Central-02,SKU-BEVERAGE-02,88,55.65,0,1,7,0
2024-10-20,Store-Central-02,SKU-BEVERAGE-02,95,55.65,0,1,7,0
2024-10-21,Store-Central-02,SKU-BEVERAGE-02,66,55.65,0,0,7,0
2024-10-22,Store-Central-02,SKU-BEVERAGE-02,69,55.65,0,0,7,0
2024-10-23,Store-Central-02,SKU-BEVERAGE-02,70,55.65,0,0,7,0
2024-10-24,Store-Central-02,SKU-BEVERAGE-02,51,55.65,0,0,7,0
2024-10-25,Store-Central-02,SKU-BEVERAGE-02,0,47.3,1,0,7,1
2024-10-26,Store-Central-02,SKU-BEVERAGE-02,93,55.65,0,1,7,0
2024-10-27,Store-Central-02,SKU-BEVERAGE-02,91,55.65,0,1,7,0
2024-10-28,Store-Central-02,SKU-BEVERAGE-02,79,55.65,0,0,7,0
2024-10-29,Store-Central-02,SKU-BEVERAGE-02,124,47.3,1,0,7,0
2024-10-30,Store-Central-02,SKU-BEVERAGE-02,68,55.65,0,0,7,0
2024-10-31,Store-Central-02,SKU-BEVERAGE-02,73,55.65,0,0,7,0
2024-11-01,Store-Central-02,SKU-BEVERAGE-02,59,55.65,0,0,7,0
2024-11-02,Store-Central-02,SKU-BEVERAGE-02,100,55.65,0,1,7,0
2024-11-03,Store-Central-02,SKU-BEVERAGE-02,89,55.65,0,1,7,0
2024-11-04,Store-Central-02,SKU-BEVERAGE-02,131,47.3,1,0,7,0
2024-11-05,Store-Central-02,SKU-BEVERAGE-02,61,55.65,0,0,7,0
2024-11-06,Store-Central-02,SKU-BEVERAGE-02,75,55.65,0,0,7,0
2024-11-07,Store-Central-02,SKU-BEVERAGE-02,81,55.65,0,0,7,0
2024-11-08,Store-Central-02,SKU-BEVERAGE-02,71,55.65,0,0,7,0
2024-11-09,Store-Central-02,SKU-BEVERAGE-02,84,55.65,0,1,7,0
2024-11-10,Store-Central-02,SKU-BEVERAGE-02,118,55.65,0,1,7,0
2024-11-11,Store-Central-02,SKU-BEVERAGE-02,60,55.65,0,0,7,0
2024-11-12,Store-Central-02,SKU-BEVERAGE-02,71,55.65,0,0,7,0
2024-11-13,Store-Central-02,SKU-BEVERAGE-02,74,55.65,0,0,7,0
2024-11-14,Store-Central-02,SKU-BEVERAGE-02,66,55.65,0,0,7,0
2024-11-15,Store-Central-02,SKU-BEVERAGE-02,73,55.65,0,0,7,0
2024-11-16,Store-Central-02,SKU-BEVERAGE-02,101,55.65,0,1,7,0
2024-11-17,Store-Central-02,SKU-BEVERAGE-02,79,55.65,0,1,7,0
2024-11-18,Store-Central-02,SKU-BEVERAGE-02,59,55.65,0,0,7,0
2024-11-19,Store-Central-02,SKU-BEVERAGE-02,70,55.65,0,0,7,0
2024-11-20,Store-Central-02,SKU-BEVERAGE-02,84,55.65,0,0,7,0
2024-11-21,Store-Central-02,SKU-BEVERAGE-02,66,55.65,0,0,7,0
2024-11-22,Store-Central-02,SKU-BEVERAGE-02,128,47.3,1,0,7,0
2024-11-23,Store-Central-02,SKU-BEVERAGE-02,91,55.65,0,1,7,0
2024-11-24,Store-Central-02,SKU-BEVERAGE-02,95,55.65,0,1,7,0
2024-11-25,Store-Central-02,SKU-BEVERAGE-02,63,55.65,0,0,7,0
2024-11-26,Store-Central-02,SKU-BEVERAGE-02,66,55.65,0,0,7,0
2024-11-27,Store-Central-02,SKU-BEVERAGE-02,71,55.65,0,0,7,0
2024-11-28,Store-Central-02,SKU-BEVERAGE-02,89,55.65,0,0,7,0
2024-11-29,Store-Central-02,SKU-BEVERAGE-02,61,55.65,0,0,7,0
2024-11-30,Store-Central-02,SKU-BEVERAGE-02,172,47.3,1,1,7,0
2024-12-01,Store-Central-02,SKU-BEVERAGE-02,185,47.3,1,1,7,0
2024-12-02,Store-Central-02,SKU-BEVERAGE-02,68,55.65,0,0,7,0
2024-12-03,Store-Central-02,SKU-BEVERAGE-02,77,55.65,0,0,7,0
2024-12-04,Store-Central-02,SKU-BEVERAGE-02,77,55.65,0,0,7,0
2024-12-05,Store-Central-02,SKU-BEVERAGE-02,71,55.65,0,0,7,0
2024-12-06,Store-Central-02,SKU-BEVERAGE-02,89,55.65,0,0,7,0
2024-12-07,Store-Central-02,SKU-BEVERAGE-02,168,47.3,1,1,7,0
2024-12-08,Store-Central-02,SKU-BEVERAGE-02,99,55.65,0,1,7,0
2024-12-09,Store-Central-02,SKU-BEVERAGE-02,89,55.65,0,0,7,0
2024-12-10,Store-Central-02,SKU-BEVERAGE-02,74,55.65,0,0,7,0
2024-12-11,Store-Central-02,SKU-BEVERAGE-02,64,55.65,0,0,7,0
2024-12-12,Store-Central-02,SKU-BEVERAGE-02,81,55.65,0,0,7,0
2024-12-13,Store-Central-02,SKU-BEVERAGE-02,77,55.65,0,0,7,0
2024-12-14,Store-Central-02,SKU-BEVERAGE-02,91,55.65,0,1,7,0
2024-12-15,Store-Central-02,SKU-BEVERAGE-02,116,55.65,0,1,7,0
2024-12-16,Store-Central-02,SKU-BEVERAGE-02,75,55.65,0,0,7,0
2024-12-17,Store-Central-02,SKU-BEVERAGE-02,96,55.65,0,0,7,0
2024-12-18,Store-Central-02,SKU-BEVERAGE-02,76,55.65,0,0,7,0
2024-12-19,Store-Central-02,SKU-BEVERAGE-02,88,55.65,0,0,7,0
2024-12-20,Store-Central-02,SKU-BEVERAGE-02,136,47.3,1,0,7,0
2024-12-21,Store-Central-02,SKU-BEVERAGE-02,101,55.65,0,1,7,0
2024-12-22,Store-Central-02,SKU-BEVERAGE-02,110,55.65,0,1,7,0
2024-12-23,Store-Central-02,SKU-BEVERAGE-02,150,47.3,1,0,7,0
2024-12-24,Store-Central-02,SKU-BEVERAGE-02,87,55.65,0,0,7,0
2024-12-25,Store-Central-02,SKU-BEVERAGE-02,82,55.65,0,0,7,0
2024-12-26,Store-Central-02,SKU-BEVERAGE-02,51,55.65,0,0,7,0
2024-12-27,Store-Central-02,SKU-BEVERAGE-02,80,55.65,0,0,7,0
2024-12-28,Store-Central-02,SKU-BEVERAGE-02,104,55.65,0,1,7,0
2024-12-29,Store-Central-02,SKU-BEVERAGE-02,105,55.65,0,1,7,0
2024-12-30,Store-Central-02,SKU-BEVERAGE-02,74,55.65,0,0,7,0
2024-12-31,Store-Central-02,SKU-BEVERAGE-02,73,55.65,0,0,7,0
2025-01-01,Store-Central-02,SKU-BEVERAGE-02,77,55.65,0,0,7,0
2025-01-02,Store-Central-02,SKU-BEVERAGE-02,66,55.65,0,0,7,0
2025-01-03,Store-Central-02,SKU-BEVERAGE-02,61,55.65,0,0,7,0
2025-01-04,Store-Central-02,SKU-BEVERAGE-02,120,55.65,0,1,7,0
2025-01-05,Store-Central-02,SKU-BEVERAGE-02,0,55.65,0,1,7,1
2025-01-06,Store-Central-02,SKU-BEVERAGE-02,84,55.65,0,0,7,0
2025-01-07,Store-Central-02,SKU-BEVERAGE-02,88,55.65,0,0,7,0
2025-01-08,Store-Central-02,SKU-BEVERAGE-02,84,55.65,0,0,7,0
2025-01-09,Store-Central-02,SKU-BEVERAGE-02,85,55.65,0,0,7,0
2025-01-10,Store-Central-02,SKU-BEVERAGE-02,82,55.65,0,0,7,0
2025-01-11,Store-Central-02,SKU-BEVERAGE-02,98,55.65,0,1,7,0
2025-01-12,Store-Central-02,SKU-BEVERAGE-02,111,55.65,0,1,7,0
2025-01-13,Store-Central-02,SKU-BEVERAGE-02,78,55.65,0,0,7,0
2025-01-14,Store-Central-02,SKU-BEVERAGE-02,88,55.65,0,0,7,0
2025-01-15,Store-Central-02,SKU-BEVERAGE-02,93,55.65,0,0,7,0
2025-01-16,Store-Central-02,SKU-BEVERAGE-02,0,55.65,0,0,7,1
2025-01-17,Store-Central-02,SKU-BEVERAGE-02,96,55.65,0,0,7,0
2025-01-18,Store-Central-02,SKU-BEVERAGE-02,128,55.65,0,1,7,0
2025-01-19,Store-Central-02,SKU-BEVERAGE-02,122,55.65,0,1,7,0
2025-01-20,Store-Central-02,SKU-BEVERAGE-02,167,47.3,1,0,7,0
2025-01-21,Store-Central-02,SKU-BEVERAGE-02,97,55.65,0,0,7,0
2025-01-22,Store-Central-02,SKU-BEVERAGE-02,107,55.65,0,0,7,0
2025-01-23,Store-Central-02,SKU-BEVERAGE-02,80,55.65,0,0,7,0
2025-01-24,Store-Central-02,SKU-BEVERAGE-02,102,55.65,0,0,7,0
2025-01-25,Store-Central-02,SKU-BEVERAGE-02,123,55.65,0,1,7,0
2025-01-26,Store-Central-02,SKU-BEVERAGE-02,249,47.3,1,1,7,0
2025-01-27,Store-Central-02,SKU-BEVERAGE-02,107,55.65,0,0,7,0
2025-01-28,Store-Central-02,SKU-BEVERAGE-02,90,55.65,0,0,7,0
2025-01-29,Store-Central-02,SKU-BEVERAGE-02,110,55.65,0,0,7,0
2025-01-30,Store-Central-02,SKU-BEVERAGE-02,85,55.65,0,0,7,0
2025-01-31,Store-Central-02,SKU-BEVERAGE-02,96,55.65,0,0,7,0
2025-02-01,Store-Central-02,SKU-BEVERAGE-02,136,55.65,0,1,7,0
2025-02-02,Store-Central-02,SKU-BEVERAGE-02,126,55.65,0,1,7,0
2025-02-03,Store-Central-02,SKU-BEVERAGE-02,183,47.3,1,0,7,0
2025-02-04,Store-Central-02,SKU-BEVERAGE-02,159,47.3,1,0,7,0
2025-02-05,Store-Central-02,SKU-BEVERAGE-02,101,55.65,0,0,7,0
2025-02-06,Store-Central-02,SKU-BEVERAGE-02,106,55.65,0,0,7,0
2025-02-07,Store-Central-02,SKU-BEVERAGE-02,104,55.65,0,0,7,0
2025-02-08,Store-Central-02,SKU-BEVERAGE-02,0,55.65,0,1,7,1
2025-02-09,Store-Central-02,SKU-BEVERAGE-02,133,55.65,0,1,7,0
2025-02-10,Store-Central-02,SKU-BEVERAGE-02,95,55.65,0,0,7,0
2025-02-11,Store-Central-02,SKU-BEVERAGE-02,113,55.65,0,0,7,0
2025-02-12,Store-Central-02,SKU-BEVERAGE-02,85,55.65,0,0,7,0
2025-02-13,Store-Central-02,SKU-BEVERAGE-02,174,47.3,1,0,7,0
2025-02-14,Store-Central-02,SKU-BEVERAGE-02,95,55.65,0,0,7,0
2025-02-15,Store-Central-02,SKU-BEVERAGE-02,136,55.65,0,1,7,0
2025-02-16,Store-Central-02,SKU-BEVERAGE-02,251,47.3,1,1,7,0
2025-02-17,Store-Central-02,SKU-BEVERAGE-02,97,55.65,0,0,7,0
2025-02-18,Store-Central-02,SKU-BEVERAGE-02,96,55.65,0,0,7,0
2025-02-19,Store-Central-02,SKU-BEVERAGE-02,120,55.65,0,0,7,0
2025-02-20,Store-Central-02,SKU-BEVERAGE-02,109,55.65,0,0,7,0
2025-02-21,Store-Central-02,SKU-BEVERAGE-02,119,55.65,0,0,7,0
2025-02-22,Store-Central-02,SKU-BEVERAGE-02,151,55.65,0,1,7,0
2025-02-23,Store-Central-02,SKU-BEVERAGE-02,134,55.65,0,1,7,0
2025-02-24,Store-Central-02,SKU-BEVERAGE-02,0,55.65,0,0,7,1
2025-02-25,Store-Central-02,SKU-BEVERAGE-02,106,55.65,0,0,7,0
2025-02-26,Store-Central-02,SKU-BEVERAGE-02,118,55.65,0,0,7,0
2025-02-27,Store-Central-02,SKU-BEVERAGE-02,237,47.3,1,0,7,0
2025-02-28,Store-Central-02,SKU-BEVERAGE-02,109,55.65,0,0,7,0
2025-03-01,Store-Central-02,SKU-BEVERAGE-02,153,55.65,0,1,7,0
2025-03-02,Store-Central-02,SKU-BEVERAGE-02,151,55.65,0,1,7,0
2025-03-03,Store-Central-02,SKU-BEVERAGE-02,133,55.65,0,0,7,0
2025-03-04,Store-Central-02,SKU-BEVERAGE-02,121,55.65,0,0,7,0
2025-03-05,Store-Central-02,SKU-BEVERAGE-02,112,55.65,0,0,7,0
2025-03-06,Store-Central-02,SKU-BEVERAGE-02,137,55.65,0,0,7,0
2025-03-07,Store-Central-02,SKU-BEVERAGE-02,104,55.65,0,0,7,0
2025-03-08,Store-Central-02,SKU-BEVERAGE-02,145,55.65,0,1,7,0
2025-03-09,Store-Central-02,SKU-BEVERAGE-02,141,55.65,0,1,7,0
2025-03-10,Store-Central-02,SKU-BEVERAGE-02,123,55.65,0,0,7,0
2025-03-11,Store-Central-02,SKU-BEVERAGE-02,136,55.65,0,0,7,0
2025-03-12,Store-Central-02,SKU-BEVERAGE-02,99,55.65,0,0,7,0
2025-03-13,Store-Central-02,SKU-BEVERAGE-02,93,55.65,0,0,7,0
2025-03-14,Store-Central-02,SKU-BEVERAGE-02,207,47.3,1,0,7,0
2025-03-15,Store-Central-02,SKU-BEVERAGE-02,159,55.65,0,1,7,0
2025-03-16,Store-Central-02,SKU-BEVERAGE-02,287,47.3,1,1,7,0
2025-03-17,Store-Central-02,SKU-BEVERAGE-02,112,55.65,0,0,7,0
2025-03-18,Store-Central-02,SKU-BEVERAGE-02,119,55.65,0,0,7,0
2025-03-19,Store-Central-02,SKU-BEVERAGE-02,105,55.65,0,0,7,0
2025-03-20,Store-Central-02,SKU-BEVERAGE-02,126,55.65,0,0,7,0
2025-03-21,Store-Central-02,SKU-BEVERAGE-02,130,55.65,0,0,7,0
2025-03-22,Store-Central-02,SKU-BEVERAGE-02,165,55.65,0,1,7,0
2025-03-23,Store-Central-02,SKU-BEVERAGE-02,156,55.65,0,1,7,0
2025-03-24,Store-Central-02,SKU-BEVERAGE-02,116,55.65,0,0,7,0
2025-03-25,Store-Central-02,SKU-BEVERAGE-02,98,55.65,0,0,7,0
2025-03-26,Store-Central-02,SKU-BEVERAGE-02,113,55.65,0,0,7,0
2025-03-27,Store-Central-02,SKU-BEVERAGE-02,111,55.65,0,0,7,0
2025-03-28,Store-Central-02,SKU-BEVERAGE-02,121,55.65,0,0,7,0
2025-03-29,Store-Central-02,SKU-BEVERAGE-02,160,55.65,0,1,7,0
2025-03-30,Store-Central-02,SKU-BEVERAGE-02,138,55.65,0,1,7,0
2025-03-31,Store-Central-02,SKU-BEVERAGE-02,122,55.65,0,0,7,0
2025-04-01,Store-Central-02,SKU-BEVERAGE-02,120,55.65,0,0,7,0
2025-04-02,Store-Central-02,SKU-BEVERAGE-02,129,55.65,0,0,7,0
2025-04-03,Store-Central-02,SKU-BEVERAGE-02,128,55.65,0,0,7,0
2025-04-04,Store-Central-02,SKU-BEVERAGE-02,129,55.65,0,0,7,0
2025-04-05,Store-Central-02,SKU-BEVERAGE-02,172,55.65,0,1,7,0
2025-04-06,Store-Central-02,SKU-BEVERAGE-02,164,55.65,0,1,7,0
2025-04-07,Store-Central-02,SKU-BEVERAGE-02,117,55.65,0,0,7,0
2025-04-08,Store-Central-02,SKU-BEVERAGE-02,134,55.65,0,0,7,0
2025-04-09,Store-Central-02,SKU-BEVERAGE-02,123,55.65,0,0,7,0
2025-04-10,Store-Central-02,SKU-BEVERAGE-02,220,47.3,1,0,7,0
2025-04-11,Store-Central-02,SKU-BEVERAGE-02,129,55.65,0,0,7,0
2025-04-12,Store-Central-02,SKU-BEVERAGE-02,181,55.65,0,1,7,0
2025-04-13,Store-Central-02,SKU-BEVERAGE-02,174,55.65,0,1,7,0
2025-04-14,Store-Central-02,SKU-BEVERAGE-02,122,55.65,0,0,7,0
2025-04-15,Store-Central-02,SKU-BEVERAGE-02,125,55.65,0,0,7,0
2025-04-16,Store-Central-02,SKU-BEVERAGE-02,240,47.3,1,0,7,0
2025-04-17,Store-Central-02,SKU-BEVERAGE-02,110,55.65,0,0,7,0
2025-04-18,Store-Central-02,SKU-BEVERAGE-02,109,55.65,0,0,7,0
2025-04-19,Store-Central-02,SKU-BEVERAGE-02,164,55.65,0,1,7,0
2025-04-20,Store-Central-02,SKU-BEVERAGE-02,171,55.65,0,1,7,0
2025-04-21,Store-Central-02,SKU-BEVERAGE-02,129,55.65,0,0,7,0
2025-04-22,Store-Central-02,SKU-BEVERAGE-02,128,55.65,0,0,7,0
2025-04-23,Store-Central-02,SKU-BEVERAGE-02,119,55.65,0,0,7,0
2025-04-24,Store-Central-02,SKU-BEVERAGE-02,136,55.65,0,0,7,0
2025-04-25,Store-Central-02,SKU-BEVERAGE-02,120,55.65,0,0,7,0
2025-04-26,Store-Central-02,SKU-BEVERAGE-02,151,55.65,0,1,7,0
2025-04-27,Store-Central-02,SKU-BEVERAGE-02,159,55.65,0,1,7,0
2025-04-28,Store-Central-02,SKU-BEVERAGE-02,111,55.65,0,0,7,0
2025-04-29,Store-Central-02,SKU-BEVERAGE-02,109,55.65,0,0,7,0
2025-04-30,Store-Central-02,SKU-BEVERAGE-02,125,55.65,0,0,7,0
2025-05-01,Store-Central-02,SKU-BEVERAGE-02,116,55.65,0,0,7,0
2025-05-02,Store-Central-02,SKU-BEVERAGE-02,132,55.65,0,0,7,0
2025-05-03,Store-Central-02,SKU-BEVERAGE-02,179,55.65,0,1,7,0
2025-05-04,Store-Central-02,SKU-BEVERAGE-02,167,55.65,0,1,7,0
2025-05-05,Store-Central-02,SKU-BEVERAGE-02,122,55.65,0,0,7,0
2025-05-06,Store-Central-02,SKU-BEVERAGE-02,139,55.65,0,0,7,0
2025-05-07,Store-Central-02,SKU-BEVERAGE-02,119,55.65,0,0,7,0
2025-05-08,Store-Central-02,SKU-BEVERAGE-02,100,55.65,0,0,7,0
2025-05-09,Store-Central-02,SKU-BEVERAGE-02,129,55.65,0,0,7,0
2025-05-10,Store-Central-02,SKU-BEVERAGE-02,165,55.65,0,1,7,0
2025-05-11,Store-Central-02,SKU-BEVERAGE-02,176,55.65,0,1,7,0
2025-05-12,Store-Central-02,SKU-BEVERAGE-02,130,55.65,0,0,7,0
2025-05-13,Store-Central-02,SKU-BEVERAGE-02,130,55.65,0,0,7,0
2025-05-14,Store-Central-02,SKU-BEVERAGE-02,113,55.65,0,0,7,0
2025-05-15,Store-Central-02,SKU-BEVERAGE-02,112,55.65,0,0,7,0
2025-05-16,Store-Central-02,SKU-BEVERAGE-02,116,55.65,0,0,7,0
2025-05-17,Store-Central-02,SKU-BEVERAGE-02,0,55.65,0,1,7,1
2025-05-18,Store-Central-02,SKU-BEVERAGE-02,158,55.65,0,1,7,0
2025-05-19,Store-Central-02,SKU-BEVERAGE-02,119,55.65,0,0,7,0
2025-05-20,Store-Central-02,SKU-BEVERAGE-02,126,55.65,0,0,7,0
2025-05-21,Store-Central-02,SKU-BEVERAGE-02,129,55.65,0,0,7,0
2025-05-22,Store-Central-02,SKU-BEVERAGE-02,96,55.65,0,0,7,0
2025-05-23,Store-Central-02,SKU-BEVERAGE-02,124,55.65,0,0,7,0
2025-05-24,Store-Central-02,SKU-BEVERAGE-02,138,55.65,0,1,7,0
2025-05-25,Store-Central-02,SKU-BEVERAGE-02,169,55.65,0,1,7,0
2025-05-26,Store-Central-02,SKU-BEVERAGE-02,118,55.65,0,0,7,0
2025-05-27,Store-Central-02,SKU-BEVERAGE-02,110,55.65,0,0,7,0
2025-05-28,Store-Central-02,SKU-BEVERAGE-02,132,55.65,0,0,7,0
2025-05-29,Store-Central-02,SKU-BEVERAGE-02,130,55.65,0,0,7,0
2025-05-30,Store-Central-02,SKU-BEVERAGE-02,115,55.65,0,0,7,0
2025-05-31,Store-Central-02,SKU-BEVERAGE-02,0,55.65,0,1,7,1
2025-06-01,Store-Central-02,SKU-BEVERAGE-02,283,47.3,1,1,7,0
2025-06-02,Store-Central-02,SKU-BEVERAGE-02,105,55.65,0,0,7,0
2025-06-03,Store-Central-02,SKU-BEVERAGE-02,224,47.3,1,0,7,0
2025-06-04,Store-Central-02,SKU-BEVERAGE-02,198,47.3,1,0,7,0
2025-06-05,Store-Central-02,SKU-BEVERAGE-02,117,55.65,0,0,7,0
2025-06-06,Store-Central-02,SKU-BEVERAGE-02,121,55.65,0,0,7,0
2025-06-07,Store-Central-02,SKU-BEVERAGE-02,140,55.65,0,1,7,0
2025-06-08,Store-Central-02,SKU-BEVERAGE-02,165,55.65,0,1,7,0
2025-06-09,Store-Central-02,SKU-BEVERAGE-02,105,55.65,0,0,7,0
2025-06-10,Store-Central-02,SKU-BEVERAGE-02,143,55.65,0,0,7,0
2025-06-11,Store-Central-02,SKU-BEVERAGE-02,131,55.65,0,0,7,0
2025-06-12,Store-Central-02,SKU-BEVERAGE-02,129,55.65,0,0,7,0
2025-06-13,Store-Central-02,SKU-BEVERAGE-02,113,55.65,0,0,7,0
2025-06-14,Store-Central-02,SKU-BEVERAGE-02,143,55.65,0,1,7,0
2025-06-15,Store-Central-02,SKU-BEVERAGE-02,144,55.65,0,1,7,0
2025-06-16,Store-Central-02,SKU-BEVERAGE-02,116,55.65,0,0,7,0
2025-06-17,Store-Central-02,SKU-BEVERAGE-02,112,55.65,0,0,7,0
2025-06-18,Store-Central-02,SKU-BEVERAGE-02,136,55.65,0,0,7,0
2025-06-19,Store-Central-02,SKU-BEVERAGE-02,121,55.65,0,0,7,0
2025-06-20,Store-Central-02,SKU-BEVERAGE-02,124,55.65,0,0,7,0
2025-06-21,Store-Central-02,SKU-BEVERAGE-02,158,55.65,0,1,7,0
2025-06-22,Store-Central-02,SKU-BEVERAGE-02,165,55.65,0,1,7,0
2025-06-23,Store-Central-02,SKU-BEVERAGE-02,110,55.65,0,0,7,0
2025-06-24,Store-Central-02,SKU-BEVERAGE-02,110,55.65,0,0,7,0
2025-06-25,Store-Central-02,SKU-BEVERAGE-02,123,55.65,0,0,7,0
2025-06-26,Store-Central-02,SKU-BEVERAGE-02,121,55.65,0,0,7,0
2025-06-27,Store-Central-02,SKU-BEVERAGE-02,104,55.65,0,0,7,0
2025-06-28,Store-Central-02,SKU-BEVERAGE-02,126,55.65,0,1,7,0
2025-06-29,Store-Central-02,SKU-BEVERAGE-02,0,55.65,0,1,7,1
2025-06-30,Store-Central-02,SKU-BEVERAGE-02,106,55.65,0,0,7,0
2025-07-01,Store-Central-02,SKU-BEVERAGE-02,132,55.65,0,0,7,0
2025-07-02,Store-Central-02,SKU-BEVERAGE-02,114,55.65,0,0,7,0
2025-07-03,Store-Central-02,SKU-BEVERAGE-02,121,55.65,0,0,7,0
2025-07-04,Store-Central-02,SKU-BEVERAGE-02,88,55.65,0,0,7,0
2025-07-05,Store-Central-02,SKU-BEVERAGE-02,142,55.65,0,1,7,0
2025-07-06,Store-Central-02,SKU-BEVERAGE-02,274,47.3,1,1,7,0
2025-07-07,Store-Central-02,SKU-BEVERAGE-02,99,55.65,0,0,7,0
2025-07-08,Store-Central-02,SKU-BEVERAGE-02,103,55.65,0,0,7,0
2025-07-09,Store-Central-02,SKU-BEVERAGE-02,205,47.3,1,0,7,0
2025-07-10,Store-Central-02,SKU-BEVERAGE-02,84,55.65,0,0,7,0
2025-07-11,Store-Central-02,SKU-BEVERAGE-02,101,55.65,0,0,7,0
2025-07-12,Store-Central-02,SKU-BEVERAGE-02,132,55.65,0,1,7,0
2025-07-13,Store-Central-02,SKU-BEVERAGE-02,144,55.65,0,1,7,0
2025-07-14,Store-Central-02,SKU-BEVERAGE-02,95,55.65,0,0,7,0
2025-07-15,Store-Central-02,SKU-BEVERAGE-02,100,55.65,0,0,7,0
2025-07-16,Store-Central-02,SKU-BEVERAGE-02,111,55.65,0,0,7,0
2025-07-17,Store-Central-02,SKU-BEVERAGE-02,102,55.65,0,0,7,0
2025-07-18,Store-Central-02,SKU-BEVERAGE-02,109,55.65,0,0,7,0
2025-07-19,Store-Central-02,SKU-BEVERAGE-02,126,55.65,0,1,7,0
2025-07-20,Store-Central-02,SKU-BEVERAGE-02,143,55.65,0,1,7,0
2025-07-21,Store-Central-02,SKU-BEVERAGE-02,92,55.65,0,0,7,0
2025-07-22,Store-Central-02,SKU-BEVERAGE-02,87,55.65,0,0,7,0
2025-07-23,Store-Central-02,SKU-BEVERAGE-02,96,55.65,0,0,7,0
2025-07-24,Store-Central-02,SKU-BEVERAGE-02,174,47.3,1,0,7,0
2025-07-25,Store-Central-02,SKU-BEVERAGE-02,97,55.65,0,0,7,0
2025-07-26,Store-Central-02,SKU-BEVERAGE-02,135,55.65,0,1,7,0
2025-07-27,Store-Central-02,SKU-BEVERAGE-02,148,55.65,0,1,7,0
2025-07-28,Store-Central-02,SKU-BEVERAGE-02,87,55.65,0,0,7,0
2025-07-29,Store-Central-02,SKU-BEVERAGE-02,111,55.65,0,0,7,0
2025-07-30,Store-Central-02,SKU-BEVERAGE-02,97,55.65,0,0,7,0
2025-07-31,Store-Central-02,SKU-BEVERAGE-02,156,47.3,1,0,7,0
2025-08-01,Store-Central-02,SKU-BEVERAGE-02,103,55.65,0,0,7,0
2025-08-02,Store-Central-02,SKU-BEVERAGE-02,130,55.65,0,1,7,0
2025-08-03,Store-Central-02,SKU-BEVERAGE-02,129,55.65,0,1,7,0
2025-08-04,Store-Central-02,SKU-BEVERAGE-02,104,55.65,0,0,7,0
2025-08-05,Store-Central-02,SKU-BEVERAGE-02,86,55.65,0,0,7,0
2025-08-06,Store-Central-02,SKU-BEVERAGE-02,92,55.65,0,0,7,0
2025-08-07,Store-Central-02,SKU-BEVERAGE-02,84,55.65,0,0,7,0
2025-08-08,Store-Central-02,SKU-BEVERAGE-02,69,55.65,0,0,7,0
2025-08-09,Store-Central-02,SKU-BEVERAGE-02,131,55.65,0,1,7,0
2025-08-10,Store-Central-02,SKU-BEVERAGE-02,116,55.65,0,1,7,0
2025-08-11,Store-Central-02,SKU-BEVERAGE-02,91,55.65,0,0,7,0
2025-08-12,Store-Central-02,SKU-BEVERAGE-02,89,55.65,0,0,7,0
2025-08-13,Store-Central-02,SKU-BEVERAGE-02,179,47.3,1,0,7,0
2025-08-14,Store-Central-02,SKU-BEVERAGE-02,76,55.65,0,0,7,0
2025-08-15,Store-Central-02,SKU-BEVERAGE-02,97,55.65,0,0,7,0
2025-08-16,Store-Central-02,SKU-BEVERAGE-02,106,55.65,0,1,7,0
2025-08-17,Store-Central-02,SKU-BEVERAGE-02,123,55.65,0,1,7,0
2025-08-18,Store-Central-02,SKU-BEVERAGE-02,75,55.65,0,0,7,0
2025-08-19,Store-Central-02,SKU-BEVERAGE-02,92,55.65,0,0,7,0
2025-08-20,Store-Central-02,SKU-BEVERAGE-02,81,55.65,0,0,7,0
2025-08-21,Store-Central-02,SKU-BEVERAGE-02,93,55.65,0,0,7,0
2025-08-22,Store-Central-02,SKU-BEVERAGE-02,93,55.65,0,0,7,0
2025-08-23,Store-Central-02,SKU-BEVERAGE-02,111,55.65,0,1,7,0
2025-08-24,Store-Central-02,SKU-BEVERAGE-02,92,55.65,0,1,7,0
2025-08-25,Store-Central-02,SKU-BEVERAGE-02,80,55.65,0,0,7,0
2025-08-26,Store-Central-02,SKU-BEVERAGE-02,79,55.65,0,0,7,0
2025-08-27,Store-Central-02,SKU-BEVERAGE-02,100,55.65,0,0,7,0
2025-08-28,Store-Central-02,SKU-BEVERAGE-02,86,55.65,0,0,7,0
2025-08-29,Store-Central-02,SKU-BEVERAGE-02,82,55.65,0,0,7,0
2025-08-30,Store-Central-02,SKU-BEVERAGE-02,114,55.65,0,1,7,0
2025-08-31,Store-Central-02,SKU-BEVERAGE-02,95,55.65,0,1,7,0
2025-09-01,Store-Central-02,SKU-BEVERAGE-02,96,55.65,0,0,7,0
2025-09-02,Store-Central-02,SKU-BEVERAGE-02,75,55.65,0,0,7,0
2025-09-03,Store-Central-02,SKU-BEVERAGE-02,91,55.65,0,0,7,0
2025-09-04,Store-Central-02,SKU-BEVERAGE-02,90,55.65,0,0,7,0
2025-09-05,Store-Central-02,SKU-BEVERAGE-02,68,55.65,0,0,7,0
2025-09-06,Store-Central-02,SKU-BEVERAGE-02,116,55.65,0,1,7,0
2025-09-07,Store-Central-02,SKU-BEVERAGE-02,109,55.65,0,1,7,0
2025-09-08,Store-Central-02,SKU-BEVERAGE-02,76,55.65,0,0,7,0
2025-09-09,Store-Central-02,SKU-BEVERAGE-02,77,55.65,0,0,7,0
2025-09-10,Store-Central-02,SKU-BEVERAGE-02,82,55.65,0,0,7,0
2025-09-11,Store-Central-02,SKU-BEVERAGE-02,80,55.65,0,0,7,0
2025-09-12,Store-Central-02,SKU-BEVERAGE-02,146,47.3,1,0,7,0
2025-09-13,Store-Central-02,SKU-BEVERAGE-02,104,55.65,0,1,7,0
2025-09-14,Store-Central-02,SKU-BEVERAGE-02,101,55.65,0,1,7,0
2025-09-15,Store-Central-02,SKU-BEVERAGE-02,69,55.65,0,0,7,0
2025-09-16,Store-Central-02,SKU-BEVERAGE-02,71,55.65,0,0,7,0
2025-09-17,Store-Central-02,SKU-BEVERAGE-02,71,55.65,0,0,7,0
2025-09-18,Store-Central-02,SKU-BEVERAGE-02,84,55.65,0,0,7,0
2025-09-19,Store-Central-02,SKU-BEVERAGE-02,59,55.65,0,0,7,0
2025-09-20,Store-Central-02,SKU-BEVERAGE-02,204,47.3,1,1,7,0
2025-09-21,Store-Central-02,SKU-BEVERAGE-02,69,55.65,0,1,7,0
2025-09-22,Store-Central-02,SKU-BEVERAGE-02,83,55.65,0,0,7,0
2025-09-23,Store-Central-02,SKU-BEVERAGE-02,73,55.65,0,0,7,0
2025-09-24,Store-Central-02,SKU-BEVERAGE-02,87,55.65,0,0,7,0
2025-09-25,Store-Central-02,SKU-BEVERAGE-02,63,55.65,0,0,7,0
2025-09-26,Store-Central-02,SKU-BEVERAGE-02,67,55.65,0,0,7,0
2025-09-27,Store-Central-02,SKU-BEVERAGE-02,88,55.65,0,1,7,0
2025-09-28,Store-Central-02,SKU-BEVERAGE-02,95,55.65,0,1,7,0
2025-09-29,Store-Central-02,SKU-BEVERAGE-02,74,55.65,0,0,7,0
2025-09-30,Store-Central-02,SKU-BEVERAGE-02,73,55.65,0,0,7,0
2025-10-01,Store-Central-02,SKU-BEVERAGE-02,66,55.65,0,0,7,0
2025-10-02,Store-Central-02,SKU-BEVERAGE-02,79,55.65,0,0,7,0
2025-10-03,Store-Central-02,SKU-BEVERAGE-02,58,55.65,0,0,7,0
2025-10-04,Store-Central-02,SKU-BEVERAGE-02,97,55.65,0,1,7,0
2025-10-05,Store-Central-02,SKU-BEVERAGE-02,81,55.65,0,1,7,0
2025-10-06,Store-Central-02,SKU-BEVERAGE-02,70,55.65,0,0,7,0
2025-10-07,Store-Central-02,SKU-BEVERAGE-02,63,55.65,0,0,7,0
2025-10-08,Store-Central-02,SKU-BEVERAGE-02,63,55.65,0,0,7,0
2025-10-09,Store-Central-02,SKU-BEVERAGE-02,116,47.3,1,0,7,0
2025-10-10,Store-Central-02,SKU-BEVERAGE-02,150,47.3,1,0,7,0
2025-10-11,Store-Central-02,SKU-BEVERAGE-02,98,55.65,0,1,7,0
2025-10-12,Store-Central-02,SKU-BEVERAGE-02,106,55.65,0,1,7,0
2025-10-13,Store-Central-02,SKU-BEVERAGE-02,63,55.65,0,0,7,0
2025-10-14,Store-Central-02,SKU-BEVERAGE-02,86,55.65,0,0,7,0
2025-10-15,Store-Central-02,SKU-BEVERAGE-02,80,55.65,0,0,7,0
2025-10-16,Store-Central-02,SKU-BEVERAGE-02,75,55.65,0,0,7,0
2025-10-17,Store-Central-02,SKU-BEVERAGE-02,97,55.65,0,0,7,0
2025-10-18,Store-Central-02,SKU-BEVERAGE-02,88,55.65,0,1,7,0
2025-10-19,Store-Central-02,SKU-BEVERAGE-02,86,55.65,0,1,7,0
2025-10-20,Store-Central-02,SKU-BEVERAGE-02,51,55.65,0,0,7,0
2025-10-21,Store-Central-02,SKU-BEVERAGE-02,61,55.65,0,0,7,0
2025-10-22,Store-Central-02,SKU-BEVERAGE-02,72,55.65,0,0,7,0
2025-10-23,Store-Central-02,SKU-BEVERAGE-02,0,55.65,0,0,7,1
2025-10-24,Store-Central-02,SKU-BEVERAGE-02,70,55.65,0,0,7,0
2025-10-25,Store-Central-02,SKU-BEVERAGE-02,87,55.65,0,1,7,0
2025-10-26,Store-Central-02,SKU-BEVERAGE-02,156,47.3,1,1,7,0
2025-10-27,Store-Central-02,SKU-BEVERAGE-02,62,55.65,0,0,7,0
2025-10-28,Store-Central-02,SKU-BEVERAGE-02,56,55.65,0,0,7,0
2025-10-29,Store-Central-02,SKU-BEVERAGE-02,0,55.65,0,0,7,1
2025-10-30,Store-Central-02,SKU-BEVERAGE-02,76,55.65,0,0,7,0
2025-10-31,Store-Central-02,SKU-BEVERAGE-02,66,55.65,0,0,7,0
2025-11-01,Store-Central-02,SKU-BEVERAGE-02,96,55.65,0,1,7,0
2025-11-02,Store-Central-02,SKU-BEVERAGE-02,89,55.65,0,1,7,0
2025-11-03,Store-Central-02,SKU-BEVERAGE-02,112,47.3,1,0,7,0
2025-11-04,Store-Central-02,SKU-BEVERAGE-02,65,55.65,0,0,7,0
2025-11-05,Store-Central-02,SKU-BEVERAGE-02,60,55.65,0,0,7,0
2025-11-06,Store-Central-02,SKU-BEVERAGE-02,72,55.65,0,0,7,0
2025-11-07,Store-Central-02,SKU-BEVERAGE-02,66,55.65,0,0,7,0
2025-11-08,Store-Central-02,SKU-BEVERAGE-02,93,55.65,0,1,7,0
2025-11-09,Store-Central-02,SKU-BEVERAGE-02,105,55.65,0,1,7,0
2025-11-10,Store-Central-02,SKU-BEVERAGE-02,66,55.65,0,0,7,0
2025-11-11,Store-Central-02,SKU-BEVERAGE-02,71,55.65,0,0,7,0
2025-11-12,Store-Central-02,SKU-BEVERAGE-02,0,55.65,0,0,7,1
2025-11-13,Store-Central-02,SKU-BEVERAGE-02,69,55.65,0,0,7,0
2025-11-14,Store-Central-02,SKU-BEVERAGE-02,73,55.65,0,0,7,0
2025-11-15,Store-Central-02,SKU-BEVERAGE-02,96,55.65,0,1,7,0
2025-11-16,Store-Central-02,SKU-BEVERAGE-02,182,47.3,1,1,7,0
2025-11-17,Store-Central-02,SKU-BEVERAGE-02,72,55.65,0,0,7,0
2025-11-18,Store-Central-02,SKU-BEVERAGE-02,67,55.65,0,0,7,0
2025-11-19,Store-Central-02,SKU-BEVERAGE-02,140,47.3,1,0,7,0
2025-11-20,Store-Central-02,SKU-BEVERAGE-02,114,47.3,1,0,7,0
2025-11-21,Store-Central-02,SKU-BEVERAGE-02,66,55.65,0,0,7,0
2025-11-22,Store-Central-02,SKU-BEVERAGE-02,179,47.3,1,1,7,0
2025-11-23,Store-Central-02,SKU-BEVERAGE-02,81,55.65,0,1,7,0
2025-11-24,Store-Central-02,SKU-BEVERAGE-02,0,55.65,0,0,7,1
2025-11-25,Store-Central-02,SKU-BEVERAGE-02,68,55.65,0,0,7,0
2025-11-26,Store-Central-02,SKU-BEVERAGE-02,72,55.65,0,0,7,0
2025-11-27,Store-Central-02,SKU-BEVERAGE-02,62,55.65,0,0,7,0
2025-11-28,Store-Central-02,SKU-BEVERAGE-02,148,47.3,1,0,7,0
2025-11-29,Store-Central-02,SKU-BEVERAGE-02,90,55.65,0,1,7,0
2025-11-30,Store-Central-02,SKU-BEVERAGE-02,113,55.65,0,1,7,0
2025-12-01,Store-Central-02,SKU-BEVERAGE-02,62,55.65,0,0,7,0
2025-12-02,Store-Central-02,SKU-BEVERAGE-02,63,55.65,0,0,7,0
2025-12-03,Store-Central-02,SKU-BEVERAGE-02,61,55.65,0,0,7,0
2025-12-04,Store-Central-02,SKU-BEVERAGE-02,76,55.65,0,0,7,0
2025-12-05,Store-Central-02,SKU-BEVERAGE-02,76,55.65,0,0,7,0
2025-12-06,Store-Central-02,SKU-BEVERAGE-02,75,55.65,0,1,7,0
2025-12-07,Store-Central-02,SKU-BEVERAGE-02,96,55.65,0,1,7,0
2025-12-08,Store-Central-02,SKU-BEVERAGE-02,69,55.65,0,0,7,0
2025-12-09,Store-Central-02,SKU-BEVERAGE-02,90,55.65,0,0,7,0
2025-12-10,Store-Central-02,SKU-BEVERAGE-02,74,55.65,0,0,7,0
2025-12-11,Store-Central-02,SKU-BEVERAGE-02,89,55.65,0,0,7,0
2025-12-12,Store-Central-02,SKU-BEVERAGE-02,0,55.65,0,0,7,1
2025-12-13,Store-Central-02,SKU-BEVERAGE-02,88,55.65,0,1,7,0
2025-12-14,Store-Central-02,SKU-BEVERAGE-02,106,55.65,0,1,7,0
2025-12-15,Store-Central-02,SKU-BEVERAGE-02,91,55.65,0,0,7,0
2025-12-16,Store-Central-02,SKU-BEVERAGE-02,75,55.65,0,0,7,0
2025-12-17,Store-Central-02,SKU-BEVERAGE-02,137,47.3,1,0,7,0
2025-12-18,Store-Central-02,SKU-BEVERAGE-02,73,55.65,0,0,7,0
2025-12-19,Store-Central-02,SKU-BEVERAGE-02,78,55.65,0,0,7,0
2025-12-20,Store-Central-02,SKU-BEVERAGE-02,203,47.3,1,1,7,0
2025-12-21,Store-Central-02,SKU-BEVERAGE-02,96,55.65,0,1,7,0
2025-12-22,Store-Central-02,SKU-BEVERAGE-02,73,55.65,0,0,7,0
2025-12-23,Store-Central-02,SKU-BEVERAGE-02,148,47.3,1,0,7,0
2025-12-24,Store-Central-02,SKU-BEVERAGE-02,73,55.65,0,0,7,0
2025-12-25,Store-Central-02,SKU-BEVERAGE-02,80,55.65,0,0,7,0
2025-12-26,Store-Central-02,SKU-BEVERAGE-02,102,55.65,0,0,7,0
2025-12-27,Store-Central-02,SKU-BEVERAGE-02,94,55.65,0,1,7,0
2025-12-28,Store-Central-02,SKU-BEVERAGE-02,110,55.65,0,1,7,0
2025-12-29,Store-Central-02,SKU-BEVERAGE-02,64,55.65,0,0,7,0
2025-12-30,Store-Central-02,SKU-BEVERAGE-02,74,55.65,0,0,7,0
2025-12-31,Store-Central-02,SKU-BEVERAGE-02,82,55.65,0,0,7,0
2024-01-01,Store-Central-02,SKU-APPAREL-03,75,102.04,0,0,3,0
2024-01-02,Store-Central-02,SKU-APPAREL-03,77,102.04,0,0,3,0
2024-01-03,Store-Central-02,SKU-APPAREL-03,88,102.04,0,0,3,0
2024-01-04,Store-Central-02,SKU-APPAREL-03,78,102.04,0,0,3,0
2024-01-05,Store-Central-02,SKU-APPAREL-03,157,86.73,1,0,3,0
2024-01-06,Store-Central-02,SKU-APPAREL-03,195,86.73,1,1,3,0
2024-01-07,Store-Central-02,SKU-APPAREL-03,94,102.04,0,1,3,0
2024-01-08,Store-Central-02,SKU-APPAREL-03,81,102.04,0,0,3,0
2024-01-09,Store-Central-02,SKU-APPAREL-03,0,102.04,0,0,3,1
2024-01-10,Store-Central-02,SKU-APPAREL-03,92,102.04,0,0,3,0
2024-01-11,Store-Central-02,SKU-APPAREL-03,84,102.04,0,0,3,0
2024-01-12,Store-Central-02,SKU-APPAREL-03,102,102.04,0,0,3,0
2024-01-13,Store-Central-02,SKU-APPAREL-03,108,102.04,0,1,3,0
2024-01-14,Store-Central-02,SKU-APPAREL-03,0,102.04,0,1,3,1
2024-01-15,Store-Central-02,SKU-APPAREL-03,104,102.04,0,0,3,0
2024-01-16,Store-Central-02,SKU-APPAREL-03,79,102.04,0,0,3,0
2024-01-17,Store-Central-02,SKU-APPAREL-03,73,102.04,0,0,3,0
2024-01-18,Store-Central-02,SKU-APPAREL-03,80,102.04,0,0,3,0
2024-01-19,Store-Central-02,SKU-APPAREL-03,87,102.04,0,0,3,0
2024-01-20,Store-Central-02,SKU-APPAREL-03,90,102.04,0,1,3,0
2024-01-21,Store-Central-02,SKU-APPAREL-03,198,86.73,1,1,3,0
2024-01-22,Store-Central-02,SKU-APPAREL-03,79,102.04,0,0,3,0
2024-01-23,Store-Central-02,SKU-APPAREL-03,86,102.04,0,0,3,0
2024-01-24,Store-Central-02,SKU-APPAREL-03,101,102.04,0,0,3,0
2024-01-25,Store-Central-02,SKU-APPAREL-03,84,102.04,0,0,3,0
2024-01-26,Store-Central-02,SKU-APPAREL-03,97,102.04,0,0,3,0
2024-01-27,Store-Central-02,SKU-APPAREL-03,108,102.04,0,1,3,0
2024-01-28,Store-Central-02,SKU-APPAREL-03,224,86.73,1,1,3,0
2024-01-29,Store-Central-02,SKU-APPAREL-03,87,102.04,0,0,3,0
2024-01-30,Store-Central-02,SKU-APPAREL-03,87,102.04,0,0,3,0
2024-01-31,Store-Central-02,SKU-APPAREL-03,80,102.04,0,0,3,0
2024-02-01,Store-Central-02,SKU-APPAREL-03,94,102.04,0,0,3,0
2024-02-02,Store-Central-02,SKU-APPAREL-03,94,102.04,0,0,3,0
2024-02-03,Store-Central-02,SKU-APPAREL-03,231,86.73,1,1,3,0
2024-02-04,Store-Central-02,SKU-APPAREL-03,125,102.04,0,1,3,0
2024-02-05,Store-Central-02,SKU-APPAREL-03,100,102.04,0,0,3,0
2024-02-06,Store-Central-02,SKU-APPAREL-03,90,102.04,0,0,3,0
2024-02-07,Store-Central-02,SKU-APPAREL-03,97,102.04,0,0,3,0
2024-02-08,Store-Central-02,SKU-APPAREL-03,96,102.04,0,0,3,0
2024-02-09,Store-Central-02,SKU-APPAREL-03,112,102.04,0,0,3,0
2024-02-10,Store-Central-02,SKU-APPAREL-03,120,102.04,0,1,3,0
2024-02-11,Store-Central-02,SKU-APPAREL-03,117,102.04,0,1,3,0
2024-02-12,Store-Central-02,SKU-APPAREL-03,110,102.04,0,0,3,0
2024-02-13,Store-Central-02,SKU-APPAREL-03,107,102.04,0,0,3,0
2024-02-14,Store-Central-02,SKU-APPAREL-03,96,102.04,0,0,3,0
2024-02-15,Store-Central-02,SKU-APPAREL-03,89,102.04,0,0,3,0
2024-02-16,Store-Central-02,SKU-APPAREL-03,0,102.04,0,0,3,1
2024-02-17,Store-Central-02,SKU-APPAREL-03,141,102.04,0,1,3,0
2024-02-18,Store-Central-02,SKU-APPAREL-03,152,102.04,0,1,3,0
2024-02-19,Store-Central-02,SKU-APPAREL-03,102,102.04,0,0,3,0
2024-02-20,Store-Central-02,SKU-APPAREL-03,97,102.04,0,0,3,0
2024-02-21,Store-Central-02,SKU-APPAREL-03,93,102.04,0,0,3,0
2024-02-22,Store-Central-02,SKU-APPAREL-03,115,102.04,0,0,3,0
2024-02-23,Store-Central-02,SKU-APPAREL-03,91,102.04,0,0,3,0
2024-02-24,Store-Central-02,SKU-APPAREL-03,168,102.04,0,1,3,0
2024-02-25,Store-Central-02,SKU-APPAREL-03,123,102.04,0,1,3,0
2024-02-26,Store-Central-02,SKU-APPAREL-03,114,102.04,0,0,3,0
2024-02-27,Store-Central-02,SKU-APPAREL-03,106,102.04,0,0,3,0
2024-02-28,Store-Central-02,SKU-APPAREL-03,117,102.04,0,0,3,0
2024-02-29,Store-Central-02,SKU-APPAREL-03,122,102.04,0,0,3,0
2024-03-01,Store-Central-02,SKU-APPAREL-03,94,102.04,0,0,3,0
2024-03-02,Store-Central-02,SKU-APPAREL-03,141,102.04,0,1,3,0
2024-03-03,Store-Central-02,SKU-APPAREL-03,112,102.04,0,1,3,0
2024-03-04,Store-Central-02,SKU-APPAREL-03,85,102.04,0,0,3,0
2024-03-05,Store-Central-02,SKU-APPAREL-03,110,102.04,0,0,3,0
2024-03-06,Store-Central-02,SKU-APPAREL-03,121,102.04,0,0,3,0
2024-03-07,Store-Central-02,SKU-APPAREL-03,0,102.04,0,0,3,1
2024-03-08,Store-Central-02,SKU-APPAREL-03,108,102.04,0,0,3,0
2024-03-09,Store-Central-02,SKU-APPAREL-03,156,102.04,0,1,3,0
2024-03-10,Store-Central-02,SKU-APPAREL-03,134,102.04,0,1,3,0
2024-03-11,Store-Central-02,SKU-APPAREL-03,113,102.04,0,0,3,0
2024-03-12,Store-Central-02,SKU-APPAREL-03,126,102.04,0,0,3,0
2024-03-13,Store-Central-02,SKU-APPAREL-03,110,102.04,0,0,3,0
2024-03-14,Store-Central-02,SKU-APPAREL-03,114,102.04,0,0,3,0
2024-03-15,Store-Central-02,SKU-APPAREL-03,123,102.04,0,0,3,0
2024-03-16,Store-Central-02,SKU-APPAREL-03,142,102.04,0,1,3,0
2024-03-17,Store-Central-02,SKU-APPAREL-03,0,102.04,0,1,3,1
2024-03-18,Store-Central-02,SKU-APPAREL-03,114,102.04,0,0,3,0
2024-03-19,Store-Central-02,SKU-APPAREL-03,117,102.04,0,0,3,0
2024-03-20,Store-Central-02,SKU-APPAREL-03,112,102.04,0,0,3,0
2024-03-21,Store-Central-02,SKU-APPAREL-03,89,102.04,0,0,3,0
2024-03-22,Store-Central-02,SKU-APPAREL-03,119,102.04,0,0,3,0
2024-03-23,Store-Central-02,SKU-APPAREL-03,149,102.04,0,1,3,0
2024-03-24,Store-Central-02,SKU-APPAREL-03,147,102.04,0,1,3,0
2024-03-25,Store-Central-02,SKU-APPAREL-03,110,102.04,0,0,3,0
2024-03-26,Store-Central-02,SKU-APPAREL-03,126,102.04,0,0,3,0
2024-03-27,Store-Central-02,SKU-APPAREL-03,138,102.04,0,0,3,0
2024-03-28,Store-Central-02,SKU-APPAREL-03,125,102.04,0,0,3,0
2024-03-29,Store-Central-02,SKU-APPAREL-03,113,102.04,0,0,3,0
2024-03-30,Store-Central-02,SKU-APPAREL-03,142,102.04,0,1,3,0
2024-03-31,Store-Central-02,SKU-APPAREL-03,160,102.04,0,1,3,0
2024-04-01,Store-Central-02,SKU-APPAREL-03,174,86.73,1,0,3,0
2024-04-02,Store-Central-02,SKU-APPAREL-03,109,102.04,0,0,3,0
2024-04-03,Store-Central-02,SKU-APPAREL-03,109,102.04,0,0,3,0
2024-04-04,Store-Central-02,SKU-APPAREL-03,117,102.04,0,0,3,0
2024-04-05,Store-Central-02,SKU-APPAREL-03,117,102.04,0,0,3,0
2024-04-06,Store-Central-02,SKU-APPAREL-03,162,102.04,0,1,3,0
2024-04-07,Store-Central-02,SKU-APPAREL-03,142,102.04,0,1,3,0
2024-04-08,Store-Central-02,SKU-APPAREL-03,139,102.04,0,0,3,0
2024-04-09,Store-Central-02,SKU-APPAREL-03,134,102.04,0,0,3,0
2024-04-10,Store-Central-02,SKU-APPAREL-03,115,102.04,0,0,3,0
2024-04-11,Store-Central-02,SKU-APPAREL-03,120,102.04,0,0,3,0
2024-04-12,Store-Central-02,SKU-APPAREL-03,118,102.04,0,0,3,0
2024-04-13,Store-Central-02,SKU-APPAREL-03,156,102.04,0,1,3,0
2024-04-14,Store-Central-02,SKU-APPAREL-03,174,102.04,0,1,3,0
2024-04-15,Store-Central-02,SKU-APPAREL-03,230,86.73,1,0,3,0
2024-04-16,Store-Central-02,SKU-APPAREL-03,114,102.04,0,0,3,0
2024-04-17,Store-Central-02,SKU-APPAREL-03,115,102.04,0,0,3,0
2024-04-18,Store-Central-02,SKU-APPAREL-03,0,102.04,0,0,3,1
2024-04-19,Store-Central-02,SKU-APPAREL-03,113,102.04,0,0,3,0
2024-04-20,Store-Central-02,SKU-APPAREL-03,169,102.04,0,1,3,0
2024-04-21,Store-Central-02,SKU-APPAREL-03,0,102.04,0,1,3,1
2024-04-22,Store-Central-02,SKU-APPAREL-03,107,102.04,0,0,3,0
2024-04-23,Store-Central-02,SKU-APPAREL-03,112,102.04,0,0,3,0
2024-04-24,Store-Central-02,SKU-APPAREL-03,108,102.04,0,0,3,0
2024-04-25,Store-Central-02,SKU-APPAREL-03,124,102.04,0,0,3,0
2024-04-26,Store-Central-02,SKU-APPAREL-03,205,86.73,1,0,3,0
2024-04-27,Store-Central-02,SKU-APPAREL-03,186,102.04,0,1,3,0
2024-04-28,Store-Central-02,SKU-APPAREL-03,150,102.04,0,1,3,0
2024-04-29,Store-Central-02,SKU-APPAREL-03,123,102.04,0,0,3,0
2024-04-30,Store-Central-02,SKU-APPAREL-03,121,102.04,0,0,3,0
2024-05-01,Store-Central-02,SKU-APPAREL-03,118,102.04,0,0,3,0
2024-05-02,Store-Central-02,SKU-APPAREL-03,126,102.04,0,0,3,0
2024-05-03,Store-Central-02,SKU-APPAREL-03,123,102.04,0,0,3,0
2024-05-04,Store-Central-02,SKU-APPAREL-03,156,102.04,0,1,3,0
2024-05-05,Store-Central-02,SKU-APPAREL-03,145,102.04,0,1,3,0
2024-05-06,Store-Central-02,SKU-APPAREL-03,125,102.04,0,0,3,0
2024-05-07,Store-Central-02,SKU-APPAREL-03,111,102.04,0,0,3,0
2024-05-08,Store-Central-02,SKU-APPAREL-03,109,102.04,0,0,3,0
2024-05-09,Store-Central-02,SKU-APPAREL-03,213,86.73,1,0,3,0
2024-05-10,Store-Central-02,SKU-APPAREL-03,186,86.73,1,0,3,0
2024-05-11,Store-Central-02,SKU-APPAREL-03,153,102.04,0,1,3,0
2024-05-12,Store-Central-02,SKU-APPAREL-03,161,102.04,0,1,3,0
2024-05-13,Store-Central-02,SKU-APPAREL-03,111,102.04,0,0,3,0
2024-05-14,Store-Central-02,SKU-APPAREL-03,110,102.04,0,0,3,0
2024-05-15,Store-Central-02,SKU-APPAREL-03,210,86.73,1,0,3,0
2024-05-16,Store-Central-02,SKU-APPAREL-03,111,102.04,0,0,3,0
2024-05-17,Store-Central-02,SKU-APPAREL-03,130,102.04,0,0,3,0
2024-05-18,Store-Central-02,SKU-APPAREL-03,177,102.04,0,1,3,0
2024-05-19,Store-Central-02,SKU-APPAREL-03,145,102.04,0,1,3,0
2024-05-20,Store-Central-02,SKU-APPAREL-03,121,102.04,0,0,3,0
2024-05-21,Store-Central-02,SKU-APPAREL-03,104,102.04,0,0,3,0
2024-05-22,Store-Central-02,SKU-APPAREL-03,120,102.04,0,0,3,0
2024-05-23,Store-Central-02,SKU-APPAREL-03,105,102.04,0,0,3,0
2024-05-24,Store-Central-02,SKU-APPAREL-03,116,102.04,0,0,3,0
2024-05-25,Store-Central-02,SKU-APPAREL-03,0,102.04,0,1,3,1
2024-05-26,Store-Central-02,SKU-APPAREL-03,133,102.04,0,1,3,0
2024-05-27,Store-Central-02,SKU-APPAREL-03,121,102.04,0,0,3,0
2024-05-28,Store-Central-02,SKU-APPAREL-03,0,102.04,0,0,3,1
2024-05-29,Store-Central-02,SKU-APPAREL-03,130,102.04,0,0,3,0
2024-05-30,Store-Central-02,SKU-APPAREL-03,135,102.04,0,0,3,0
2024-05-31,Store-Central-02,SKU-APPAREL-03,127,102.04,0,0,3,0
2024-06-01,Store-Central-02,SKU-APPAREL-03,143,102.04,0,1,3,0
2024-06-02,Store-Central-02,SKU-APPAREL-03,158,102.04,0,1,3,0
2024-06-03,Store-Central-02,SKU-APPAREL-03,123,102.04,0,0,3,0
2024-06-04,Store-Central-02,SKU-APPAREL-03,111,102.04,0,0,3,0
2024-06-05,Store-Central-02,SKU-APPAREL-03,115,102.04,0,0,3,0
2024-06-06,Store-Central-02,SKU-APPAREL-03,99,102.04,0,0,3,0
2024-06-07,Store-Central-02,SKU-APPAREL-03,115,102.04,0,0,3,0
2024-06-08,Store-Central-02,SKU-APPAREL-03,170,102.04,0,1,3,0
2024-06-09,Store-Central-02,SKU-APPAREL-03,133,102.04,0,1,3,0
2024-06-10,Store-Central-02,SKU-APPAREL-03,110,102.04,0,0,3,0
2024-06-11,Store-Central-02,SKU-APPAREL-03,101,102.04,0,0,3,0
2024-06-12,Store-Central-02,SKU-APPAREL-03,134,102.04,0,0,3,0
2024-06-13,Store-Central-02,SKU-APPAREL-03,110,102.04,0,0,3,0
2024-06-14,Store-Central-02,SKU-APPAREL-03,104,102.04,0,0,3,0
2024-06-15,Store-Central-02,SKU-APPAREL-03,275,86.73,1,1,3,0
2024-06-16,Store-Central-02,SKU-APPAREL-03,166,102.04,0,1,3,0
2024-06-17,Store-Central-02,SKU-APPAREL-03,102,102.04,0,0,3,0
2024-06-18,Store-Central-02,SKU-APPAREL-03,116,102.04,0,0,3,0
2024-06-19,Store-Central-02,SKU-APPAREL-03,103,102.04,0,0,3,0
2024-06-20,Store-Central-02,SKU-APPAREL-03,100,102.04,0,0,3,0
2024-06-21,Store-Central-02,SKU-APPAREL-03,194,86.73,1,0,3,0
2024-06-22,Store-Central-02,SKU-APPAREL-03,149,102.04,0,1,3,0
2024-06-23,Store-Central-02,SKU-APPAREL-03,141,102.04,0,1,3,0
2024-06-24,Store-Central-02,SKU-APPAREL-03,92,102.04,0,0,3,0
2024-06-25,Store-Central-02,SKU-APPAREL-03,112,102.04,0,0,3,0
2024-06-26,Store-Central-02,SKU-APPAREL-03,101,102.04,0,0,3,0
2024-06-27,Store-Central-02,SKU-APPAREL-03,111,102.04,0,0,3,0
2024-06-28,Store-Central-02,SKU-APPAREL-03,103,102.04,0,0,3,0
2024-06-29,Store-Central-02,SKU-APPAREL-03,153,102.04,0,1,3,0
2024-06-30,Store-Central-02,SKU-APPAREL-03,147,102.04,0,1,3,0
2024-07-01,Store-Central-02,SKU-APPAREL-03,97,102.04,0,0,3,0
2024-07-02,Store-Central-02,SKU-APPAREL-03,97,102.04,0,0,3,0
2024-07-03,Store-Central-02,SKU-APPAREL-03,101,102.04,0,0,3,0
2024-07-04,Store-Central-02,SKU-APPAREL-03,175,86.73,1,0,3,0
2024-07-05,Store-Central-02,SKU-APPAREL-03,96,102.04,0,0,3,0
2024-07-06,Store-Central-02,SKU-APPAREL-03,163,102.04,0,1,3,0
2024-07-07,Store-Central-02,SKU-APPAREL-03,148,102.04,0,1,3,0
2024-07-08,Store-Central-02,SKU-APPAREL-03,192,86.73,1,0,3,0
2024-07-09,Store-Central-02,SKU-APPAREL-03,181,86.73,1,0,3,0
2024-07-10,Store-Central-02,SKU-APPAREL-03,108,102.04,0,0,3,0
2024-07-11,Store-Central-02,SKU-APPAREL-03,81,102.04,0,0,3,0
2024-07-12,Store-Central-02,SKU-APPAREL-03,0,102.04,0,0,3,1
2024-07-13,Store-Central-02,SKU-APPAREL-03,148,102.04,0,1,3,0
2024-07-14,Store-Central-02,SKU-APPAREL-03,123,102.04,0,1,3,0
2024-07-15,Store-Central-02,SKU-APPAREL-03,100,102.04,0,0,3,0
2024-07-16,Store-Central-02,SKU-APPAREL-03,88,102.04,0,0,3,0
2024-07-17,Store-Central-02,SKU-APPAREL-03,154,86.73,1,0,3,0
2024-07-18,Store-Central-02,SKU-APPAREL-03,89,102.04,0,0,3,0
2024-07-19,Store-Central-02,SKU-APPAREL-03,103,102.04,0,0,3,0
2024-07-20,Store-Central-02,SKU-APPAREL-03,134,102.04,0,1,3,0
2024-07-21,Store-Central-02,SKU-APPAREL-03,138,102.04,0,1,3,0
2024-07-22,Store-Central-02,SKU-APPAREL-03,163,86.73,1,0,3,0
2024-07-23,Store-Central-02,SKU-APPAREL-03,100,102.04,0,0,3,0
2024-07-24,Store-Central-02,SKU-APPAREL-03,98,102.04,0,0,3,0
2024-07-25,Store-Central-02,SKU-APPAREL-03,99,102.04,0,0,3,0
2024-07-26,Store-Central-02,SKU-APPAREL-03,98,102.04,0,0,3,0
2024-07-27,Store-Central-02,SKU-APPAREL-03,135,102.04,0,1,3,0
2024-07-28,Store-Central-02,SKU-APPAREL-03,120,102.04,0,1,3,0
2024-07-29,Store-Central-02,SKU-APPAREL-03,74,102.04,0,0,3,0
2024-07-30,Store-Central-02,SKU-APPAREL-03,78,102.04,0,0,3,0
2024-07-31,Store-Central-02,SKU-APPAREL-03,174,86.73,1,0,3,0
2024-08-01,Store-Central-02,SKU-APPAREL-03,95,102.04,0,0,3,0
2024-08-02,Store-Central-02,SKU-APPAREL-03,84,102.04,0,0,3,0
2024-08-03,Store-Central-02,SKU-APPAREL-03,105,102.04,0,1,3,0
2024-08-04,Store-Central-02,SKU-APPAREL-03,144,102.04,0,1,3,0
2024-08-05,Store-Central-02,SKU-APPAREL-03,76,102.04,0,0,3,0
2024-08-06,Store-Central-02,SKU-APPAREL-03,88,102.04,0,0,3,0
2024-08-07,Store-Central-02,SKU-APPAREL-03,97,102.04,0,0,3,0
2024-08-08,Store-Central-02,SKU-APPAREL-03,101,102.04,0,0,3,0
2024-08-09,Store-Central-02,SKU-APPAREL-03,89,102.04,0,0,3,0
2024-08-10,Store-Central-02,SKU-APPAREL-03,121,102.04,0,1,3,0
2024-08-11,Store-Central-02,SKU-APPAREL-03,105,102.04,0,1,3,0
2024-08-12,Store-Central-02,SKU-APPAREL-03,77,102.04,0,0,3,0
2024-08-13,Store-Central-02,SKU-APPAREL-03,81,102.04,0,0,3,0
2024-08-14,Store-Central-02,SKU-APPAREL-03,97,102.04,0,0,3,0
2024-08-15,Store-Central-02,SKU-APPAREL-03,84,102.04,0,0,3,0
2024-08-16,Store-Central-02,SKU-APPAREL-03,74,102.04,0,0,3,0
2024-08-17,Store-Central-02,SKU-APPAREL-03,151,102.04,0,1,3,0
2024-08-18,Store-Central-02,SKU-APPAREL-03,82,102.04,0,1,3,0
2024-08-19,Store-Central-02,SKU-APPAREL-03,80,102.04,0,0,3,0
2024-08-20,Store-Central-02,SKU-APPAREL-03,92,102.04,0,0,3,0
2024-08-21,Store-Central-02,SKU-APPAREL-03,90,102.04,0,0,3,0
2024-08-22,Store-Central-02,SKU-APPAREL-03,144,86.73,1,0,3,0
2024-08-23,Store-Central-02,SKU-APPAREL-03,87,102.04,0,0,3,0
2024-08-24,Store-Central-02,SKU-APPAREL-03,108,102.04,0,1,3,0
2024-08-25,Store-Central-02,SKU-APPAREL-03,108,102.04,0,1,3,0
2024-08-26,Store-Central-02,SKU-APPAREL-03,79,102.04,0,0,3,0
2024-08-27,Store-Central-02,SKU-APPAREL-03,76,102.04,0,0,3,0
2024-08-28,Store-Central-02,SKU-APPAREL-03,69,102.04,0,0,3,0
2024-08-29,Store-Central-02,SKU-APPAREL-03,75,102.04,0,0,3,0
2024-08-30,Store-Central-02,SKU-APPAREL-03,68,102.04,0,0,3,0
2024-08-31,Store-Central-02,SKU-APPAREL-03,116,102.04,0,1,3,0
2024-09-01,Store-Central-02,SKU-APPAREL-03,117,102.04,0,1,3,0
2024-09-02,Store-Central-02,SKU-APPAREL-03,65,102.04,0,0,3,0
2024-09-03,Store-Central-02,SKU-APPAREL-03,65,102.04,0,0,3,0
2024-09-04,Store-Central-02,SKU-APPAREL-03,70,102.04,0,0,3,0
2024-09-05,Store-Central-02,SKU-APPAREL-03,78,102.04,0,0,3,0
2024-09-06,Store-Central-02,SKU-APPAREL-03,71,102.04,0,0,3,0
2024-09-07,Store-Central-02,SKU-APPAREL-03,117,102.04,0,1,3,0
2024-09-08,Store-Central-02,SKU-APPAREL-03,94,102.04,0,1,3,0
2024-09-09,Store-Central-02,SKU-APPAREL-03,80,102.04,0,0,3,0
2024-09-10,Store-Central-02,SKU-APPAREL-03,62,102.04,0,0,3,0
2024-09-11,Store-Central-02,SKU-APPAREL-03,75,102.04,0,0,3,0
2024-09-12,Store-Central-02,SKU-APPAREL-03,80,102.04,0,0,3,0
2024-09-13,Store-Central-02,SKU-APPAREL-03,61,102.04,0,0,3,0
2024-09-14,Store-Central-02,SKU-APPAREL-03,102,102.04,0,1,3,0
2024-09-15,Store-Central-02,SKU-APPAREL-03,101,102.04,0,1,3,0
2024-09-16,Store-Central-02,SKU-APPAREL-03,65,102.04,0,0,3,0
2024-09-17,Store-Central-02,SKU-APPAREL-03,73,102.04,0,0,3,0
2024-09-18,Store-Central-02,SKU-APPAREL-03,84,102.04,0,0,3,0
2024-09-19,Store-Central-02,SKU-APPAREL-03,67,102.04,0,0,3,0
2024-09-20,Store-Central-02,SKU-APPAREL-03,76,102.04,0,0,3,0
2024-09-21,Store-Central-02,SKU-APPAREL-03,91,102.04,0,1,3,0
2024-09-22,Store-Central-02,SKU-APPAREL-03,83,102.04,0,1,3,0
2024-09-23,Store-Central-02,SKU-APPAREL-03,64,102.04,0,0,3,0
2024-09-24,Store-Central-02,SKU-APPAREL-03,0,102.04,0,0,3,1
2024-09-25,Store-Central-02,SKU-APPAREL-03,77,102.04,0,0,3,0
2024-09-26,Store-Central-02,SKU-APPAREL-03,58,102.04,0,0,3,0
2024-09-27,Store-Central-02,SKU-APPAREL-03,0,102.04,0,0,3,1
2024-09-28,Store-Central-02,SKU-APPAREL-03,101,102.04,0,1,3,0
2024-09-29,Store-Central-02,SKU-APPAREL-03,84,102.04,0,1,3,0
2024-09-30,Store-Central-02,SKU-APPAREL-03,64,102.04,0,0,3,0
2024-10-01,Store-Central-02,SKU-APPAREL-03,74,102.04,0,0,3,0
2024-10-02,Store-Central-02,SKU-APPAREL-03,61,102.04,0,0,3,0
2024-10-03,Store-Central-02,SKU-APPAREL-03,0,102.04,0,0,3,1
2024-10-04,Store-Central-02,SKU-APPAREL-03,65,102.04,0,0,3,0
2024-10-05,Store-Central-02,SKU-APPAREL-03,159,86.73,1,1,3,0
2024-10-06,Store-Central-02,SKU-APPAREL-03,74,102.04,0,1,3,0
2024-10-07,Store-Central-02,SKU-APPAREL-03,69,102.04,0,0,3,0
2024-10-08,Store-Central-02,SKU-APPAREL-03,71,102.04,0,0,3,0
2024-10-09,Store-Central-02,SKU-APPAREL-03,76,102.04,0,0,3,0
2024-10-10,Store-Central-02,SKU-APPAREL-03,72,102.04,0,0,3,0
2024-10-11,Store-Central-02,SKU-APPAREL-03,83,102.04,0,0,3,0
2024-10-12,Store-Central-02,SKU-APPAREL-03,74,102.04,0,1,3,0
2024-10-13,Store-Central-02,SKU-APPAREL-03,91,102.04,0,1,3,0
2024-10-14,Store-Central-02,SKU-APPAREL-03,72,102.04,0,0,3,0
2024-10-15,Store-Central-02,SKU-APPAREL-03,62,102.04,0,0,3,0
2024-10-16,Store-Central-02,SKU-APPAREL-03,56,102.04,0,0,3,0
2024-10-17,Store-Central-02,SKU-APPAREL-03,67,102.04,0,0,3,0
2024-10-18,Store-Central-02,SKU-APPAREL-03,51,102.04,0,0,3,0
2024-10-19,Store-Central-02,SKU-APPAREL-03,88,102.04,0,1,3,0
2024-10-20,Store-Central-02,SKU-APPAREL-03,89,102.04,0,1,3,0
2024-10-21,Store-Central-02,SKU-APPAREL-03,71,102.04,0,0,3,0
2024-10-22,Store-Central-02,SKU-APPAREL-03,57,102.04,0,0,3,0
2024-10-23,Store-Central-02,SKU-APPAREL-03,126,86.73,1,0,3,0
2024-10-24,Store-Central-02,SKU-APPAREL-03,74,102.04,0,0,3,0
2024-10-25,Store-Central-02,SKU-APPAREL-03,75,102.04,0,0,3,0
2024-10-26,Store-Central-02,SKU-APPAREL-03,98,102.04,0,1,3,0
2024-10-27,Store-Central-02,SKU-APPAREL-03,91,102.04,0,1,3,0
2024-10-28,Store-Central-02,SKU-APPAREL-03,57,102.04,0,0,3,0
2024-10-29,Store-Central-02,SKU-APPAREL-03,73,102.04,0,0,3,0
2024-10-30,Store-Central-02,SKU-APPAREL-03,71,102.04,0,0,3,0
2024-10-31,Store-Central-02,SKU-APPAREL-03,57,102.04,0,0,3,0
2024-11-01,Store-Central-02,SKU-APPAREL-03,73,102.04,0,0,3,0
2024-11-02,Store-Central-02,SKU-APPAREL-03,94,102.04,0,1,3,0
2024-11-03,Store-Central-02,SKU-APPAREL-03,100,102.04,0,1,3,0
2024-11-04,Store-Central-02,SKU-APPAREL-03,96,86.73,1,0,3,0
2024-11-05,Store-Central-02,SKU-APPAREL-03,57,102.04,0,0,3,0
2024-11-06,Store-Central-02,SKU-APPAREL-03,59,102.04,0,0,3,0
2024-11-07,Store-Central-02,SKU-APPAREL-03,55,102.04,0,0,3,0
2024-11-08,Store-Central-02,SKU-APPAREL-03,64,102.04,0,0,3,0
2024-11-09,Store-Central-02,SKU-APPAREL-03,101,102.04,0,1,3,0
2024-11-10,Store-Central-02,SKU-APPAREL-03,81,102.04,0,1,3,0
2024-11-11,Store-Central-02,SKU-APPAREL-03,52,102.04,0,0,3,0
2024-11-12,Store-Central-02,SKU-APPAREL-03,69,102.04,0,0,3,0
2024-11-13,Store-Central-02,SKU-APPAREL-03,61,102.04,0,0,3,0
2024-11-14,Store-Central-02,SKU-APPAREL-03,43,102.04,0,0,3,0
2024-11-15,Store-Central-02,SKU-APPAREL-03,62,102.04,0,0,3,0
2024-11-16,Store-Central-02,SKU-APPAREL-03,80,102.04,0,1,3,0
2024-11-17,Store-Central-02,SKU-APPAREL-03,84,102.04,0,1,3,0
2024-11-18,Store-Central-02,SKU-APPAREL-03,78,102.04,0,0,3,0
2024-11-19,Store-Central-02,SKU-APPAREL-03,55,102.04,0,0,3,0
2024-11-20,Store-Central-02,SKU-APPAREL-03,66,102.04,0,0,3,0
2024-11-21,Store-Central-02,SKU-APPAREL-03,116,86.73,1,0,3,0
2024-11-22,Store-Central-02,SKU-APPAREL-03,55,102.04,0,0,3,0
2024-11-23,Store-Central-02,SKU-APPAREL-03,96,102.04,0,1,3,0
2024-11-24,Store-Central-02,SKU-APPAREL-03,160,86.73,1,1,3,0
2024-11-25,Store-Central-02,SKU-APPAREL-03,57,102.04,0,0,3,0
2024-11-26,Store-Central-02,SKU-APPAREL-03,80,102.04,0,0,3,0
2024-11-27,Store-Central-02,SKU-APPAREL-03,57,102.04,0,0,3,0
2024-11-28,Store-Central-02,SKU-APPAREL-03,59,102.04,0,0,3,0
2024-11-29,Store-Central-02,SKU-APPAREL-03,58,102.04,0,0,3,0
2024-11-30,Store-Central-02,SKU-APPAREL-03,85,102.04,0,1,3,0
2024-12-01,Store-Central-02,SKU-APPAREL-03,94,102.04,0,1,3,0
2024-12-02,Store-Central-02,SKU-APPAREL-03,60,102.04,0,0,3,0
2024-12-03,Store-Central-02,SKU-APPAREL-03,118,86.73,1,0,3,0
2024-12-04,Store-Central-02,SKU-APPAREL-03,56,102.04,0,0,3,0
2024-12-05,Store-Central-02,SKU-APPAREL-03,63,102.04,0,0,3,0
2024-12-06,Store-Central-02,SKU-APPAREL-03,80,102.04,0,0,3,0
2024-12-07,Store-Central-02,SKU-APPAREL-03,78,102.04,0,1,3,0
2024-12-08,Store-Central-02,SKU-APPAREL-03,135,86.73,1,1,3,0
2024-12-09,Store-Central-02,SKU-APPAREL-03,68,102.04,0,0,3,0
2024-12-10,Store-Central-02,SKU-APPAREL-03,69,102.04,0,0,3,0
2024-12-11,Store-Central-02,SKU-APPAREL-03,62,102.04,0,0,3,0
2024-12-12,Store-Central-02,SKU-APPAREL-03,73,102.04,0,0,3,0
2024-12-13,Store-Central-02,SKU-APPAREL-03,139,86.73,1,0,3,0
2024-12-14,Store-Central-02,SKU-APPAREL-03,99,102.04,0,1,3,0
2024-12-15,Store-Central-02,SKU-APPAREL-03,89,102.04,0,1,3,0
2024-12-16,Store-Central-02,SKU-APPAREL-03,76,102.04,0,0,3,0
2024-12-17,Store-Central-02,SKU-APPAREL-03,63,102.04,0,0,3,0
2024-12-18,Store-Central-02,SKU-APPAREL-03,86,102.04,0,0,3,0
2024-12-19,Store-Central-02,SKU-APPAREL-03,67,102.04,0,0,3,0
2024-12-20,Store-Central-02,SKU-APPAREL-03,59,102.04,0,0,3,0
2024-12-21,Store-Central-02,SKU-APPAREL-03,0,102.04,0,1,3,1
2024-12-22,Store-Central-02,SKU-APPAREL-03,102,102.04,0,1,3,0
2024-12-23,Store-Central-02,SKU-APPAREL-03,69,102.04,0,0,3,0
2024-12-24,Store-Central-02,SKU-APPAREL-03,78,102.04,0,0,3,0
2024-12-25,Store-Central-02,SKU-APPAREL-03,76,102.04,0,0,3,0
2024-12-26,Store-Central-02,SKU-APPAREL-03,77,102.04,0,0,3,0
2024-12-27,Store-Central-02,SKU-APPAREL-03,145,86.73,1,0,3,0
2024-12-28,Store-Central-02,SKU-APPAREL-03,98,102.04,0,1,3,0
2024-12-29,Store-Central-02,SKU-APPAREL-03,108,102.04,0,1,3,0
2024-12-30,Store-Central-02,SKU-APPAREL-03,82,102.04,0,0,3,0
2024-12-31,Store-Central-02,SKU-APPAREL-03,91,102.04,0,0,3,0
2025-01-01,Store-Central-02,SKU-APPAREL-03,74,102.04,0,0,3,0
2025-01-02,Store-Central-02,SKU-APPAREL-03,89,102.04,0,0,3,0
2025-01-03,Store-Central-02,SKU-APPAREL-03,88,102.04,0,0,3,0
2025-01-04,Store-Central-02,SKU-APPAREL-03,101,102.04,0,1,3,0
2025-01-05,Store-Central-02,SKU-APPAREL-03,0,102.04,0,1,3,1
2025-01-06,Store-Central-02,SKU-APPAREL-03,82,102.04,0,0,3,0
2025-01-07,Store-Central-02,SKU-APPAREL-03,72,102.04,0,0,3,0
2025-01-08,Store-Central-02,SKU-APPAREL-03,145,86.73,1,0,3,0
2025-01-09,Store-Central-02,SKU-APPAREL-03,74,102.04,0,0,3,0
2025-01-10,Store-Central-02,SKU-APPAREL-03,86,102.04,0,0,3,0
2025-01-11,Store-Central-02,SKU-APPAREL-03,116,102.04,0,1,3,0
2025-01-12,Store-Central-02,SKU-APPAREL-03,118,102.04,0,1,3,0
2025-01-13,Store-Central-02,SKU-APPAREL-03,82,102.04,0,0,3,0
2025-01-14,Store-Central-02,SKU-APPAREL-03,138,86.73,1,0,3,0
2025-01-15,Store-Central-02,SKU-APPAREL-03,95,102.04,0,0,3,0
2025-01-16,Store-Central-02,SKU-APPAREL-03,0,102.04,0,0,3,1
2025-01-17,Store-Central-02,SKU-APPAREL-03,143,86.73,1,0,3,0
2025-01-18,Store-Central-02,SKU-APPAREL-03,125,102.04,0,1,3,0
2025-01-19,Store-Central-02,SKU-APPAREL-03,201,86.73,1,1,3,0
2025-01-20,Store-Central-02,SKU-APPAREL-03,81,102.04,0,0,3,0
2025-01-21,Store-Central-02,SKU-APPAREL-03,91,102.04,0,0,3,0
2025-01-22,Store-Central-02,SKU-APPAREL-03,75,102.04,0,0,3,0
2025-01-23,Store-Central-02,SKU-APPAREL-03,92,102.04,0,0,3,0
2025-01-24,Store-Central-02,SKU-APPAREL-03,105,102.04,0,0,3,0
2025-01-25,Store-Central-02,SKU-APPAREL-03,124,102.04,0,1,3,0
2025-01-26,Store-Central-02,SKU-APPAREL-03,135,102.04,0,1,3,0
2025-01-27,Store-Central-02,SKU-APPAREL-03,81,102.04,0,0,3,0
2025-01-28,Store-Central-02,SKU-APPAREL-03,105,102.04,0,0,3,0
2025-01-29,Store-Central-02,SKU-APPAREL-03,96,102.04,0,0,3,0
2025-01-30,Store-Central-02,SKU-APPAREL-03,103,102.04,0,0,3,0
2025-01-31,Store-Central-02,SKU-APPAREL-03,0,102.04,0,0,3,1
2025-02-01,Store-Central-02,SKU-APPAREL-03,206,86.73,1,1,3,0
2025-02-02,Store-Central-02,SKU-APPAREL-03,232,86.73,1,1,3,0
2025-02-03,Store-Central-02,SKU-APPAREL-03,113,102.04,0,0,3,0
2025-02-04,Store-Central-02,SKU-APPAREL-03,96,102.04,0,0,3,0
2025-02-05,Store-Central-02,SKU-APPAREL-03,92,102.04,0,0,3,0
2025-02-06,Store-Central-02,SKU-APPAREL-03,179,86.73,1,0,3,0
2025-02-07,Store-Central-02,SKU-APPAREL-03,118,102.04,0,0,3,0
2025-02-08,Store-Central-02,SKU-APPAREL-03,133,102.04,0,1,3,0
2025-02-09,Store-Central-02,SKU-APPAREL-03,127,102.04,0,1,3,0
2025-02-10,Store-Central-02,SKU-APPAREL-03,112,102.04,0,0,3,0
2025-02-11,Store-Central-02,SKU-APPAREL-03,107,102.04,0,0,3,0
2025-02-12,Store-Central-02,SKU-APPAREL-03,185,86.73,1,0,3,0
2025-02-13,Store-Central-02,SKU-APPAREL-03,97,102.04,0,0,3,0
2025-02-14,Store-Central-02,SKU-APPAREL-03,154,86.73,1,0,3,0
2025-02-15,Store-Central-02,SKU-APPAREL-03,118,102.04,0,1,3,0
2025-02-16,Store-Central-02,SKU-APPAREL-03,129,102.04,0,1,3,0
2025-02-17,Store-Central-02,SKU-APPAREL-03,98,102.04,0,0,3,0
2025-02-18,Store-Central-02,SKU-APPAREL-03,197,86.73,1,0,3,0
2025-02-19,Store-Central-02,SKU-APPAREL-03,97,102.04,0,0,3,0
2025-02-20,Store-Central-02,SKU-APPAREL-03,107,102.04,0,0,3,0
2025-02-21,Store-Central-02,SKU-APPAREL-03,0,102.04,0,0,3,1
2025-02-22,Store-Central-02,SKU-APPAREL-03,145,102.04,0,1,3,0
2025-02-23,Store-Central-02,SKU-APPAREL-03,142,102.04,0,1,3,0
2025-02-24,Store-Central-02,SKU-APPAREL-03,88,102.04,0,0,3,0
2025-02-25,Store-Central-02,SKU-APPAREL-03,115,102.04,0,0,3,0
2025-02-26,Store-Central-02,SKU-APPAREL-03,91,102.04,0,0,3,0
2025-02-27,Store-Central-02,SKU-APPAREL-03,96,102.04,0,0,3,0
2025-02-28,Store-Central-02,SKU-APPAREL-03,103,102.04,0,0,3,0
2025-03-01,Store-Central-02,SKU-APPAREL-03,162,102.04,0,1,3,0
2025-03-02,Store-Central-02,SKU-APPAREL-03,278,86.73,1,1,3,0
2025-03-03,Store-Central-02,SKU-APPAREL-03,91,102.04,0,0,3,0
2025-03-04,Store-Central-02,SKU-APPAREL-03,115,102.04,0,0,3,0
2025-03-05,Store-Central-02,SKU-APPAREL-03,105,102.04,0,0,3,0
2025-03-06,Store-Central-02,SKU-APPAREL-03,184,86.73,1,0,3,0
2025-03-07,Store-Central-02,SKU-APPAREL-03,124,102.04,0,0,3,0
2025-03-08,Store-Central-02,SKU-APPAREL-03,160,102.04,0,1,3,0
2025-03-09,Store-Central-02,SKU-APPAREL-03,134,102.04,0,1,3,0
2025-03-10,Store-Central-02,SKU-APPAREL-03,114,102.04,0,0,3,0
2025-03-11,Store-Central-02,SKU-APPAREL-03,138,102.04,0,0,3,0
2025-03-12,Store-Central-02,SKU-APPAREL-03,95,102.04,0,0,3,0
2025-03-13,Store-Central-02,SKU-APPAREL-03,100,102.04,0,0,3,0
2025-03-14,Store-Central-02,SKU-APPAREL-03,112,102.04,0,0,3,0
2025-03-15,Store-Central-02,SKU-APPAREL-03,150,102.04,0,1,3,0
2025-03-16,Store-Central-02,SKU-APPAREL-03,111,102.04,0,1,3,0
2025-03-17,Store-Central-02,SKU-APPAREL-03,113,102.04,0,0,3,0
2025-03-18,Store-Central-02,SKU-APPAREL-03,111,102.04,0,0,3,0
2025-03-19,Store-Central-02,SKU-APPAREL-03,138,102.04,0,0,3,0
2025-03-20,Store-Central-02,SKU-APPAREL-03,102,102.04,0,0,3,0
2025-03-21,Store-Central-02,SKU-APPAREL-03,114,102.04,0,0,3,0
2025-03-22,Store-Central-02,SKU-APPAREL-03,135,102.04,0,1,3,0
2025-03-23,Store-Central-02,SKU-APPAREL-03,144,102.04,0,1,3,0
2025-03-24,Store-Central-02,SKU-APPAREL-03,109,102.04,0,0,3,0
2025-03-25,Store-Central-02,SKU-APPAREL-03,142,102.04,0,0,3,0
2025-03-26,Store-Central-02,SKU-APPAREL-03,112,102.04,0,0,3,0
2025-03-27,Store-Central-02,SKU-APPAREL-03,98,102.04,0,0,3,0
2025-03-28,Store-Central-02,SKU-APPAREL-03,187,86.73,1,0,3,0
2025-03-29,Store-Central-02,SKU-APPAREL-03,161,102.04,0,1,3,0
2025-03-30,Store-Central-02,SKU-APPAREL-03,0,102.04,0,1,3,1
2025-03-31,Store-Central-02,SKU-APPAREL-03,0,102.04,0,0,3,1
2025-04-01,Store-Central-02,SKU-APPAREL-03,105,102.04,0,0,3,0
2025-04-02,Store-Central-02,SKU-APPAREL-03,111,102.04,0,0,3,0
2025-04-03,Store-Central-02,SKU-APPAREL-03,114,102.04,0,0,3,0
2025-04-04,Store-Central-02,SKU-APPAREL-03,104,102.04,0,0,3,0
2025-04-05,Store-Central-02,SKU-APPAREL-03,179,102.04,0,1,3,0
2025-04-06,Store-Central-02,SKU-APPAREL-03,173,102.04,0,1,3,0
2025-04-07,Store-Central-02,SKU-APPAREL-03,128,102.04,0,0,3,0
2025-04-08,Store-Central-02,SKU-APPAREL-03,114,102.04,0,0,3,0
2025-04-09,Store-Central-02,SKU-APPAREL-03,124,102.04,0,0,3,0
2025-04-10,Store-Central-02,SKU-APPAREL-03,102,102.04,0,0,3,0
2025-04-11,Store-Central-02,SKU-APPAREL-03,107,102.04,0,0,3,0
2025-04-12,Store-Central-02,SKU-APPAREL-03,143,102.04,0,1,3,0
2025-04-13,Store-Central-02,SKU-APPAREL-03,174,102.04,0,1,3,0
2025-04-14,Store-Central-02,SKU-APPAREL-03,113,102.04,0,0,3,0
2025-04-15,Store-Central-02,SKU-APPAREL-03,115,102.04,0,0,3,0
2025-04-16,Store-Central-02,SKU-APPAREL-03,128,102.04,0,0,3,0
2025-04-17,Store-Central-02,SKU-APPAREL-03,104,102.04,0,0,3,0
2025-04-18,Store-Central-02,SKU-APPAREL-03,109,102.04,0,0,3,0
2025-04-19,Store-Central-02,SKU-APPAREL-03,171,102.04,0,1,3,0
2025-04-20,Store-Central-02,SKU-APPAREL-03,145,102.04,0,1,3,0
2025-04-21,Store-Central-02,SKU-APPAREL-03,116,102.04,0,0,3,0
2025-04-22,Store-Central-02,SKU-APPAREL-03,108,102.04,0,0,3,0
2025-04-23,Store-Central-02,SKU-APPAREL-03,112,102.04,0,0,3,0
2025-04-24,Store-Central-02,SKU-APPAREL-03,106,102.04,0,0,3,0
2025-04-25,Store-Central-02,SKU-APPAREL-03,138,102.04,0,0,3,0
2025-04-26,Store-Central-02,SKU-APPAREL-03,159,102.04,0,1,3,0
2025-04-27,Store-Central-02,SKU-APPAREL-03,142,102.04,0,1,3,0
2025-04-28,Store-Central-02,SKU-APPAREL-03,100,102.04,0,0,3,0
2025-04-29,Store-Central-02,SKU-APPAREL-03,135,102.04,0,0,3,0
2025-04-30,Store-Central-02,SKU-APPAREL-03,121,102.04,0,0,3,0
2025-05-01,Store-Central-02,SKU-APPAREL-03,0,102.04,0,0,3,1
2025-05-02,Store-Central-02,SKU-APPAREL-03,112,102.04,0,0,3,0
2025-05-03,Store-Central-02,SKU-APPAREL-03,160,102.04,0,1,3,0
2025-05-04,Store-Central-02,SKU-APPAREL-03,151,102.04,0,1,3,0
2025-05-05,Store-Central-02,SKU-APPAREL-03,126,102.04,0,0,3,0
2025-05-06,Store-Central-02,SKU-APPAREL-03,227,86.73,1,0,3,0
2025-05-07,Store-Central-02,SKU-APPAREL-03,211,86.73,1,0,3,0
2025-05-08,Store-Central-02,SKU-APPAREL-03,127,102.04,0,0,3,0
2025-05-09,Store-Central-02,SKU-APPAREL-03,120,102.04,0,0,3,0
2025-05-10,Store-Central-02,SKU-APPAREL-03,155,102.04,0,1,3,0
2025-05-11,Store-Central-02,SKU-APPAREL-03,163,102.04,0,1,3,0
2025-05-12,Store-Central-02,SKU-APPAREL-03,105,102.04,0,0,3,0
2025-05-13,Store-Central-02,SKU-APPAREL-03,127,102.04,0,0,3,0
2025-05-14,Store-Central-02,SKU-APPAREL-03,134,102.04,0,0,3,0
2025-05-15,Store-Central-02,SKU-APPAREL-03,213,86.73,1,0,3,0
2025-05-16,Store-Central-02,SKU-APPAREL-03,125,102.04,0,0,3,0
2025-05-17,Store-Central-02,SKU-APPAREL-03,144,102.04,0,1,3,0
2025-05-18,Store-Central-02,SKU-APPAREL-03,158,102.04,0,1,3,0
2025-05-19,Store-Central-02,SKU-APPAREL-03,99,102.04,0,0,3,0
2025-05-20,Store-Central-02,SKU-APPAREL-03,130,102.04,0,0,3,0
2025-05-21,Store-Central-02,SKU-APPAREL-03,121,102.04,0,0,3,0
2025-05-22,Store-Central-02,SKU-APPAREL-03,100,102.04,0,0,3,0
2025-05-23,Store-Central-02,SKU-APPAREL-03,123,102.04,0,0,3,0
2025-05-24,Store-Central-02,SKU-APPAREL-03,280,86.73,1,1,3,0
2025-05-25,Store-Central-02,SKU-APPAREL-03,321,86.73,1,1,3,0
2025-05-26,Store-Central-02,SKU-APPAREL-03,213,86.73,1,0,3,0
2025-05-27,Store-Central-02,SKU-APPAREL-03,139,102.04,0,0,3,0
2025-05-28,Store-Central-02,SKU-APPAREL-03,101,102.04,0,0,3,0
2025-05-29,Store-Central-02,SKU-APPAREL-03,125,102.04,0,0,3,0
2025-05-30,Store-Central-02,SKU-APPAREL-03,101,102.04,0,0,3,0
2025-05-31,Store-Central-02,SKU-APPAREL-03,143,102.04,0,1,3,0
2025-06-01,Store-Central-02,SKU-APPAREL-03,142,102.04,0,1,3,0
2025-06-02,Store-Central-02,SKU-APPAREL-03,117,102.04,0,0,3,0
2025-06-03,Store-Central-02,SKU-APPAREL-03,132,102.04,0,0,3,0
2025-06-04,Store-Central-02,SKU-APPAREL-03,131,102.04,0,0,3,0
2025-06-05,Store-Central-02,SKU-APPAREL-03,129,102.04,0,0,3,0
2025-06-06,Store-Central-02,SKU-APPAREL-03,109,102.04,0,0,3,0
2025-06-07,Store-Central-02,SKU-APPAREL-03,153,102.04,0,1,3,0
2025-06-08,Store-Central-02,SKU-APPAREL-03,159,102.04,0,1,3,0
2025-06-09,Store-Central-02,SKU-APPAREL-03,105,102.04,0,0,3,0
2025-06-10,Store-Central-02,SKU-APPAREL-03,103,102.04,0,0,3,0
2025-06-11,Store-Central-02,SKU-APPAREL-03,119,102.04,0,0,3,0
2025-06-12,Store-Central-02,SKU-APPAREL-03,107,102.04,0,0,3,0
2025-06-13,Store-Central-02,SKU-APPAREL-03,202,86.73,1,0,3,0
2025-06-14,Store-Central-02,SKU-APPAREL-03,151,102.04,0,1,3,0
2025-06-15,Store-Central-02,SKU-APPAREL-03,139,102.04,0,1,3,0
2025-06-16,Store-Central-02,SKU-APPAREL-03,116,102.04,0,0,3,0
2025-06-17,Store-Central-02,SKU-APPAREL-03,101,102.04,0,0,3,0
2025-06-18,Store-Central-02,SKU-APPAREL-03,193,86.73,1,0,3,0
2025-06-19,Store-Central-02,SKU-APPAREL-03,115,102.04,0,0,3,0
2025-06-20,Store-Central-02,SKU-APPAREL-03,96,102.04,0,0,3,0
2025-06-21,Store-Central-02,SKU-APPAREL-03,134,102.04,0,1,3,0
2025-06-22,Store-Central-02,SKU-APPAREL-03,162,102.04,0,1,3,0
2025-06-23,Store-Central-02,SKU-APPAREL-03,112,102.04,0,0,3,0
2025-06-24,Store-Central-02,SKU-APPAREL-03,116,102.04,0,0,3,0
2025-06-25,Store-Central-02,SKU-APPAREL-03,97,102.04,0,0,3,0
2025-06-26,Store-Central-02,SKU-APPAREL-03,120,102.04,0,0,3,0
2025-06-27,Store-Central-02,SKU-APPAREL-03,113,102.04,0,0,3,0
2025-06-28,Store-Central-02,SKU-APPAREL-03,132,102.04,0,1,3,0
2025-06-29,Store-Central-02,SKU-APPAREL-03,136,102.04,0,1,3,0
2025-06-30,Store-Central-02,SKU-APPAREL-03,101,102.04,0,0,3,0
2025-07-01,Store-Central-02,SKU-APPAREL-03,120,102.04,0,0,3,0
2025-07-02,Store-Central-02,SKU-APPAREL-03,98,102.04,0,0,3,0
2025-07-03,Store-Central-02,SKU-APPAREL-03,93,102.04,0,0,3,0
2025-07-04,Store-Central-02,SKU-APPAREL-03,95,102.04,0,0,3,0
2025-07-05,Store-Central-02,SKU-APPAREL-03,247,86.73,1,1,3,0
2025-07-06,Store-Central-02,SKU-APPAREL-03,146,102.04,0,1,3,0
2025-07-07,Store-Central-02,SKU-APPAREL-03,100,102.04,0,0,3,0
2025-07-08,Store-Central-02,SKU-APPAREL-03,91,102.04,0,0,3,0
2025-07-09,Store-Central-02,SKU-APPAREL-03,202,86.73,1,0,3,0
2025-07-10,Store-Central-02,SKU-APPAREL-03,114,102.04,0,0,3,0
2025-07-11,Store-Central-02,SKU-APPAREL-03,106,102.04,0,0,3,0
2025-07-12,Store-Central-02,SKU-APPAREL-03,136,102.04,0,1,3,0
2025-07-13,Store-Central-02,SKU-APPAREL-03,128,102.04,0,1,3,0
2025-07-14,Store-Central-02,SKU-APPAREL-03,186,86.73,1,0,3,0
2025-07-15,Store-Central-02,SKU-APPAREL-03,150,86.73,1,0,3,0
2025-07-16,Store-Central-02,SKU-APPAREL-03,103,102.04,0,0,3,0
2025-07-17,Store-Central-02,SKU-APPAREL-03,102,102.04,0,0,3,0
2025-07-18,Store-Central-02,SKU-APPAREL-03,99,102.04,0,0,3,0
2025-07-19,Store-Central-02,SKU-APPAREL-03,118,102.04,0,1,3,0
2025-07-20,Store-Central-02,SKU-APPAREL-03,135,102.04,0,1,3,0
2025-07-21,Store-Central-02,SKU-APPAREL-03,90,102.04,0,0,3,0
2025-07-22,Store-Central-02,SKU-APPAREL-03,98,102.04,0,0,3,0
2025-07-23,Store-Central-02,SKU-APPAREL-03,97,102.04,0,0,3,0
2025-07-24,Store-Central-02,SKU-APPAREL-03,85,102.04,0,0,3,0
2025-07-25,Store-Central-02,SKU-APPAREL-03,179,86.73,1,0,3,0
2025-07-26,Store-Central-02,SKU-APPAREL-03,146,102.04,0,1,3,0
2025-07-27,Store-Central-02,SKU-APPAREL-03,132,102.04,0,1,3,0
2025-07-28,Store-Central-02,SKU-APPAREL-03,85,102.04,0,0,3,0
2025-07-29,Store-Central-02,SKU-APPAREL-03,93,102.04,0,0,3,0
2025-07-30,Store-Central-02,SKU-APPAREL-03,91,102.04,0,0,3,0
2025-07-31,Store-Central-02,SKU-APPAREL-03,95,102.04,0,0,3,0
2025-08-01,Store-Central-02,SKU-APPAREL-03,86,102.04,0,0,3,0
2025-08-02,Store-Central-02,SKU-APPAREL-03,0,102.04,0,1,3,1
2025-08-03,Store-Central-02,SKU-APPAREL-03,116,102.04,0,1,3,0
2025-08-04,Store-Central-02,SKU-APPAREL-03,176,86.73,1,0,3,0
2025-08-05,Store-Central-02,SKU-APPAREL-03,87,102.04,0,0,3,0
2025-08-06,Store-Central-02,SKU-APPAREL-03,150,86.73,1,0,3,0
2025-08-07,Store-Central-02,SKU-APPAREL-03,78,102.04,0,0,3,0
2025-08-08,Store-Central-02,SKU-APPAREL-03,165,86.73,1,0,3,0
2025-08-09,Store-Central-02,SKU-APPAREL-03,127,102.04,0,1,3,0
2025-08-10,Store-Central-02,SKU-APPAREL-03,125,102.04,0,1,3,0
2025-08-11,Store-Central-02,SKU-APPAREL-03,145,86.73,1,0,3,0
2025-08-12,Store-Central-02,SKU-APPAREL-03,0,102.04,0,0,3,1
2025-08-13,Store-Central-02,SKU-APPAREL-03,99,102.04,0,0,3,0
2025-08-14,Store-Central-02,SKU-APPAREL-03,157,86.73,1,0,3,0
2025-08-15,Store-Central-02,SKU-APPAREL-03,80,102.04,0,0,3,0
2025-08-16,Store-Central-02,SKU-APPAREL-03,132,102.04,0,1,3,0
2025-08-17,Store-Central-02,SKU-APPAREL-03,128,102.04,0,1,3,0
2025-08-18,Store-Central-02,SKU-APPAREL-03,83,102.04,0,0,3,0
2025-08-19,Store-Central-02,SKU-APPAREL-03,78,102.04,0,0,3,0
2025-08-20,Store-Central-02,SKU-APPAREL-03,89,102.04,0,0,3,0
2025-08-21,Store-Central-02,SKU-APPAREL-03,82,102.04,0,0,3,0
2025-08-22,Store-Central-02,SKU-APPAREL-03,74,102.04,0,0,3,0
2025-08-23,Store-Central-02,SKU-APPAREL-03,102,102.04,0,1,3,0
2025-08-24,Store-Central-02,SKU-APPAREL-03,104,102.04,0,1,3,0
2025-08-25,Store-Central-02,SKU-APPAREL-03,149,86.73,1,0,3,0
2025-08-26,Store-Central-02,SKU-APPAREL-03,72,102.04,0,0,3,0
2025-08-27,Store-Central-02,SKU-APPAREL-03,82,102.04,0,0,3,0
2025-08-28,Store-Central-02,SKU-APPAREL-03,153,86.73,1,0,3,0
2025-08-29,Store-Central-02,SKU-APPAREL-03,80,102.04,0,0,3,0
2025-08-30,Store-Central-02,SKU-APPAREL-03,0,102.04,0,1,3,1
2025-08-31,Store-Central-02,SKU-APPAREL-03,194,86.73,1,1,3,0
2025-09-01,Store-Central-02,SKU-APPAREL-03,76,102.04,0,0,3,0
2025-09-02,Store-Central-02,SKU-APPAREL-03,74,102.04,0,0,3,0
2025-09-03,Store-Central-02,SKU-APPAREL-03,129,86.73,1,0,3,0
2025-09-04,Store-Central-02,SKU-APPAREL-03,141,86.73,1,0,3,0
2025-09-05,Store-Central-02,SKU-APPAREL-03,66,102.04,0,0,3,0
2025-09-06,Store-Central-02,SKU-APPAREL-03,110,102.04,0,1,3,0
2025-09-07,Store-Central-02,SKU-APPAREL-03,119,102.04,0,1,3,0
2025-09-08,Store-Central-02,SKU-APPAREL-03,85,102.04,0,0,3,0
2025-09-09,Store-Central-02,SKU-APPAREL-03,77,102.04,0,0,3,0
2025-09-10,Store-Central-02,SKU-APPAREL-03,122,86.73,1,0,3,0
2025-09-11,Store-Central-02,SKU-APPAREL-03,87,102.04,0,0,3,0
2025-09-12,Store-Central-02,SKU-APPAREL-03,70,102.04,0,0,3,0
2025-09-13,Store-Central-02,SKU-APPAREL-03,108,102.04,0,1,3,0
2025-09-14,Store-Central-02,SKU-APPAREL-03,121,102.04,0,1,3,0
2025-09-15,Store-Central-02,SKU-APPAREL-03,79,102.04,0,0,3,0
2025-09-16,Store-Central-02,SKU-APPAREL-03,50,102.04,0,0,3,0
2025-09-17,Store-Central-02,SKU-APPAREL-03,0,102.04,0,0,3,1
2025-09-18,Store-Central-02,SKU-APPAREL-03,73,102.04,0,0,3,0
2025-09-19,Store-Central-02,SKU-APPAREL-03,70,102.04,0,0,3,0
2025-09-20,Store-Central-02,SKU-APPAREL-03,116,102.04,0,1,3,0
2025-09-21,Store-Central-02,SKU-APPAREL-03,95,102.04,0,1,3,0
2025-09-22,Store-Central-02,SKU-APPAREL-03,68,102.04,0,0,3,0
2025-09-23,Store-Central-02,SKU-APPAREL-03,58,102.04,0,0,3,0
2025-09-24,Store-Central-02,SKU-APPAREL-03,77,102.04,0,0,3,0
2025-09-25,Store-Central-02,SKU-APPAREL-03,59,102.04,0,0,3,0
2025-09-26,Store-Central-02,SKU-APPAREL-03,82,102.04,0,0,3,0
2025-09-27,Store-Central-02,SKU-APPAREL-03,95,102.04,0,1,3,0
2025-09-28,Store-Central-02,SKU-APPAREL-03,85,102.04,0,1,3,0
2025-09-29,Store-Central-02,SKU-APPAREL-03,107,86.73,1,0,3,0
2025-09-30,Store-Central-02,SKU-APPAREL-03,51,102.04,0,0,3,0
2025-10-01,Store-Central-02,SKU-APPAREL-03,61,102.04,0,0,3,0
2025-10-02,Store-Central-02,SKU-APPAREL-03,57,102.04,0,0,3,0
2025-10-03,Store-Central-02,SKU-APPAREL-03,65,102.04,0,0,3,0
2025-10-04,Store-Central-02,SKU-APPAREL-03,93,102.04,0,1,3,0
2025-10-05,Store-Central-02,SKU-APPAREL-03,168,86.73,1,1,3,0
2025-10-06,Store-Central-02,SKU-APPAREL-03,53,102.04,0,0,3,0
2025-10-07,Store-Central-02,SKU-APPAREL-03,64,102.04,0,0,3,0
2025-10-08,Store-Central-02,SKU-APPAREL-03,67,102.04,0,0,3,0
2025-10-09,Store-Central-02,SKU-APPAREL-03,65,102.04,0,0,3,0
2025-10-10,Store-Central-02,SKU-APPAREL-03,77,102.04,0,0,3,0
2025-10-11,Store-Central-02,SKU-APPAREL-03,98,102.04,0,1,3,0
2025-10-12,Store-Central-02,SKU-APPAREL-03,87,102.04,0,1,3,0
2025-10-13,Store-Central-02,SKU-APPAREL-03,126,86.73,1,0,3,0
2025-10-14,Store-Central-02,SKU-APPAREL-03,64,102.04,0,0,3,0
2025-10-15,Store-Central-02,SKU-APPAREL-03,60,102.04,0,0,3,0
2025-10-16,Store-Central-02,SKU-APPAREL-03,69,102.04,0,0,3,0
2025-10-17,Store-Central-02,SKU-APPAREL-03,65,102.04,0,0,3,0
2025-10-18,Store-Central-02,SKU-APPAREL-03,88,102.04,0,1,3,0
2025-10-19,Store-Central-02,SKU-APPAREL-03,88,102.04,0,1,3,0
2025-10-20,Store-Central-02,SKU-APPAREL-03,63,102.04,0,0,3,0
2025-10-21,Store-Central-02,SKU-APPAREL-03,58,102.04,0,0,3,0
2025-10-22,Store-Central-02,SKU-APPAREL-03,151,86.73,1,0,3,0
2025-10-23,Store-Central-02,SKU-APPAREL-03,61,102.04,0,0,3,0
2025-10-24,Store-Central-02,SKU-APPAREL-03,70,102.04,0,0,3,0
2025-10-25,Store-Central-02,SKU-APPAREL-03,92,102.04,0,1,3,0
2025-10-26,Store-Central-02,SKU-APPAREL-03,85,102.04,0,1,3,0
2025-10-27,Store-Central-02,SKU-APPAREL-03,77,102.04,0,0,3,0
2025-10-28,Store-Central-02,SKU-APPAREL-03,119,86.73,1,0,3,0
2025-10-29,Store-Central-02,SKU-APPAREL-03,80,102.04,0,0,3,0
2025-10-30,Store-Central-02,SKU-APPAREL-03,52,102.04,0,0,3,0
2025-10-31,Store-Central-02,SKU-APPAREL-03,72,102.04,0,0,3,0
2025-11-01,Store-Central-02,SKU-APPAREL-03,104,102.04,0,1,3,0
2025-11-02,Store-Central-02,SKU-APPAREL-03,95,102.04,0,1,3,0
2025-11-03,Store-Central-02,SKU-APPAREL-03,62,102.04,0,0,3,0
2025-11-04,Store-Central-02,SKU-APPAREL-03,75,102.04,0,0,3,0
2025-11-05,Store-Central-02,SKU-APPAREL-03,55,102.04,0,0,3,0
2025-11-06,Store-Central-02,SKU-APPAREL-03,63,102.04,0,0,3,0
2025-11-07,Store-Central-02,SKU-APPAREL-03,70,102.04,0,0,3,0
2025-11-08,Store-Central-02,SKU-APPAREL-03,157,86.73,1,1,3,0
2025-11-09,Store-Central-02,SKU-APPAREL-03,84,102.04,0,1,3,0
2025-11-10,Store-Central-02,SKU-APPAREL-03,53,102.04,0,0,3,0
2025-11-11,Store-Central-02,SKU-APPAREL-03,0,102.04,0,0,3,1
2025-11-12,Store-Central-02,SKU-APPAREL-03,69,102.04,0,0,3,0
2025-11-13,Store-Central-02,SKU-APPAREL-03,66,102.04,0,0,3,0
2025-11-14,Store-Central-02,SKU-APPAREL-03,59,102.04,0,0,3,0
2025-11-15,Store-Central-02,SKU-APPAREL-03,84,102.04,0,1,3,0
2025-11-16,Store-Central-02,SKU-APPAREL-03,65,102.04,0,1,3,0
2025-11-17,Store-Central-02,SKU-APPAREL-03,68,102.04,0,0,3,0
2025-11-18,Store-Central-02,SKU-APPAREL-03,60,102.04,0,0,3,0
2025-11-19,Store-Central-02,SKU-APPAREL-03,66,102.04,0,0,3,0
2025-11-20,Store-Central-02,SKU-APPAREL-03,107,86.73,1,0,3,0
2025-11-21,Store-Central-02,SKU-APPAREL-03,61,102.04,0,0,3,0
2025-11-22,Store-Central-02,SKU-APPAREL-03,99,102.04,0,1,3,0
2025-11-23,Store-Central-02,SKU-APPAREL-03,106,102.04,0,1,3,0
2025-11-24,Store-Central-02,SKU-APPAREL-03,57,102.04,0,0,3,0
2025-11-25,Store-Central-02,SKU-APPAREL-03,59,102.04,0,0,3,0
2025-11-26,Store-Central-02,SKU-APPAREL-03,65,102.04,0,0,3,0
2025-11-27,Store-Central-02,SKU-APPAREL-03,120,86.73,1,0,3,0
2025-11-28,Store-Central-02,SKU-APPAREL-03,65,102.04,0,0,3,0
2025-11-29,Store-Central-02,SKU-APPAREL-03,84,102.04,0,1,3,0
2025-11-30,Store-Central-02,SKU-APPAREL-03,90,102.04,0,1,3,0
2025-12-01,Store-Central-02,SKU-APPAREL-03,72,102.04,0,0,3,0
2025-12-02,Store-Central-02,SKU-APPAREL-03,64,102.04,0,0,3,0
2025-12-03,Store-Central-02,SKU-APPAREL-03,139,86.73,1,0,3,0
2025-12-04,Store-Central-02,SKU-APPAREL-03,72,102.04,0,0,3,0
2025-12-05,Store-Central-02,SKU-APPAREL-03,59,102.04,0,0,3,0
2025-12-06,Store-Central-02,SKU-APPAREL-03,86,102.04,0,1,3,0
2025-12-07,Store-Central-02,SKU-APPAREL-03,94,102.04,0,1,3,0
2025-12-08,Store-Central-02,SKU-APPAREL-03,69,102.04,0,0,3,0
2025-12-09,Store-Central-02,SKU-APPAREL-03,67,102.04,0,0,3,0
2025-12-10,Store-Central-02,SKU-APPAREL-03,56,102.04,0,0,3,0
2025-12-11,Store-Central-02,SKU-APPAREL-03,69,102.04,0,0,3,0
2025-12-12,Store-Central-02,SKU-APPAREL-03,57,102.04,0,0,3,0
2025-12-13,Store-Central-02,SKU-APPAREL-03,100,102.04,0,1,3,0
2025-12-14,Store-Central-02,SKU-APPAREL-03,102,102.04,0,1,3,0
2025-12-15,Store-Central-02,SKU-APPAREL-03,65,102.04,0,0,3,0
2025-12-16,Store-Central-02,SKU-APPAREL-03,78,102.04,0,0,3,0
2025-12-17,Store-Central-02,SKU-APPAREL-03,74,102.04,0,0,3,0
2025-12-18,Store-Central-02,SKU-APPAREL-03,0,102.04,0,0,3,1
2025-12-19,Store-Central-02,SKU-APPAREL-03,87,102.04,0,0,3,0
2025-12-20,Store-Central-02,SKU-APPAREL-03,105,102.04,0,1,3,0
2025-12-21,Store-Central-02,SKU-APPAREL-03,95,102.04,0,1,3,0
2025-12-22,Store-Central-02,SKU-APPAREL-03,137,86.73,1,0,3,0
2025-12-23,Store-Central-02,SKU-APPAREL-03,73,102.04,0,0,3,0
2025-12-24,Store-Central-02,SKU-APPAREL-03,73,102.04,0,0,3,0
2025-12-25,Store-Central-02,SKU-APPAREL-03,59,102.04,0,0,3,0
2025-12-26,Store-Central-02,SKU-APPAREL-03,60,102.04,0,0,3,0
2025-12-27,Store-Central-02,SKU-APPAREL-03,113,102.04,0,1,3,0
2025-12-28,Store-Central-02,SKU-APPAREL-03,119,102.04,0,1,3,0
2025-12-29,Store-Central-02,SKU-APPAREL-03,75,102.04,0,0,3,0
2025-12-30,Store-Central-02,SKU-APPAREL-03,81,102.04,0,0,3,0
2025-12-31,Store-Central-02,SKU-APPAREL-03,84,102.04,0,0,3,0
2024-01-01,Store-Central-02,SKU-FMCG-04,78,26.9,1,0,6,0
2024-01-02,Store-Central-02,SKU-FMCG-04,33,31.65,0,0,6,0
2024-01-03,Store-Central-02,SKU-FMCG-04,41,31.65,0,0,6,0
2024-01-04,Store-Central-02,SKU-FMCG-04,38,31.65,0,0,6,0
2024-01-05,Store-Central-02,SKU-FMCG-04,43,31.65,0,0,6,0
2024-01-06,Store-Central-02,SKU-FMCG-04,61,31.65,0,1,6,0
2024-01-07,Store-Central-02,SKU-FMCG-04,71,31.65,0,1,6,0
2024-01-08,Store-Central-02,SKU-FMCG-04,0,31.65,0,0,6,1
2024-01-09,Store-Central-02,SKU-FMCG-04,68,26.9,1,0,6,0
2024-01-10,Store-Central-02,SKU-FMCG-04,0,31.65,0,0,6,1
2024-01-11,Store-Central-02,SKU-FMCG-04,40,31.65,0,0,6,0
2024-01-12,Store-Central-02,SKU-FMCG-04,33,31.65,0,0,6,0
2024-01-13,Store-Central-02,SKU-FMCG-04,53,31.65,0,1,6,0
2024-01-14,Store-Central-02,SKU-FMCG-04,54,31.65,0,1,6,0
2024-01-15,Store-Central-02,SKU-FMCG-04,42,31.65,0,0,6,0
2024-01-16,Store-Central-02,SKU-FMCG-04,88,26.9,1,0,6,0
2024-01-17,Store-Central-02,SKU-FMCG-04,74,26.9,1,0,6,0
2024-01-18,Store-Central-02,SKU-FMCG-04,40,31.65,0,0,6,0
2024-01-19,Store-Central-02,SKU-FMCG-04,85,26.9,1,0,6,0
2024-01-20,Store-Central-02,SKU-FMCG-04,64,31.65,0,1,6,0
2024-01-21,Store-Central-02,SKU-FMCG-04,48,31.65,0,1,6,0
2024-01-22,Store-Central-02,SKU-FMCG-04,45,31.65,0,0,6,0
2024-01-23,Store-Central-02,SKU-FMCG-04,48,31.65,0,0,6,0
2024-01-24,Store-Central-02,SKU-FMCG-04,54,31.65,0,0,6,0
2024-01-25,Store-Central-02,SKU-FMCG-04,59,31.65,0,0,6,0
2024-01-26,Store-Central-02,SKU-FMCG-04,43,31.65,0,0,6,0
2024-01-27,Store-Central-02,SKU-FMCG-04,55,31.65,0,1,6,0
2024-01-28,Store-Central-02,SKU-FMCG-04,0,31.65,0,1,6,1
2024-01-29,Store-Central-02,SKU-FMCG-04,46,31.65,0,0,6,0
2024-01-30,Store-Central-02,SKU-FMCG-04,38,31.65,0,0,6,0
2024-01-31,Store-Central-02,SKU-FMCG-04,39,31.65,0,0,6,0
2024-02-01,Store-Central-02,SKU-FMCG-04,52,31.65,0,0,6,0
2024-02-02,Store-Central-02,SKU-FMCG-04,49,31.65,0,0,6,0
2024-02-03,Store-Central-02,SKU-FMCG-04,67,31.65,0,1,6,0
2024-02-04,Store-Central-02,SKU-FMCG-04,66,31.65,0,1,6,0
2024-02-05,Store-Central-02,SKU-FMCG-04,34,31.65,0,0,6,0
2024-02-06,Store-Central-02,SKU-FMCG-04,32,31.65,0,0,6,0
2024-02-07,Store-Central-02,SKU-FMCG-04,49,31.65,0,0,6,0
2024-02-08,Store-Central-02,SKU-FMCG-04,46,31.65,0,0,6,0
2024-02-09,Store-Central-02,SKU-FMCG-04,0,31.65,0,0,6,1
2024-02-10,Store-Central-02,SKU-FMCG-04,53,31.65,0,1,6,0
2024-02-11,Store-Central-02,SKU-FMCG-04,59,31.65,0,1,6,0
2024-02-12,Store-Central-02,SKU-FMCG-04,44,31.65,0,0,6,0
2024-02-13,Store-Central-02,SKU-FMCG-04,50,31.65,0,0,6,0
2024-02-14,Store-Central-02,SKU-FMCG-04,45,31.65,0,0,6,0
2024-02-15,Store-Central-02,SKU-FMCG-04,50,31.65,0,0,6,0
2024-02-16,Store-Central-02,SKU-FMCG-04,81,26.9,1,0,6,0
2024-02-17,Store-Central-02,SKU-FMCG-04,66,31.65,0,1,6,0
2024-02-18,Store-Central-02,SKU-FMCG-04,67,31.65,0,1,6,0
2024-02-19,Store-Central-02,SKU-FMCG-04,52,31.65,0,0,6,0
2024-02-20,Store-Central-02,SKU-FMCG-04,50,31.65,0,0,6,0
2024-02-21,Store-Central-02,SKU-FMCG-04,0,31.65,0,0,6,1
2024-02-22,Store-Central-02,SKU-FMCG-04,54,31.65,0,0,6,0
2024-02-23,Store-Central-02,SKU-FMCG-04,53,31.65,0,0,6,0
2024-02-24,Store-Central-02,SKU-FMCG-04,57,31.65,0,1,6,0
2024-02-25,Store-Central-02,SKU-FMCG-04,58,31.65,0,1,6,0
2024-02-26,Store-Central-02,SKU-FMCG-04,43,31.65,0,0,6,0
2024-02-27,Store-Central-02,SKU-FMCG-04,37,31.65,0,0,6,0
2024-02-28,Store-Central-02,SKU-FMCG-04,45,31.65,0,0,6,0
2024-02-29,Store-Central-02,SKU-FMCG-04,62,31.65,0,0,6,0
2024-03-01,Store-Central-02,SKU-FMCG-04,40,31.65,0,0,6,0
2024-03-02,Store-Central-02,SKU-FMCG-04,0,31.65,0,1,6,1
2024-03-03,Store-Central-02,SKU-FMCG-04,59,31.65,0,1,6,0
2024-03-04,Store-Central-02,SKU-FMCG-04,88,26.9,1,0,6,0
2024-03-05,Store-Central-02,SKU-FMCG-04,37,31.65,0,0,6,0
2024-03-06,Store-Central-02,SKU-FMCG-04,90,26.9,1,0,6,0
2024-03-07,Store-Central-02,SKU-FMCG-04,43,31.65,0,0,6,0
2024-03-08,Store-Central-02,SKU-FMCG-04,47,31.65,0,0,6,0
2024-03-09,Store-Central-02,SKU-FMCG-04,69,31.65,0,1,6,0
2024-03-10,Store-Central-02,SKU-FMCG-04,62,31.65,0,1,6,0
2024-03-11,Store-Central-02,SKU-FMCG-04,42,31.65,0,0,6,0
2024-03-12,Store-Central-02,SKU-FMCG-04,62,31.65,0,0,6,0
2024-03-13,Store-Central-02,SKU-FMCG-04,50,31.65,0,0,6,0
2024-03-14,Store-Central-02,SKU-FMCG-04,61,31.65,0,0,6,0
2024-03-15,Store-Central-02,SKU-FMCG-04,110,26.9,1,0,6,0
2024-03-16,Store-Central-02,SKU-FMCG-04,132,26.9,1,1,6,0
2024-03-17,Store-Central-02,SKU-FMCG-04,67,31.65,0,1,6,0
2024-03-18,Store-Central-02,SKU-FMCG-04,46,31.65,0,0,6,0
2024-03-19,Store-Central-02,SKU-FMCG-04,64,31.65,0,0,6,0
2024-03-20,Store-Central-02,SKU-FMCG-04,46,31.65,0,0,6,0
2024-03-21,Store-Central-02,SKU-FMCG-04,54,31.65,0,0,6,0
2024-03-22,Store-Central-02,SKU-FMCG-04,60,31.65,0,0,6,0
2024-03-23,Store-Central-02,SKU-FMCG-04,60,31.65,0,1,6,0
2024-03-24,Store-Central-02,SKU-FMCG-04,0,31.65,0,1,6,1
2024-03-25,Store-Central-02,SKU-FMCG-04,45,31.65,0,0,6,0
2024-03-26,Store-Central-02,SKU-FMCG-04,42,31.65,0,0,6,0
2024-03-27,Store-Central-02,SKU-FMCG-04,51,31.65,0,0,6,0
2024-03-28,Store-Central-02,SKU-FMCG-04,49,31.65,0,0,6,0
2024-03-29,Store-Central-02,SKU-FMCG-04,57,31.65,0,0,6,0
2024-03-30,Store-Central-02,SKU-FMCG-04,134,26.9,1,1,6,0
2024-03-31,Store-Central-02,SKU-FMCG-04,0,31.65,0,1,6,1
2024-04-01,Store-Central-02,SKU-FMCG-04,52,31.65,0,0,6,0
2024-04-02,Store-Central-02,SKU-FMCG-04,50,31.65,0,0,6,0
2024-04-03,Store-Central-02,SKU-FMCG-04,52,31.65,0,0,6,0
2024-04-04,Store-Central-02,SKU-FMCG-04,43,31.65,0,0,6,0
2024-04-05,Store-Central-02,SKU-FMCG-04,48,31.65,0,0,6,0
2024-04-06,Store-Central-02,SKU-FMCG-04,88,31.65,0,1,6,0
2024-04-07,Store-Central-02,SKU-FMCG-04,68,31.65,0,1,6,0
2024-04-08,Store-Central-02,SKU-FMCG-04,49,31.65,0,0,6,0
2024-04-09,Store-Central-02,SKU-FMCG-04,58,31.65,0,0,6,0
2024-04-10,Store-Central-02,SKU-FMCG-04,49,31.65,0,0,6,0
2024-04-11,Store-Central-02,SKU-FMCG-04,46,31.65,0,0,6,0
2024-04-12,Store-Central-02,SKU-FMCG-04,58,31.65,0,0,6,0
2024-04-13,Store-Central-02,SKU-FMCG-04,87,31.65,0,1,6,0
2024-04-14,Store-Central-02,SKU-FMCG-04,80,31.65,0,1,6,0
2024-04-15,Store-Central-02,SKU-FMCG-04,63,31.65,0,0,6,0
2024-04-16,Store-Central-02,SKU-FMCG-04,52,31.65,0,0,6,0
2024-04-17,Store-Central-02,SKU-FMCG-04,106,26.9,1,0,6,0
2024-04-18,Store-Central-02,SKU-FMCG-04,64,31.65,0,0,6,0
2024-04-19,Store-Central-02,SKU-FMCG-04,49,31.65,0,0,6,0
2024-04-20,Store-Central-02,SKU-FMCG-04,0,31.65,0,1,6,1
2024-04-21,Store-Central-02,SKU-FMCG-04,77,31.65,0,1,6,0
2024-04-22,Store-Central-02,SKU-FMCG-04,49,31.65,0,0,6,0
2024-04-23,Store-Central-02,SKU-FMCG-04,47,31.65,0,0,6,0
2024-04-24,Store-Central-02,SKU-FMCG-04,100,26.9,1,0,6,0
2024-04-25,Store-Central-02,SKU-FMCG-04,45,31.65,0,0,6,0
2024-04-26,Store-Central-02,SKU-FMCG-04,59,31.65,0,0,6,0
2024-04-27,Store-Central-02,SKU-FMCG-04,140,26.9,1,1,6,0
2024-04-28,Store-Central-02,SKU-FMCG-04,79,31.65,0,1,6,0
2024-04-29,Store-Central-02,SKU-FMCG-04,62,31.65,0,0,6,0
2024-04-30,Store-Central-02,SKU-FMCG-04,60,31.65,0,0,6,0
2024-05-01,Store-Central-02,SKU-FMCG-04,50,31.65,0,0,6,0
2024-05-02,Store-Central-02,SKU-FMCG-04,50,31.65,0,0,6,0
2024-05-03,Store-Central-02,SKU-FMCG-04,129,26.9,1,0,6,0
2024-05-04,Store-Central-02,SKU-FMCG-04,87,31.65,0,1,6,0
2024-05-05,Store-Central-02,SKU-FMCG-04,70,31.65,0,1,6,0
2024-05-06,Store-Central-02,SKU-FMCG-04,70,31.65,0,0,6,0
2024-05-07,Store-Central-02,SKU-FMCG-04,66,31.65,0,0,6,0
2024-05-08,Store-Central-02,SKU-FMCG-04,53,31.65,0,0,6,0
2024-05-09,Store-Central-02,SKU-FMCG-04,55,31.65,0,0,6,0
2024-05-10,Store-Central-02,SKU-FMCG-04,70,31.65,0,0,6,0
2024-05-11,Store-Central-02,SKU-FMCG-04,82,31.65,0,1,6,0
2024-05-12,Store-Central-02,SKU-FMCG-04,76,31.65,0,1,6,0
2024-05-13,Store-Central-02,SKU-FMCG-04,64,31.65,0,0,6,0
2024-05-14,Store-Central-02,SKU-FMCG-04,63,31.65,0,0,6,0
2024-05-15,Store-Central-02,SKU-FMCG-04,51,31.65,0,0,6,0
2024-05-16,Store-Central-02,SKU-FMCG-04,50,31.65,0,0,6,0
2024-05-17,Store-Central-02,SKU-FMCG-04,61,31.65,0,0,6,0
2024-05-18,Store-Central-02,SKU-FMCG-04,77,31.65,0,1,6,0
2024-05-19,Store-Central-02,SKU-FMCG-04,83,31.65,0,1,6,0
2024-05-20,Store-Central-02,SKU-FMCG-04,49,31.65,0,0,6,0
2024-05-21,Store-Central-02,SKU-FMCG-04,43,31.65,0,0,6,0
2024-05-22,Store-Central-02,SKU-FMCG-04,39,31.65,0,0,6,0
2024-05-23,Store-Central-02,SKU-FMCG-04,58,31.65,0,0,6,0
2024-05-24,Store-Central-02,SKU-FMCG-04,42,31.65,0,0,6,0
2024-05-25,Store-Central-02,SKU-FMCG-04,66,31.65,0,1,6,0
2024-05-26,Store-Central-02,SKU-FMCG-04,73,31.65,0,1,6,0
2024-05-27,Store-Central-02,SKU-FMCG-04,67,31.65,0,0,6,0
2024-05-28,Store-Central-02,SKU-FMCG-04,54,31.65,0,0,6,0
2024-05-29,Store-Central-02,SKU-FMCG-04,48,31.65,0,0,6,0
2024-05-30,Store-Central-02,SKU-FMCG-04,57,31.65,0,0,6,0
2024-05-31,Store-Central-02,SKU-FMCG-04,47,31.65,0,0,6,0
2024-06-01,Store-Central-02,SKU-FMCG-04,76,31.65,0,1,6,0
2024-06-02,Store-Central-02,SKU-FMCG-04,66,31.65,0,1,6,0
2024-06-03,Store-Central-02,SKU-FMCG-04,103,26.9,1,0,6,0
2024-06-04,Store-Central-02,SKU-FMCG-04,86,26.9,1,0,6,0
2024-06-05,Store-Central-02,SKU-FMCG-04,49,31.65,0,0,6,0
2024-06-06,Store-Central-02,SKU-FMCG-04,66,31.65,0,0,6,0
2024-06-07,Store-Central-02,SKU-FMCG-04,56,31.65,0,0,6,0
2024-06-08,Store-Central-02,SKU-FMCG-04,72,31.65,0,1,6,0
2024-06-09,Store-Central-02,SKU-FMCG-04,71,31.65,0,1,6,0
2024-06-10,Store-Central-02,SKU-FMCG-04,82,26.9,1,0,6,0
2024-06-11,Store-Central-02,SKU-FMCG-04,43,31.65,0,0,6,0
2024-06-12,Store-Central-02,SKU-FMCG-04,58,31.65,0,0,6,0
2024-06-13,Store-Central-02,SKU-FMCG-04,53,31.65,0,0,6,0
2024-06-14,Store-Central-02,SKU-FMCG-04,49,31.65,0,0,6,0
2024-06-15,Store-Central-02,SKU-FMCG-04,67,31.65,0,1,6,0
2024-06-16,Store-Central-02,SKU-FMCG-04,0,31.65,0,1,6,1
2024-06-17,Store-Central-02,SKU-FMCG-04,55,31.65,0,0,6,0
2024-06-18,Store-Central-02,SKU-FMCG-04,45,31.65,0,0,6,0
2024-06-19,Store-Central-02,SKU-FMCG-04,54,31.65,0,0,6,0
2024-06-20,Store-Central-02,SKU-FMCG-04,47,31.65,0,0,6,0
2024-06-21,Store-Central-02,SKU-FMCG-04,38,31.65,0,0,6,0
2024-06-22,Store-Central-02,SKU-FMCG-04,71,31.65,0,1,6,0
2024-06-23,Store-Central-02,SKU-FMCG-04,60,31.65,0,1,6,0
2024-06-24,Store-Central-02,SKU-FMCG-04,84,26.9,1,0,6,0
2024-06-25,Store-Central-02,SKU-FMCG-04,44,31.65,0,0,6,0
2024-06-26,Store-Central-02,SKU-FMCG-04,50,31.65,0,0,6,0
2024-06-27,Store-Central-02,SKU-FMCG-04,60,31.65,0,0,6,0
2024-06-28,Store-Central-02,SKU-FMCG-04,59,31.65,0,0,6,0
2024-06-29,Store-Central-02,SKU-FMCG-04,64,31.65,0,1,6,0
2024-06-30,Store-Central-02,SKU-FMCG-04,64,31.65,0,1,6,0
2024-07-01,Store-Central-02,SKU-FMCG-04,57,31.65,0,0,6,0
2024-07-02,Store-Central-02,SKU-FMCG-04,44,31.65,0,0,6,0
2024-07-03,Store-Central-02,SKU-FMCG-04,62,31.65,0,0,6,0
2024-07-04,Store-Central-02,SKU-FMCG-04,50,31.65,0,0,6,0
2024-07-05,Store-Central-02,SKU-FMCG-04,44,31.65,0,0,6,0
2024-07-06,Store-Central-02,SKU-FMCG-04,63,31.65,0,1,6,0
2024-07-07,Store-Central-02,SKU-FMCG-04,55,31.65,0,1,6,0
2024-07-08,Store-Central-02,SKU-FMCG-04,46,31.65,0,0,6,0
2024-07-09,Store-Central-02,SKU-FMCG-04,41,31.65,0,0,6,0
2024-07-10,Store-Central-02,SKU-FMCG-04,51,31.65,0,0,6,0
2024-07-11,Store-Central-02,SKU-FMCG-04,46,31.65,0,0,6,0
2024-07-12,Store-Central-02,SKU-FMCG-04,51,31.65,0,0,6,0
2024-07-13,Store-Central-02,SKU-FMCG-04,66,31.65,0,1,6,0
2024-07-14,Store-Central-02,SKU-FMCG-04,58,31.65,0,1,6,0
2024-07-15,Store-Central-02,SKU-FMCG-04,45,31.65,0,0,6,0
2024-07-16,Store-Central-02,SKU-FMCG-04,42,31.65,0,0,6,0
2024-07-17,Store-Central-02,SKU-FMCG-04,58,31.65,0,0,6,0
2024-07-18,Store-Central-02,SKU-FMCG-04,33,31.65,0,0,6,0
2024-07-19,Store-Central-02,SKU-FMCG-04,42,31.65,0,0,6,0
2024-07-20,Store-Central-02,SKU-FMCG-04,65,31.65,0,1,6,0
2024-07-21,Store-Central-02,SKU-FMCG-04,58,31.65,0,1,6,0
2024-07-22,Store-Central-02,SKU-FMCG-04,55,31.65,0,0,6,0
2024-07-23,Store-Central-02,SKU-FMCG-04,34,31.65,0,0,6,0
2024-07-24,Store-Central-02,SKU-FMCG-04,0,26.9,1,0,6,1
2024-07-25,Store-Central-02,SKU-FMCG-04,34,31.65,0,0,6,0
2024-07-26,Store-Central-02,SKU-FMCG-04,34,31.65,0,0,6,0
2024-07-27,Store-Central-02,SKU-FMCG-04,68,31.65,0,1,6,0
2024-07-28,Store-Central-02,SKU-FMCG-04,65,31.65,0,1,6,0
2024-07-29,Store-Central-02,SKU-FMCG-04,48,31.65,0,0,6,0
2024-07-30,Store-Central-02,SKU-FMCG-04,37,31.65,0,0,6,0
2024-07-31,Store-Central-02,SKU-FMCG-04,42,31.65,0,0,6,0
2024-08-01,Store-Central-02,SKU-FMCG-04,37,31.65,0,0,6,0
2024-08-02,Store-Central-02,SKU-FMCG-04,0,31.65,0,0,6,1
2024-08-03,Store-Central-02,SKU-FMCG-04,51,31.65,0,1,6,0
2024-08-04,Store-Central-02,SKU-FMCG-04,47,31.65,0,1,6,0
2024-08-05,Store-Central-02,SKU-FMCG-04,80,26.9,1,0,6,0
2024-08-06,Store-Central-02,SKU-FMCG-04,53,31.65,0,0,6,0
2024-08-07,Store-Central-02,SKU-FMCG-04,37,31.65,0,0,6,0
2024-08-08,Store-Central-02,SKU-FMCG-04,44,31.65,0,0,6,0
2024-08-09,Store-Central-02,SKU-FMCG-04,43,31.65,0,0,6,0
2024-08-10,Store-Central-02,SKU-FMCG-04,58,31.65,0,1,6,0
2024-08-11,Store-Central-02,SKU-FMCG-04,71,31.65,0,1,6,0
2024-08-12,Store-Central-02,SKU-FMCG-04,40,31.65,0,0,6,0
2024-08-13,Store-Central-02,SKU-FMCG-04,45,31.65,0,0,6,0
2024-08-14,Store-Central-02,SKU-FMCG-04,34,31.65,0,0,6,0
2024-08-15,Store-Central-02,SKU-FMCG-04,40,31.65,0,0,6,0
2024-08-16,Store-Central-02,SKU-FMCG-04,0,26.9,1,0,6,1
2024-08-17,Store-Central-02,SKU-FMCG-04,0,31.65,0,1,6,1
2024-08-18,Store-Central-02,SKU-FMCG-04,96,26.9,1,1,6,0
2024-08-19,Store-Central-02,SKU-FMCG-04,42,31.65,0,0,6,0
2024-08-20,Store-Central-02,SKU-FMCG-04,75,26.9,1,0,6,0
2024-08-21,Store-Central-02,SKU-FMCG-04,38,31.65,0,0,6,0
2024-08-22,Store-Central-02,SKU-FMCG-04,27,31.65,0,0,6,0
2024-08-23,Store-Central-02,SKU-FMCG-04,32,31.65,0,0,6,0
2024-08-24,Store-Central-02,SKU-FMCG-04,58,31.65,0,1,6,0
2024-08-25,Store-Central-02,SKU-FMCG-04,48,31.65,0,1,6,0
2024-08-26,Store-Central-02,SKU-FMCG-04,37,31.65,0,0,6,0
2024-08-27,Store-Central-02,SKU-FMCG-04,31,31.65,0,0,6,0
2024-08-28,Store-Central-02,SKU-FMCG-04,39,31.65,0,0,6,0
2024-08-29,Store-Central-02,SKU-FMCG-04,46,31.65,0,0,6,0
2024-08-30,Store-Central-02,SKU-FMCG-04,51,31.65,0,0,6,0
2024-08-31,Store-Central-02,SKU-FMCG-04,36,31.65,0,1,6,0
2024-09-01,Store-Central-02,SKU-FMCG-04,58,31.65,0,1,6,0
2024-09-02,Store-Central-02,SKU-FMCG-04,56,26.9,1,0,6,0
2024-09-03,Store-Central-02,SKU-FMCG-04,24,31.65,0,0,6,0
2024-09-04,Store-Central-02,SKU-FMCG-04,32,31.65,0,0,6,0
2024-09-05,Store-Central-02,SKU-FMCG-04,36,31.65,0,0,6,0
2024-09-06,Store-Central-02,SKU-FMCG-04,28,31.65,0,0,6,0
2024-09-07,Store-Central-02,SKU-FMCG-04,79,26.9,1,1,6,0
2024-09-08,Store-Central-02,SKU-FMCG-04,52,31.65,0,1,6,0
2024-09-09,Store-Central-02,SKU-FMCG-04,54,26.9,1,0,6,0
2024-09-10,Store-Central-02,SKU-FMCG-04,32,31.65,0,0,6,0
2024-09-11,Store-Central-02,SKU-FMCG-04,36,31.65,0,0,6,0
2024-09-12,Store-Central-02,SKU-FMCG-04,41,31.65,0,0,6,0
2024-09-13,Store-Central-02,SKU-FMCG-04,39,31.65,0,0,6,0
2024-09-14,Store-Central-02,SKU-FMCG-04,57,31.65,0,1,6,0
2024-09-15,Store-Central-02,SKU-FMCG-04,42,31.65,0,1,6,0
2024-09-16,Store-Central-02,SKU-FMCG-04,28,31.65,0,0,6,0
2024-09-17,Store-Central-02,SKU-FMCG-04,32,31.65,0,0,6,0
2024-09-18,Store-Central-02,SKU-FMCG-04,38,31.65,0,0,6,0
2024-09-19,Store-Central-02,SKU-FMCG-04,36,31.65,0,0,6,0
2024-09-20,Store-Central-02,SKU-FMCG-04,55,26.9,1,0,6,0
2024-09-21,Store-Central-02,SKU-FMCG-04,44,31.65,0,1,6,0
2024-09-22,Store-Central-02,SKU-FMCG-04,53,31.65,0,1,6,0
2024-09-23,Store-Central-02,SKU-FMCG-04,23,31.65,0,0,6,0
2024-09-24,Store-Central-02,SKU-FMCG-04,31,31.65,0,0,6,0
2024-09-25,Store-Central-02,SKU-FMCG-04,79,26.9,1,0,6,0
2024-09-26,Store-Central-02,SKU-FMCG-04,51,26.9,1,0,6,0
2024-09-27,Store-Central-02,SKU-FMCG-04,60,26.9,1,0,6,0
2024-09-28,Store-Central-02,SKU-FMCG-04,41,31.65,0,1,6,0
2024-09-29,Store-Central-02,SKU-FMCG-04,41,31.65,0,1,6,0
2024-09-30,Store-Central-02,SKU-FMCG-04,25,31.65,0,0,6,0
2024-10-01,Store-Central-02,SKU-FMCG-04,26,31.65,0,0,6,0
2024-10-02,Store-Central-02,SKU-FMCG-04,38,31.65,0,0,6,0
2024-10-03,Store-Central-02,SKU-FMCG-04,29,31.65,0,0,6,0
2024-10-04,Store-Central-02,SKU-FMCG-04,30,31.65,0,0,6,0
2024-10-05,Store-Central-02,SKU-FMCG-04,40,31.65,0,1,6,0
2024-10-06,Store-Central-02,SKU-FMCG-04,73,26.9,1,1,6,0
2024-10-07,Store-Central-02,SKU-FMCG-04,28,31.65,0,0,6,0
2024-10-08,Store-Central-02,SKU-FMCG-04,20,31.65,0,0,6,0
2024-10-09,Store-Central-02,SKU-FMCG-04,43,26.9,1,0,6,0
2024-10-10,Store-Central-02,SKU-FMCG-04,27,31.65,0,0,6,0
2024-10-11,Store-Central-02,SKU-FMCG-04,30,31.65,0,0,6,0
2024-10-12,Store-Central-02,SKU-FMCG-04,39,31.65,0,1,6,0
2024-10-13,Store-Central-02,SKU-FMCG-04,31,31.65,0,1,6,0
2024-10-14,Store-Central-02,SKU-FMCG-04,29,31.65,0,0,6,0
2024-10-15,Store-Central-02,SKU-FMCG-04,34,31.65,0,0,6,0
2024-10-16,Store-Central-02,SKU-FMCG-04,33,31.65,0,0,6,0
2024-10-17,Store-Central-02,SKU-FMCG-04,32,31.65,0,0,6,0
2024-10-18,Store-Central-02,SKU-FMCG-04,28,31.65,0,0,6,0
2024-10-19,Store-Central-02,SKU-FMCG-04,34,31.65,0,1,6,0
2024-10-20,Store-Central-02,SKU-FMCG-04,77,26.9,1,1,6,0
2024-10-21,Store-Central-02,SKU-FMCG-04,26,31.65,0,0,6,0
2024-10-22,Store-Central-02,SKU-FMCG-04,31,31.65,0,0,6,0
2024-10-23,Store-Central-02,SKU-FMCG-04,28,31.65,0,0,6,0
2024-10-24,Store-Central-02,SKU-FMCG-04,36,31.65,0,0,6,0
2024-10-25,Store-Central-02,SKU-FMCG-04,57,26.9,1,0,6,0
2024-10-26,Store-Central-02,SKU-FMCG-04,39,31.65,0,1,6,0
2024-10-27,Store-Central-02,SKU-FMCG-04,37,31.65,0,1,6,0
2024-10-28,Store-Central-02,SKU-FMCG-04,53,26.9,1,0,6,0
2024-10-29,Store-Central-02,SKU-FMCG-04,24,31.65,0,0,6,0
2024-10-30,Store-Central-02,SKU-FMCG-04,29,31.65,0,0,6,0
2024-10-31,Store-Central-02,SKU-FMCG-04,26,31.65,0,0,6,0
2024-11-01,Store-Central-02,SKU-FMCG-04,48,31.65,0,0,6,0
2024-11-02,Store-Central-02,SKU-FMCG-04,41,31.65,0,1,6,0
2024-11-03,Store-Central-02,SKU-FMCG-04,34,31.65,0,1,6,0
2024-11-04,Store-Central-02,SKU-FMCG-04,24,31.65,0,0,6,0
2024-11-05,Store-Central-02,SKU-FMCG-04,31,31.65,0,0,6,0
2024-11-06,Store-Central-02,SKU-FMCG-04,28,31.65,0,0,6,0
2024-11-07,Store-Central-02,SKU-FMCG-04,35,31.65,0,0,6,0
2024-11-08,Store-Central-02,SKU-FMCG-04,26,31.65,0,0,6,0
2024-11-09,Store-Central-02,SKU-FMCG-04,34,31.65,0,1,6,0
2024-11-10,Store-Central-02,SKU-FMCG-04,42,31.65,0,1,6,0
2024-11-11,Store-Central-02,SKU-FMCG-04,30,31.65,0,0,6,0
2024-11-12,Store-Central-02,SKU-FMCG-04,17,31.65,0,0,6,0
2024-11-13,Store-Central-02,SKU-FMCG-04,25,31.65,0,0,6,0
2024-11-14,Store-Central-02,SKU-FMCG-04,28,31.65,0,0,6,0
2024-11-15,Store-Central-02,SKU-FMCG-04,27,31.65,0,0,6,0
2024-11-16,Store-Central-02,SKU-FMCG-04,35,31.65,0,1,6,0
2024-11-17,Store-Central-02,SKU-FMCG-04,42,31.65,0,1,6,0
2024-11-18,Store-Central-02,SKU-FMCG-04,34,31.65,0,0,6,0
2024-11-19,Store-Central-02,SKU-FMCG-04,30,31.65,0,0,6,0
2024-11-20,Store-Central-02,SKU-FMCG-04,29,31.65,0,0,6,0
2024-11-21,Store-Central-02,SKU-FMCG-04,36,31.65,0,0,6,0
2024-11-22,Store-Central-02,SKU-FMCG-04,33,31.65,0,0,6,0
2024-11-23,Store-Central-02,SKU-FMCG-04,43,31.65,0,1,6,0
2024-11-24,Store-Central-02,SKU-FMCG-04,34,31.65,0,1,6,0
2024-11-25,Store-Central-02,SKU-FMCG-04,31,31.65,0,0,6,0
2024-11-26,Store-Central-02,SKU-FMCG-04,43,31.65,0,0,6,0
2024-11-27,Store-Central-02,SKU-FMCG-04,37,31.65,0,0,6,0
2024-11-28,Store-Central-02,SKU-FMCG-04,36,31.65,0,0,6,0
2024-11-29,Store-Central-02,SKU-FMCG-04,34,31.65,0,0,6,0
2024-11-30,Store-Central-02,SKU-FMCG-04,30,31.65,0,1,6,0
2024-12-01,Store-Central-02,SKU-FMCG-04,44,31.65,0,1,6,0
2024-12-02,Store-Central-02,SKU-FMCG-04,30,31.65,0,0,6,0
2024-12-03,Store-Central-02,SKU-FMCG-04,38,31.65,0,0,6,0
2024-12-04,Store-Central-02,SKU-FMCG-04,29,31.65,0,0,6,0
2024-12-05,Store-Central-02,SKU-FMCG-04,44,31.65,0,0,6,0
2024-12-06,Store-Central-02,SKU-FMCG-04,27,31.65,0,0,6,0
2024-12-07,Store-Central-02,SKU-FMCG-04,36,31.65,0,1,6,0
2024-12-08,Store-Central-02,SKU-FMCG-04,42,31.65,0,1,6,0
2024-12-09,Store-Central-02,SKU-FMCG-04,39,31.65,0,0,6,0
2024-12-10,Store-Central-02,SKU-FMCG-04,34,31.65,0,0,6,0
2024-12-11,Store-Central-02,SKU-FMCG-04,35,31.65,0,0,6,0
2024-12-12,Store-Central-02,SKU-FMCG-04,40,31.65,0,0,6,0
2024-12-13,Store-Central-02,SKU-FMCG-04,25,31.65,0,0,6,0
2024-12-14,Store-Central-02,SKU-FMCG-04,43,31.65,0,1,6,0
2024-12-15,Store-Central-02,SKU-FMCG-04,43,31.65,0,1,6,0
2024-12-16,Store-Central-02,SKU-FMCG-04,44,31.65,0,0,6,0
2024-12-17,Store-Central-02,SKU-FMCG-04,26,31.65,0,0,6,0
2024-12-18,Store-Central-02,SKU-FMCG-04,42,31.65,0,0,6,0
2024-12-19,Store-Central-02,SKU-FMCG-04,28,31.65,0,0,6,0
2024-12-20,Store-Central-02,SKU-FMCG-04,0,31.65,0,0,6,1
2024-12-21,Store-Central-02,SKU-FMCG-04,56,31.65,0,1,6,0
2024-12-22,Store-Central-02,SKU-FMCG-04,41,31.65,0,1,6,0
2024-12-23,Store-Central-02,SKU-FMCG-04,57,26.9,1,0,6,0
2024-12-24,Store-Central-02,SKU-FMCG-04,58,26.9,1,0,6,0
2024-12-25,Store-Central-02,SKU-FMCG-04,31,31.65,0,0,6,0
2024-12-26,Store-Central-02,SKU-FMCG-04,20,31.65,0,0,6,0
2024-12-27,Store-Central-02,SKU-FMCG-04,41,31.65,0,0,6,0
2024-12-28,Store-Central-02,SKU-FMCG-04,54,31.65,0,1,6,0
2024-12-29,Store-Central-02,SKU-FMCG-04,48,31.65,0,1,6,0
2024-12-30,Store-Central-02,SKU-FMCG-04,35,31.65,0,0,6,0
2024-12-31,Store-Central-02,SKU-FMCG-04,31,31.65,0,0,6,0
2025-01-01,Store-Central-02,SKU-FMCG-04,37,31.65,0,0,6,0
2025-01-02,Store-Central-02,SKU-FMCG-04,43,31.65,0,0,6,0
2025-01-03,Store-Central-02,SKU-FMCG-04,44,31.65,0,0,6,0
2025-01-04,Store-Central-02,SKU-FMCG-04,53,31.65,0,1,6,0
2025-01-05,Store-Central-02,SKU-FMCG-04,52,31.65,0,1,6,0
2025-01-06,Store-Central-02,SKU-FMCG-04,36,31.65,0,0,6,0
2025-01-07,Store-Central-02,SKU-FMCG-04,47,31.65,0,0,6,0
2025-01-08,Store-Central-02,SKU-FMCG-04,40,31.65,0,0,6,0
2025-01-09,Store-Central-02,SKU-FMCG-04,66,26.9,1,0,6,0
2025-01-10,Store-Central-02,SKU-FMCG-04,27,31.65,0,0,6,0
2025-01-11,Store-Central-02,SKU-FMCG-04,95,26.9,1,1,6,0
2025-01-12,Store-Central-02,SKU-FMCG-04,58,31.65,0,1,6,0
2025-01-13,Store-Central-02,SKU-FMCG-04,37,31.65,0,0,6,0
2025-01-14,Store-Central-02,SKU-FMCG-04,39,31.65,0,0,6,0
2025-01-15,Store-Central-02,SKU-FMCG-04,32,31.65,0,0,6,0
2025-01-16,Store-Central-02,SKU-FMCG-04,75,26.9,1,0,6,0
2025-01-17,Store-Central-02,SKU-FMCG-04,55,31.65,0,0,6,0
2025-01-18,Store-Central-02,SKU-FMCG-04,54,31.65,0,1,6,0
2025-01-19,Store-Central-02,SKU-FMCG-04,54,31.65,0,1,6,0
2025-01-20,Store-Central-02,SKU-FMCG-04,36,31.65,0,0,6,0
2025-01-21,Store-Central-02,SKU-FMCG-04,54,31.65,0,0,6,0
2025-01-22,Store-Central-02,SKU-FMCG-04,28,31.65,0,0,6,0
2025-01-23,Store-Central-02,SKU-FMCG-04,45,31.65,0,0,6,0
2025-01-24,Store-Central-02,SKU-FMCG-04,38,31.65,0,0,6,0
2025-01-25,Store-Central-02,SKU-FMCG-04,43,31.65,0,1,6,0
2025-01-26,Store-Central-02,SKU-FMCG-04,43,31.65,0,1,6,0
2025-01-27,Store-Central-02,SKU-FMCG-04,33,31.65,0,0,6,0
2025-01-28,Store-Central-02,SKU-FMCG-04,32,31.65,0,0,6,0
2025-01-29,Store-Central-02,SKU-FMCG-04,46,31.65,0,0,6,0
2025-01-30,Store-Central-02,SKU-FMCG-04,41,31.65,0,0,6,0
2025-01-31,Store-Central-02,SKU-FMCG-04,54,31.65,0,0,6,0
2025-02-01,Store-Central-02,SKU-FMCG-04,60,31.65,0,1,6,0
2025-02-02,Store-Central-02,SKU-FMCG-04,64,31.65,0,1,6,0
2025-02-03,Store-Central-02,SKU-FMCG-04,81,26.9,1,0,6,0
2025-02-04,Store-Central-02,SKU-FMCG-04,62,31.65,0,0,6,0
2025-02-05,Store-Central-02,SKU-FMCG-04,46,31.65,0,0,6,0
2025-02-06,Store-Central-02,SKU-FMCG-04,46,31.65,0,0,6,0
2025-02-07,Store-Central-02,SKU-FMCG-04,63,31.65,0,0,6,0
2025-02-08,Store-Central-02,SKU-FMCG-04,100,26.9,1,1,6,0
2025-02-09,Store-Central-02,SKU-FMCG-04,63,31.65,0,1,6,0
2025-02-10,Store-Central-02,SKU-FMCG-04,39,31.65,0,0,6,0
2025-02-11,Store-Central-02,SKU-FMCG-04,28,31.65,0,0,6,0
2025-02-12,Store-Central-02,SKU-FMCG-04,40,31.65,0,0,6,0
2025-02-13,Store-Central-02,SKU-FMCG-04,42,31.65,0,0,6,0
2025-02-14,Store-Central-02,SKU-FMCG-04,48,31.65,0,0,6,0
2025-02-15,Store-Central-02,SKU-FMCG-04,61,31.65,0,1,6,0
2025-02-16,Store-Central-02,SKU-FMCG-04,62,31.65,0,1,6,0
2025-02-17,Store-Central-02,SKU-FMCG-04,35,31.65,0,0,6,0
2025-02-18,Store-Central-02,SKU-FMCG-04,89,26.9,1,0,6,0
2025-02-19,Store-Central-02,SKU-FMCG-04,51,31.65,0,0,6,0
2025-02-20,Store-Central-02,SKU-FMCG-04,45,31.65,0,0,6,0
2025-02-21,Store-Central-02,SKU-FMCG-04,91,26.9,1,0,6,0
2025-02-22,Store-Central-02,SKU-FMCG-04,117,26.9,1,1,6,0
2025-02-23,Store-Central-02,SKU-FMCG-04,75,31.65,0,1,6,0
2025-02-24,Store-Central-02,SKU-FMCG-04,49,31.65,0,0,6,0
2025-02-25,Store-Central-02,SKU-FMCG-04,61,31.65,0,0,6,0
2025-02-26,Store-Central-02,SKU-FMCG-04,57,31.65,0,0,6,0
2025-02-27,Store-Central-02,SKU-FMCG-04,0,31.65,0,0,6,1
2025-02-28,Store-Central-02,SKU-FMCG-04,46,31.65,0,0,6,0
2025-03-01,Store-Central-02,SKU-FMCG-04,69,31.65,0,1,6,0
2025-03-02,Store-Central-02,SKU-FMCG-04,59,31.65,0,1,6,0
2025-03-03,Store-Central-02,SKU-FMCG-04,55,31.65,0,0,6,0
2025-03-04,Store-Central-02,SKU-FMCG-04,67,31.65,0,0,6,0
2025-03-05,Store-Central-02,SKU-FMCG-04,52,31.65,0,0,6,0
2025-03-06,Store-Central-02,SKU-FMCG-04,39,31.65,0,0,6,0
2025-03-07,Store-Central-02,SKU-FMCG-04,52,31.65,0,0,6,0
2025-03-08,Store-Central-02,SKU-FMCG-04,69,31.65,0,1,6,0
2025-03-09,Store-Central-02,SKU-FMCG-04,49,31.65,0,1,6,0
2025-03-10,Store-Central-02,SKU-FMCG-04,56,31.65,0,0,6,0
2025-03-11,Store-Central-02,SKU-FMCG-04,48,31.65,0,0,6,0
2025-03-12,Store-Central-02,SKU-FMCG-04,36,31.65,0,0,6,0
2025-03-13,Store-Central-02,SKU-FMCG-04,52,31.65,0,0,6,0
2025-03-14,Store-Central-02,SKU-FMCG-04,43,31.65,0,0,6,0
2025-03-15,Store-Central-02,SKU-FMCG-04,75,31.65,0,1,6,0
2025-03-16,Store-Central-02,SKU-FMCG-04,0,31.65,0,1,6,1
2025-03-17,Store-Central-02,SKU-FMCG-04,45,31.65,0,0,6,0
2025-03-18,Store-Central-02,SKU-FMCG-04,50,31.65,0,0,6,0
2025-03-19,Store-Central-02,SKU-FMCG-04,47,31.65,0,0,6,0
2025-03-20,Store-Central-02,SKU-FMCG-04,42,31.65,0,0,6,0
2025-03-21,Store-Central-02,SKU-FMCG-04,50,31.65,0,0,6,0
2025-03-22,Store-Central-02,SKU-FMCG-04,82,31.65,0,1,6,0
2025-03-23,Store-Central-02,SKU-FMCG-04,64,31.65,0,1,6,0
2025-03-24,Store-Central-02,SKU-FMCG-04,55,31.65,0,0,6,0
2025-03-25,Store-Central-02,SKU-FMCG-04,51,31.65,0,0,6,0
2025-03-26,Store-Central-02,SKU-FMCG-04,48,31.65,0,0,6,0
2025-03-27,Store-Central-02,SKU-FMCG-04,52,31.65,0,0,6,0
2025-03-28,Store-Central-02,SKU-FMCG-04,54,31.65,0,0,6,0
2025-03-29,Store-Central-02,SKU-FMCG-04,62,31.65,0,1,6,0
2025-03-30,Store-Central-02,SKU-FMCG-04,65,31.65,0,1,6,0
2025-03-31,Store-Central-02,SKU-FMCG-04,58,31.65,0,0,6,0
2025-04-01,Store-Central-02,SKU-FMCG-04,35,31.65,0,0,6,0
2025-04-02,Store-Central-02,SKU-FMCG-04,98,26.9,1,0,6,0
2025-04-03,Store-Central-02,SKU-FMCG-04,103,26.9,1,0,6,0
2025-04-04,Store-Central-02,SKU-FMCG-04,102,26.9,1,0,6,0
2025-04-05,Store-Central-02,SKU-FMCG-04,73,31.65,0,1,6,0
2025-04-06,Store-Central-02,SKU-FMCG-04,91,31.65,0,1,6,0
2025-04-07,Store-Central-02,SKU-FMCG-04,0,31.65,0,0,6,1
2025-04-08,Store-Central-02,SKU-FMCG-04,53,31.65,0,0,6,0
2025-04-09,Store-Central-02,SKU-FMCG-04,41,31.65,0,0,6,0
2025-04-10,Store-Central-02,SKU-FMCG-04,48,31.65,0,0,6,0
2025-04-11,Store-Central-02,SKU-FMCG-04,55,31.65,0,0,6,0
2025-04-12,Store-Central-02,SKU-FMCG-04,75,31.65,0,1,6,0
2025-04-13,Store-Central-02,SKU-FMCG-04,82,31.65,0,1,6,0
2025-04-14,Store-Central-02,SKU-FMCG-04,48,31.65,0,0,6,0
2025-04-15,Store-Central-02,SKU-FMCG-04,48,31.65,0,0,6,0
2025-04-16,Store-Central-02,SKU-FMCG-04,55,31.65,0,0,6,0
2025-04-17,Store-Central-02,SKU-FMCG-04,57,31.65,0,0,6,0
2025-04-18,Store-Central-02,SKU-FMCG-04,45,31.65,0,0,6,0
2025-04-19,Store-Central-02,SKU-FMCG-04,63,31.65,0,1,6,0
2025-04-20,Store-Central-02,SKU-FMCG-04,70,31.65,0,1,6,0
2025-04-21,Store-Central-02,SKU-FMCG-04,52,31.65,0,0,6,0
2025-04-22,Store-Central-02,SKU-FMCG-04,58,31.65,0,0,6,0
2025-04-23,Store-Central-02,SKU-FMCG-04,59,31.65,0,0,6,0
2025-04-24,Store-Central-02,SKU-FMCG-04,59,31.65,0,0,6,0
2025-04-25,Store-Central-02,SKU-FMCG-04,54,31.65,0,0,6,0
2025-04-26,Store-Central-02,SKU-FMCG-04,72,31.65,0,1,6,0
2025-04-27,Store-Central-02,SKU-FMCG-04,71,31.65,0,1,6,0
2025-04-28,Store-Central-02,SKU-FMCG-04,64,31.65,0,0,6,0
2025-04-29,Store-Central-02,SKU-FMCG-04,46,31.65,0,0,6,0
2025-04-30,Store-Central-02,SKU-FMCG-04,59,31.65,0,0,6,0
2025-05-01,Store-Central-02,SKU-FMCG-04,45,31.65,0,0,6,0
2025-05-02,Store-Central-02,SKU-FMCG-04,57,31.65,0,0,6,0
2025-05-03,Store-Central-02,SKU-FMCG-04,67,31.65,0,1,6,0
2025-05-04,Store-Central-02,SKU-FMCG-04,92,31.65,0,1,6,0
2025-05-05,Store-Central-02,SKU-FMCG-04,0,31.65,0,0,6,1
2025-05-06,Store-Central-02,SKU-FMCG-04,64,31.65,0,0,6,0
2025-05-07,Store-Central-02,SKU-FMCG-04,91,26.9,1,0,6,0
2025-05-08,Store-Central-02,SKU-FMCG-04,61,31.65,0,0,6,0
2025-05-09,Store-Central-02,SKU-FMCG-04,104,26.9,1,0,6,0
2025-05-10,Store-Central-02,SKU-FMCG-04,0,31.65,0,1,6,1
2025-05-11,Store-Central-02,SKU-FMCG-04,143,26.9,1,1,6,0
2025-05-12,Store-Central-02,SKU-FMCG-04,36,31.65,0,0,6,0
2025-05-13,Store-Central-02,SKU-FMCG-04,54,31.65,0,0,6,0
2025-05-14,Store-Central-02,SKU-FMCG-04,59,31.65,0,0,6,0
2025-05-15,Store-Central-02,SKU-FMCG-04,48,31.65,0,0,6,0
2025-05-16,Store-Central-02,SKU-FMCG-04,53,31.65,0,0,6,0
2025-05-17,Store-Central-02,SKU-FMCG-04,84,31.65,0,1,6,0
2025-05-18,Store-Central-02,SKU-FMCG-04,56,31.65,0,1,6,0
2025-05-19,Store-Central-02,SKU-FMCG-04,59,31.65,0,0,6,0
2025-05-20,Store-Central-02,SKU-FMCG-04,63,31.65,0,0,6,0
2025-05-21,Store-Central-02,SKU-FMCG-04,61,31.65,0,0,6,0
2025-05-22,Store-Central-02,SKU-FMCG-04,60,31.65,0,0,6,0
2025-05-23,Store-Central-02,SKU-FMCG-04,54,31.65,0,0,6,0
2025-05-24,Store-Central-02,SKU-FMCG-04,72,31.65,0,1,6,0
2025-05-25,Store-Central-02,SKU-FMCG-04,92,31.65,0,1,6,0
2025-05-26,Store-Central-02,SKU-FMCG-04,57,31.65,0,0,6,0
2025-05-27,Store-Central-02,SKU-FMCG-04,52,31.65,0,0,6,0
2025-05-28,Store-Central-02,SKU-FMCG-04,66,31.65,0,0,6,0
2025-05-29,Store-Central-02,SKU-FMCG-04,67,31.65,0,0,6,0
2025-05-30,Store-Central-02,SKU-FMCG-04,53,31.65,0,0,6,0
2025-05-31,Store-Central-02,SKU-FMCG-04,83,31.65,0,1,6,0
2025-06-01,Store-Central-02,SKU-FMCG-04,74,31.65,0,1,6,0
2025-06-02,Store-Central-02,SKU-FMCG-04,42,31.65,0,0,6,0
2025-06-03,Store-Central-02,SKU-FMCG-04,45,31.65,0,0,6,0
2025-06-04,Store-Central-02,SKU-FMCG-04,51,31.65,0,0,6,0
2025-06-05,Store-Central-02,SKU-FMCG-04,69,31.65,0,0,6,0
2025-06-06,Store-Central-02,SKU-FMCG-04,57,31.65,0,0,6,0
2025-06-07,Store-Central-02,SKU-FMCG-04,126,26.9,1,1,6,0
2025-06-08,Store-Central-02,SKU-FMCG-04,69,31.65,0,1,6,0
2025-06-09,Store-Central-02,SKU-FMCG-04,58,31.65,0,0,6,0
2025-06-10,Store-Central-02,SKU-FMCG-04,47,31.65,0,0,6,0
2025-06-11,Store-Central-02,SKU-FMCG-04,61,31.65,0,0,6,0
2025-06-12,Store-Central-02,SKU-FMCG-04,41,31.65,0,0,6,0
2025-06-13,Store-Central-02,SKU-FMCG-04,55,31.65,0,0,6,0
2025-06-14,Store-Central-02,SKU-FMCG-04,76,31.65,0,1,6,0
2025-06-15,Store-Central-02,SKU-FMCG-04,75,31.65,0,1,6,0
2025-06-16,Store-Central-02,SKU-FMCG-04,41,31.65,0,0,6,0
2025-06-17,Store-Central-02,SKU-FMCG-04,0,31.65,0,0,6,1
2025-06-18,Store-Central-02,SKU-FMCG-04,46,31.65,0,0,6,0
2025-06-19,Store-Central-02,SKU-FMCG-04,43,31.65,0,0,6,0
2025-06-20,Store-Central-02,SKU-FMCG-04,41,31.65,0,0,6,0
2025-06-21,Store-Central-02,SKU-FMCG-04,72,31.65,0,1,6,0
2025-06-22,Store-Central-02,SKU-FMCG-04,74,31.65,0,1,6,0
2025-06-23,Store-Central-02,SKU-FMCG-04,98,26.9,1,0,6,0
2025-06-24,Store-Central-02,SKU-FMCG-04,46,31.65,0,0,6,0
2025-06-25,Store-Central-02,SKU-FMCG-04,54,31.65,0,0,6,0
2025-06-26,Store-Central-02,SKU-FMCG-04,105,26.9,1,0,6,0
2025-06-27,Store-Central-02,SKU-FMCG-04,48,31.65,0,0,6,0
2025-06-28,Store-Central-02,SKU-FMCG-04,71,31.65,0,1,6,0
2025-06-29,Store-Central-02,SKU-FMCG-04,56,31.65,0,1,6,0
2025-06-30,Store-Central-02,SKU-FMCG-04,48,31.65,0,0,6,0
2025-07-01,Store-Central-02,SKU-FMCG-04,51,31.65,0,0,6,0
2025-07-02,Store-Central-02,SKU-FMCG-04,47,31.65,0,0,6,0
2025-07-03,Store-Central-02,SKU-FMCG-04,40,31.65,0,0,6,0
2025-07-04,Store-Central-02,SKU-FMCG-04,47,31.65,0,0,6,0
2025-07-05,Store-Central-02,SKU-FMCG-04,75,31.65,0,1,6,0
2025-07-06,Store-Central-02,SKU-FMCG-04,71,31.65,0,1,6,0
2025-07-07,Store-Central-02,SKU-FMCG-04,58,31.65,0,0,6,0
2025-07-08,Store-Central-02,SKU-FMCG-04,45,31.65,0,0,6,0
2025-07-09,Store-Central-02,SKU-FMCG-04,42,31.65,0,0,6,0
2025-07-10,Store-Central-02,SKU-FMCG-04,37,31.65,0,0,6,0
2025-07-11,Store-Central-02,SKU-FMCG-04,43,31.65,0,0,6,0
2025-07-12,Store-Central-02,SKU-FMCG-04,63,31.65,0,1,6,0
2025-07-13,Store-Central-02,SKU-FMCG-04,69,31.65,0,1,6,0
2025-07-14,Store-Central-02,SKU-FMCG-04,52,31.65,0,0,6,0
2025-07-15,Store-Central-02,SKU-FMCG-04,40,31.65,0,0,6,0
2025-07-16,Store-Central-02,SKU-FMCG-04,0,26.9,1,0,6,1
2025-07-17,Store-Central-02,SKU-FMCG-04,76,26.9,1,0,6,0
2025-07-18,Store-Central-02,SKU-FMCG-04,46,31.65,0,0,6,0
2025-07-19,Store-Central-02,SKU-FMCG-04,49,31.65,0,1,6,0
2025-07-20,Store-Central-02,SKU-FMCG-04,109,26.9,1,1,6,0
2025-07-21,Store-Central-02,SKU-FMCG-04,40,31.65,0,0,6,0
2025-07-22,Store-Central-02,SKU-FMCG-04,52,31.65,0,0,6,0
2025-07-23,Store-Central-02,SKU-FMCG-04,0,26.9,1,0,6,1
2025-07-24,Store-Central-02,SKU-FMCG-04,37,31.65,0,0,6,0
2025-07-25,Store-Central-02,SKU-FMCG-04,0,31.65,0,0,6,1
2025-07-26,Store-Central-02,SKU-FMCG-04,61,31.65,0,1,6,0
2025-07-27,Store-Central-02,SKU-FMCG-04,61,31.65,0,1,6,0
2025-07-28,Store-Central-02,SKU-FMCG-04,0,31.65,0,0,6,1
2025-07-29,Store-Central-02,SKU-FMCG-04,47,31.65,0,0,6,0
2025-07-30,Store-Central-02,SKU-FMCG-04,38,31.65,0,0,6,0
2025-07-31,Store-Central-02,SKU-FMCG-04,33,31.65,0,0,6,0
2025-08-01,Store-Central-02,SKU-FMCG-04,42,31.65,0,0,6,0
2025-08-02,Store-Central-02,SKU-FMCG-04,56,31.65,0,1,6,0
2025-08-03,Store-Central-02,SKU-FMCG-04,103,26.9,1,1,6,0
2025-08-04,Store-Central-02,SKU-FMCG-04,36,31.65,0,0,6,0
2025-08-05,Store-Central-02,SKU-FMCG-04,39,31.65,0,0,6,0
2025-08-06,Store-Central-02,SKU-FMCG-04,50,31.65,0,0,6,0
2025-08-07,Store-Central-02,SKU-FMCG-04,64,26.9,1,0,6,0
2025-08-08,Store-Central-02,SKU-FMCG-04,56,31.65,0,0,6,0
2025-08-09,Store-Central-02,SKU-FMCG-04,67,31.65,0,1,6,0
2025-08-10,Store-Central-02,SKU-FMCG-04,50,31.65,0,1,6,0
2025-08-11,Store-Central-02,SKU-FMCG-04,44,31.65,0,0,6,0
2025-08-12,Store-Central-02,SKU-FMCG-04,49,31.65,0,0,6,0
2025-08-13,Store-Central-02,SKU-FMCG-04,35,31.65,0,0,6,0
2025-08-14,Store-Central-02,SKU-FMCG-04,31,31.65,0,0,6,0
2025-08-15,Store-Central-02,SKU-FMCG-04,39,31.65,0,0,6,0
2025-08-16,Store-Central-02,SKU-FMCG-04,53,31.65,0,1,6,0
2025-08-17,Store-Central-02,SKU-FMCG-04,50,31.65,0,1,6,0
2025-08-18,Store-Central-02,SKU-FMCG-04,32,31.65,0,0,6,0
2025-08-19,Store-Central-02,SKU-FMCG-04,49,31.65,0,0,6,0
2025-08-20,Store-Central-02,SKU-FMCG-04,52,26.9,1,0,6,0
2025-08-21,Store-Central-02,SKU-FMCG-04,24,31.65,0,0,6,0
2025-08-22,Store-Central-02,SKU-FMCG-04,38,31.65,0,0,6,0
2025-08-23,Store-Central-02,SKU-FMCG-04,93,26.9,1,1,6,0
2025-08-24,Store-Central-02,SKU-FMCG-04,58,31.65,0,1,6,0
2025-08-25,Store-Central-02,SKU-FMCG-04,36,31.65,0,0,6,0
2025-08-26,Store-Central-02,SKU-FMCG-04,47,31.65,0,0,6,0
2025-08-27,Store-Central-02,SKU-FMCG-04,40,31.65,0,0,6,0
2025-08-28,Store-Central-02,SKU-FMCG-04,37,31.65,0,0,6,0
2025-08-29,Store-Central-02,SKU-FMCG-04,0,31.65,0,0,6,1
2025-08-30,Store-Central-02,SKU-FMCG-04,77,26.9,1,1,6,0
2025-08-31,Store-Central-02,SKU-FMCG-04,51,31.65,0,1,6,0
2025-09-01,Store-Central-02,SKU-FMCG-04,32,31.65,0,0,6,0
2025-09-02,Store-Central-02,SKU-FMCG-04,32,31.65,0,0,6,0
2025-09-03,Store-Central-02,SKU-FMCG-04,62,26.9,1,0,6,0
2025-09-04,Store-Central-02,SKU-FMCG-04,31,31.65,0,0,6,0
2025-09-05,Store-Central-02,SKU-FMCG-04,35,31.65,0,0,6,0
2025-09-06,Store-Central-02,SKU-FMCG-04,40,31.65,0,1,6,0
2025-09-07,Store-Central-02,SKU-FMCG-04,44,31.65,0,1,6,0
2025-09-08,Store-Central-02,SKU-FMCG-04,39,31.65,0,0,6,0
2025-09-09,Store-Central-02,SKU-FMCG-04,34,31.65,0,0,6,0
2025-09-10,Store-Central-02,SKU-FMCG-04,43,31.65,0,0,6,0
2025-09-11,Store-Central-02,SKU-FMCG-04,28,31.65,0,0,6,0
2025-09-12,Store-Central-02,SKU-FMCG-04,41,31.65,0,0,6,0
2025-09-13,Store-Central-02,SKU-FMCG-04,61,31.65,0,1,6,0
2025-09-14,Store-Central-02,SKU-FMCG-04,45,31.65,0,1,6,0
2025-09-15,Store-Central-02,SKU-FMCG-04,66,26.9,1,0,6,0
2025-09-16,Store-Central-02,SKU-FMCG-04,31,31.65,0,0,6,0
2025-09-17,Store-Central-02,SKU-FMCG-04,41,31.65,0,0,6,0
2025-09-18,Store-Central-02,SKU-FMCG-04,31,31.65,0,0,6,0
2025-09-19,Store-Central-02,SKU-FMCG-04,45,31.65,0,0,6,0
2025-09-20,Store-Central-02,SKU-FMCG-04,68,26.9,1,1,6,0
2025-09-21,Store-Central-02,SKU-FMCG-04,53,31.65,0,1,6,0
2025-09-22,Store-Central-02,SKU-FMCG-04,39,31.65,0,0,6,0
2025-09-23,Store-Central-02,SKU-FMCG-04,0,31.65,0,0,6,1
2025-09-24,Store-Central-02,SKU-FMCG-04,32,31.65,0,0,6,0
2025-09-25,Store-Central-02,SKU-FMCG-04,42,31.65,0,0,6,0
2025-09-26,Store-Central-02,SKU-FMCG-04,35,31.65,0,0,6,0
2025-09-27,Store-Central-02,SKU-FMCG-04,33,31.65,0,1,6,0
2025-09-28,Store-Central-02,SKU-FMCG-04,38,31.65,0,1,6,0
2025-09-29,Store-Central-02,SKU-FMCG-04,37,31.65,0,0,6,0
2025-09-30,Store-Central-02,SKU-FMCG-04,31,31.65,0,0,6,0
2025-10-01,Store-Central-02,SKU-FMCG-04,32,31.65,0,0,6,0
2025-10-02,Store-Central-02,SKU-FMCG-04,32,31.65,0,0,6,0
2025-10-03,Store-Central-02,SKU-FMCG-04,25,31.65,0,0,6,0
2025-10-04,Store-Central-02,SKU-FMCG-04,71,26.9,1,1,6,0
2025-10-05,Store-Central-02,SKU-FMCG-04,41,31.65,0,1,6,0
2025-10-06,Store-Central-02,SKU-FMCG-04,28,31.65,0,0,6,0
2025-10-07,Store-Central-02,SKU-FMCG-04,33,31.65,0,0,6,0
2025-10-08,Store-Central-02,SKU-FMCG-04,35,31.65,0,0,6,0
2025-10-09,Store-Central-02,SKU-FMCG-04,42,31.65,0,0,6,0
2025-10-10,Store-Central-02,SKU-FMCG-04,35,31.65,0,0,6,0
2025-10-11,Store-Central-02,SKU-FMCG-04,36,31.65,0,1,6,0
2025-10-12,Store-Central-02,SKU-FMCG-04,41,31.65,0,1,6,0
2025-10-13,Store-Central-02,SKU-FMCG-04,28,31.65,0,0,6,0
2025-10-14,Store-Central-02,SKU-FMCG-04,29,31.65,0,0,6,0
2025-10-15,Store-Central-02,SKU-FMCG-04,31,31.65,0,0,6,0
2025-10-16,Store-Central-02,SKU-FMCG-04,44,31.65,0,0,6,0
2025-10-17,Store-Central-02,SKU-FMCG-04,40,31.65,0,0,6,0
2025-10-18,Store-Central-02,SKU-FMCG-04,75,26.9,1,1,6,0
2025-10-19,Store-Central-02,SKU-FMCG-04,0,31.65,0,1,6,1
2025-10-20,Store-Central-02,SKU-FMCG-04,24,31.65,0,0,6,0
2025-10-21,Store-Central-02,SKU-FMCG-04,29,31.65,0,0,6,0
2025-10-22,Store-Central-02,SKU-FMCG-04,44,31.65,0,0,6,0
2025-10-23,Store-Central-02,SKU-FMCG-04,30,31.65,0,0,6,0
2025-10-24,Store-Central-02,SKU-FMCG-04,26,31.65,0,0,6,0
2025-10-25,Store-Central-02,SKU-FMCG-04,45,31.65,0,1,6,0
2025-10-26,Store-Central-02,SKU-FMCG-04,65,26.9,1,1,6,0
2025-10-27,Store-Central-02,SKU-FMCG-04,25,31.65,0,0,6,0
2025-10-28,Store-Central-02,SKU-FMCG-04,32,31.65,0,0,6,0
2025-10-29,Store-Central-02,SKU-FMCG-04,25,31.65,0,0,6,0
2025-10-30,Store-Central-02,SKU-FMCG-04,37,31.65,0,0,6,0
2025-10-31,Store-Central-02,SKU-FMCG-04,23,31.65,0,0,6,0
2025-11-01,Store-Central-02,SKU-FMCG-04,33,31.65,0,1,6,0
2025-11-02,Store-Central-02,SKU-FMCG-04,72,26.9,1,1,6,0
2025-11-03,Store-Central-02,SKU-FMCG-04,29,31.65,0,0,6,0
2025-11-04,Store-Central-02,SKU-FMCG-04,41,26.9,1,0,6,0
2025-11-05,Store-Central-02,SKU-FMCG-04,59,26.9,1,0,6,0
2025-11-06,Store-Central-02,SKU-FMCG-04,29,31.65,0,0,6,0
2025-11-07,Store-Central-02,SKU-FMCG-04,40,31.65,0,0,6,0
2025-11-08,Store-Central-02,SKU-FMCG-04,47,31.65,0,1,6,0
2025-11-09,Store-Central-02,SKU-FMCG-04,34,31.65,0,1,6,0
2025-11-10,Store-Central-02,SKU-FMCG-04,38,31.65,0,0,6,0
2025-11-11,Store-Central-02,SKU-FMCG-04,20,31.65,0,0,6,0
2025-11-12,Store-Central-02,SKU-FMCG-04,25,31.65,0,0,6,0
2025-11-13,Store-Central-02,SKU-FMCG-04,35,31.65,0,0,6,0
2025-11-14,Store-Central-02,SKU-FMCG-04,26,31.65,0,0,6,0
2025-11-15,Store-Central-02,SKU-FMCG-04,46,31.65,0,1,6,0
2025-11-16,Store-Central-02,SKU-FMCG-04,84,26.9,1,1,6,0
2025-11-17,Store-Central-02,SKU-FMCG-04,64,26.9,1,0,6,0
2025-11-18,Store-Central-02,SKU-FMCG-04,29,31.65,0,0,6,0
2025-11-19,Store-Central-02,SKU-FMCG-04,37,31.65,0,0,6,0
2025-11-20,Store-Central-02,SKU-FMCG-04,45,31.65,0,0,6,0
2025-11-21,Store-Central-02,SKU-FMCG-04,29,31.65,0,0,6,0
2025-11-22,Store-Central-02,SKU-FMCG-04,44,31.65,0,1,6,0
2025-11-23,Store-Central-02,SKU-FMCG-04,39,31.65,0,1,6,0
2025-11-24,Store-Central-02,SKU-FMCG-04,33,31.65,0,0,6,0
2025-11-25,Store-Central-02,SKU-FMCG-04,29,31.65,0,0,6,0
2025-11-26,Store-Central-02,SKU-FMCG-04,41,31.65,0,0,6,0
2025-11-27,Store-Central-02,SKU-FMCG-04,24,31.65,0,0,6,0
2025-11-28,Store-Central-02,SKU-FMCG-04,0,31.65,0,0,6,1
2025-11-29,Store-Central-02,SKU-FMCG-04,41,31.65,0,1,6,0
2025-11-30,Store-Central-02,SKU-FMCG-04,37,31.65,0,1,6,0
2025-12-01,Store-Central-02,SKU-FMCG-04,29,31.65,0,0,6,0
2025-12-02,Store-Central-02,SKU-FMCG-04,27,31.65,0,0,6,0
2025-12-03,Store-Central-02,SKU-FMCG-04,61,26.9,1,0,6,0
2025-12-04,Store-Central-02,SKU-FMCG-04,40,31.65,0,0,6,0
2025-12-05,Store-Central-02,SKU-FMCG-04,26,31.65,0,0,6,0
2025-12-06,Store-Central-02,SKU-FMCG-04,51,31.65,0,1,6,0
2025-12-07,Store-Central-02,SKU-FMCG-04,49,31.65,0,1,6,0
2025-12-08,Store-Central-02,SKU-FMCG-04,29,31.65,0,0,6,0
2025-12-09,Store-Central-02,SKU-FMCG-04,0,26.9,1,0,6,1
2025-12-10,Store-Central-02,SKU-FMCG-04,23,31.65,0,0,6,0
2025-12-11,Store-Central-02,SKU-FMCG-04,44,31.65,0,0,6,0
2025-12-12,Store-Central-02,SKU-FMCG-04,36,31.65,0,0,6,0
2025-12-13,Store-Central-02,SKU-FMCG-04,43,31.65,0,1,6,0
2025-12-14,Store-Central-02,SKU-FMCG-04,40,31.65,0,1,6,0
2025-12-15,Store-Central-02,SKU-FMCG-04,32,31.65,0,0,6,0
2025-12-16,Store-Central-02,SKU-FMCG-04,30,31.65,0,0,6,0
2025-12-17,Store-Central-02,SKU-FMCG-04,68,26.9,1,0,6,0
2025-12-18,Store-Central-02,SKU-FMCG-04,37,31.65,0,0,6,0
2025-12-19,Store-Central-02,SKU-FMCG-04,35,31.65,0,0,6,0
2025-12-20,Store-Central-02,SKU-FMCG-04,40,31.65,0,1,6,0
2025-12-21,Store-Central-02,SKU-FMCG-04,33,31.65,0,1,6,0
2025-12-22,Store-Central-02,SKU-FMCG-04,37,31.65,0,0,6,0
2025-12-23,Store-Central-02,SKU-FMCG-04,26,31.65,0,0,6,0
2025-12-24,Store-Central-02,SKU-FMCG-04,37,31.65,0,0,6,0
2025-12-25,Store-Central-02,SKU-FMCG-04,38,31.65,0,0,6,0
2025-12-26,Store-Central-02,SKU-FMCG-04,30,31.65,0,0,6,0
2025-12-27,Store-Central-02,SKU-FMCG-04,49,31.65,0,1,6,0
2025-12-28,Store-Central-02,SKU-FMCG-04,58,31.65,0,1,6,0
2025-12-29,Store-Central-02,SKU-FMCG-04,32,31.65,0,0,6,0
2025-12-30,Store-Central-02,SKU-FMCG-04,25,31.65,0,0,6,0
2025-12-31,Store-Central-02,SKU-FMCG-04,36,31.65,0,0,6,0
2024-01-01,Store-South-03,SKU-ELECTRONICS-01,55,92.21,0,0,8,0
2024-01-02,Store-South-03,SKU-ELECTRONICS-01,74,92.21,0,0,8,0
2024-01-03,Store-South-03,SKU-ELECTRONICS-01,54,92.21,0,0,8,0
2024-01-04,Store-South-03,SKU-ELECTRONICS-01,60,92.21,0,0,8,0
2024-01-05,Store-South-03,SKU-ELECTRONICS-01,64,92.21,0,0,8,0
2024-01-06,Store-South-03,SKU-ELECTRONICS-01,0,78.38,1,1,8,1
2024-01-07,Store-South-03,SKU-ELECTRONICS-01,126,78.38,1,1,8,0
2024-01-08,Store-South-03,SKU-ELECTRONICS-01,92,78.38,1,0,8,0
2024-01-09,Store-South-03,SKU-ELECTRONICS-01,53,92.21,0,0,8,0
2024-01-10,Store-South-03,SKU-ELECTRONICS-01,63,92.21,0,0,8,0
2024-01-11,Store-South-03,SKU-ELECTRONICS-01,68,92.21,0,0,8,0
2024-01-12,Store-South-03,SKU-ELECTRONICS-01,0,92.21,0,0,8,1
2024-01-13,Store-South-03,SKU-ELECTRONICS-01,89,92.21,0,1,8,0
2024-01-14,Store-South-03,SKU-ELECTRONICS-01,154,78.38,1,1,8,0
2024-01-15,Store-South-03,SKU-ELECTRONICS-01,62,92.21,0,0,8,0
2024-01-16,Store-South-03,SKU-ELECTRONICS-01,58,92.21,0,0,8,0
2024-01-17,Store-South-03,SKU-ELECTRONICS-01,0,92.21,0,0,8,1
2024-01-18,Store-South-03,SKU-ELECTRONICS-01,65,92.21,0,0,8,0
2024-01-19,Store-South-03,SKU-ELECTRONICS-01,65,92.21,0,0,8,0
2024-01-20,Store-South-03,SKU-ELECTRONICS-01,163,78.38,1,1,8,0
2024-01-21,Store-South-03,SKU-ELECTRONICS-01,91,92.21,0,1,8,0
2024-01-22,Store-South-03,SKU-ELECTRONICS-01,70,92.21,0,0,8,0
2024-01-23,Store-South-03,SKU-ELECTRONICS-01,73,92.21,0,0,8,0
2024-01-24,Store-South-03,SKU-ELECTRONICS-01,57,92.21,0,0,8,0
2024-01-25,Store-South-03,SKU-ELECTRONICS-01,76,92.21,0,0,8,0
2024-01-26,Store-South-03,SKU-ELECTRONICS-01,0,92.21,0,0,8,1
2024-01-27,Store-South-03,SKU-ELECTRONICS-01,98,92.21,0,1,8,0
2024-01-28,Store-South-03,SKU-ELECTRONICS-01,164,78.38,1,1,8,0
2024-01-29,Store-South-03,SKU-ELECTRONICS-01,0,92.21,0,0,8,1
2024-01-30,Store-South-03,SKU-ELECTRONICS-01,71,92.21,0,0,8,0
2024-01-31,Store-South-03,SKU-ELECTRONICS-01,129,78.38,1,0,8,0
2024-02-01,Store-South-03,SKU-ELECTRONICS-01,67,92.21,0,0,8,0
2024-02-02,Store-South-03,SKU-ELECTRONICS-01,77,92.21,0,0,8,0
2024-02-03,Store-South-03,SKU-ELECTRONICS-01,71,92.21,0,1,8,0
2024-02-04,Store-South-03,SKU-ELECTRONICS-01,155,78.38,1,1,8,0
2024-02-05,Store-South-03,SKU-ELECTRONICS-01,69,92.21,0,0,8,0
2024-02-06,Store-South-03,SKU-ELECTRONICS-01,93,92.21,0,0,8,0
2024-02-07,Store-South-03,SKU-ELECTRONICS-01,78,92.21,0,0,8,0
2024-02-08,Store-South-03,SKU-ELECTRONICS-01,77,92.21,0,0,8,0
2024-02-09,Store-South-03,SKU-ELECTRONICS-01,65,92.21,0,0,8,0
2024-02-10,Store-South-03,SKU-ELECTRONICS-01,164,78.38,1,1,8,0
2024-02-11,Store-South-03,SKU-ELECTRONICS-01,89,92.21,0,1,8,0
2024-02-12,Store-South-03,SKU-ELECTRONICS-01,67,92.21,0,0,8,0
2024-02-13,Store-South-03,SKU-ELECTRONICS-01,83,92.21,0,0,8,0
2024-02-14,Store-South-03,SKU-ELECTRONICS-01,65,92.21,0,0,8,0
2024-02-15,Store-South-03,SKU-ELECTRONICS-01,0,92.21,0,0,8,1
2024-02-16,Store-South-03,SKU-ELECTRONICS-01,74,92.21,0,0,8,0
2024-02-17,Store-South-03,SKU-ELECTRONICS-01,105,92.21,0,1,8,0
2024-02-18,Store-South-03,SKU-ELECTRONICS-01,173,78.38,1,1,8,0
2024-02-19,Store-South-03,SKU-ELECTRONICS-01,129,78.38,1,0,8,0
2024-02-20,Store-South-03,SKU-ELECTRONICS-01,70,92.21,0,0,8,0
2024-02-21,Store-South-03,SKU-ELECTRONICS-01,68,92.21,0,0,8,0
2024-02-22,Store-South-03,SKU-ELECTRONICS-01,79,92.21,0,0,8,0
2024-02-23,Store-South-03,SKU-ELECTRONICS-01,84,92.21,0,0,8,0
2024-02-24,Store-South-03,SKU-ELECTRONICS-01,108,92.21,0,1,8,0
2024-02-25,Store-South-03,SKU-ELECTRONICS-01,178,78.38,1,1,8,0
2024-02-26,Store-South-03,SKU-ELECTRONICS-01,139,78.38,1,0,8,0
2024-02-27,Store-South-03,SKU-ELECTRONICS-01,140,78.38,1,0,8,0
2024-02-28,Store-South-03,SKU-ELECTRONICS-01,69,92.21,0,0,8,0
2024-02-29,Store-South-03,SKU-ELECTRONICS-01,69,92.21,0,0,8,0
2024-03-01,Store-South-03,SKU-ELECTRONICS-01,79,92.21,0,0,8,0
2024-03-02,Store-South-03,SKU-ELECTRONICS-01,113,92.21,0,1,8,0
2024-03-03,Store-South-03,SKU-ELECTRONICS-01,98,92.21,0,1,8,0
2024-03-04,Store-South-03,SKU-ELECTRONICS-01,88,92.21,0,0,8,0
2024-03-05,Store-South-03,SKU-ELECTRONICS-01,79,92.21,0,0,8,0
2024-03-06,Store-South-03,SKU-ELECTRONICS-01,77,92.21,0,0,8,0
2024-03-07,Store-South-03,SKU-ELECTRONICS-01,0,92.21,0,0,8,1
2024-03-08,Store-South-03,SKU-ELECTRONICS-01,89,92.21,0,0,8,0
2024-03-09,Store-South-03,SKU-ELECTRONICS-01,116,92.21,0,1,8,0
2024-03-10,Store-South-03,SKU-ELECTRONICS-01,106,92.21,0,1,8,0
2024-03-11,Store-South-03,SKU-ELECTRONICS-01,76,92.21,0,0,8,0
2024-03-12,Store-South-03,SKU-ELECTRONICS-01,79,92.21,0,0,8,0
2024-03-13,Store-South-03,SKU-ELECTRONICS-01,68,92.21,0,0,8,0
2024-03-14,Store-South-03,SKU-ELECTRONICS-01,76,92.21,0,0,8,0
2024-03-15,Store-South-03,SKU-ELECTRONICS-01,162,78.38,1,0,8,0
2024-03-16,Store-South-03,SKU-ELECTRONICS-01,100,92.21,0,1,8,0
2024-03-17,Store-South-03,SKU-ELECTRONICS-01,94,92.21,0,1,8,0
2024-03-18,Store-South-03,SKU-ELECTRONICS-01,82,92.21,0,0,8,0
2024-03-19,Store-South-03,SKU-ELECTRONICS-01,93,92.21,0,0,8,0
2024-03-20,Store-South-03,SKU-ELECTRONICS-01,78,92.21,0,0,8,0
2024-03-21,Store-South-03,SKU-ELECTRONICS-01,81,92.21,0,0,8,0
2024-03-22,Store-South-03,SKU-ELECTRONICS-01,101,92.21,0,0,8,0
2024-03-23,Store-South-03,SKU-ELECTRONICS-01,127,92.21,0,1,8,0
2024-03-24,Store-South-03,SKU-ELECTRONICS-01,112,92.21,0,1,8,0
2024-03-25,Store-South-03,SKU-ELECTRONICS-01,86,92.21,0,0,8,0
2024-03-26,Store-South-03,SKU-ELECTRONICS-01,99,92.21,0,0,8,0
2024-03-27,Store-South-03,SKU-ELECTRONICS-01,64,92.21,0,0,8,0
2024-03-28,Store-South-03,SKU-ELECTRONICS-01,90,92.21,0,0,8,0
2024-03-29,Store-South-03,SKU-ELECTRONICS-01,101,92.21,0,0,8,0
2024-03-30,Store-South-03,SKU-ELECTRONICS-01,99,92.21,0,1,8,0
2024-03-31,Store-South-03,SKU-ELECTRONICS-01,228,78.38,1,1,8,0
2024-04-01,Store-South-03,SKU-ELECTRONICS-01,88,92.21,0,0,8,0
2024-04-02,Store-South-03,SKU-ELECTRONICS-01,97,92.21,0,0,8,0
2024-04-03,Store-South-03,SKU-ELECTRONICS-01,78,92.21,0,0,8,0
2024-04-04,Store-South-03,SKU-ELECTRONICS-01,88,92.21,0,0,8,0
2024-04-05,Store-South-03,SKU-ELECTRONICS-01,85,92.21,0,0,8,0
2024-04-06,Store-South-03,SKU-ELECTRONICS-01,222,78.38,1,1,8,0
2024-04-07,Store-South-03,SKU-ELECTRONICS-01,0,92.21,0,1,8,1
2024-04-08,Store-South-03,SKU-ELECTRONICS-01,92,92.21,0,0,8,0
2024-04-09,Store-South-03,SKU-ELECTRONICS-01,78,92.21,0,0,8,0
2024-04-10,Store-South-03,SKU-ELECTRONICS-01,102,92.21,0,0,8,0
2024-04-11,Store-South-03,SKU-ELECTRONICS-01,82,92.21,0,0,8,0
2024-04-12,Store-South-03,SKU-ELECTRONICS-01,99,92.21,0,0,8,0
2024-04-13,Store-South-03,SKU-ELECTRONICS-01,114,92.21,0,1,8,0
2024-04-14,Store-South-03,SKU-ELECTRONICS-01,110,92.21,0,1,8,0
2024-04-15,Store-South-03,SKU-ELECTRONICS-01,78,92.21,0,0,8,0
2024-04-16,Store-South-03,SKU-ELECTRONICS-01,77,92.21,0,0,8,0
2024-04-17,Store-South-03,SKU-ELECTRONICS-01,93,92.21,0,0,8,0
2024-04-18,Store-South-03,SKU-ELECTRONICS-01,0,92.21,0,0,8,1
2024-04-19,Store-South-03,SKU-ELECTRONICS-01,68,92.21,0,0,8,0
2024-04-20,Store-South-03,SKU-ELECTRONICS-01,127,92.21,0,1,8,0
2024-04-21,Store-South-03,SKU-ELECTRONICS-01,115,92.21,0,1,8,0
2024-04-22,Store-South-03,SKU-ELECTRONICS-01,86,92.21,0,0,8,0
2024-04-23,Store-South-03,SKU-ELECTRONICS-01,90,92.21,0,0,8,0
2024-04-24,Store-South-03,SKU-ELECTRONICS-01,86,92.21,0,0,8,0
2024-04-25,Store-South-03,SKU-ELECTRONICS-01,95,92.21,0,0,8,0
2024-04-26,Store-South-03,SKU-ELECTRONICS-01,78,92.21,0,0,8,0
2024-04-27,Store-South-03,SKU-ELECTRONICS-01,113,92.21,0,1,8,0
2024-04-28,Store-South-03,SKU-ELECTRONICS-01,104,92.21,0,1,8,0
2024-04-29,Store-South-03,SKU-ELECTRONICS-01,83,92.21,0,0,8,0
2024-04-30,Store-South-03,SKU-ELECTRONICS-01,96,92.21,0,0,8,0
2024-05-01,Store-South-03,SKU-ELECTRONICS-01,90,92.21,0,0,8,0
2024-05-02,Store-South-03,SKU-ELECTRONICS-01,144,78.38,1,0,8,0
2024-05-03,Store-South-03,SKU-ELECTRONICS-01,82,92.21,0,0,8,0
2024-05-04,Store-South-03,SKU-ELECTRONICS-01,138,92.21,0,1,8,0
2024-05-05,Store-South-03,SKU-ELECTRONICS-01,122,92.21,0,1,8,0
2024-05-06,Store-South-03,SKU-ELECTRONICS-01,152,78.38,1,0,8,0
2024-05-07,Store-South-03,SKU-ELECTRONICS-01,88,92.21,0,0,8,0
2024-05-08,Store-South-03,SKU-ELECTRONICS-01,93,92.21,0,0,8,0
2024-05-09,Store-South-03,SKU-ELECTRONICS-01,80,92.21,0,0,8,0
2024-05-10,Store-South-03,SKU-ELECTRONICS-01,85,92.21,0,0,8,0
2024-05-11,Store-South-03,SKU-ELECTRONICS-01,122,92.21,0,1,8,0
2024-05-12,Store-South-03,SKU-ELECTRONICS-01,128,92.21,0,1,8,0
2024-05-13,Store-South-03,SKU-ELECTRONICS-01,155,78.38,1,0,8,0
2024-05-14,Store-South-03,SKU-ELECTRONICS-01,143,78.38,1,0,8,0
2024-05-15,Store-South-03,SKU-ELECTRONICS-01,93,92.21,0,0,8,0
2024-05-16,Store-South-03,SKU-ELECTRONICS-01,155,78.38,1,0,8,0
2024-05-17,Store-South-03,SKU-ELECTRONICS-01,108,92.21,0,0,8,0
2024-05-18,Store-South-03,SKU-ELECTRONICS-01,124,92.21,0,1,8,0
2024-05-19,Store-South-03,SKU-ELECTRONICS-01,115,92.21,0,1,8,0
2024-05-20,Store-South-03,SKU-ELECTRONICS-01,101,92.21,0,0,8,0
2024-05-21,Store-South-03,SKU-ELECTRONICS-01,105,92.21,0,0,8,0
2024-05-22,Store-South-03,SKU-ELECTRONICS-01,83,92.21,0,0,8,0
2024-05-23,Store-South-03,SKU-ELECTRONICS-01,180,78.38,1,0,8,0
2024-05-24,Store-South-03,SKU-ELECTRONICS-01,83,92.21,0,0,8,0
2024-05-25,Store-South-03,SKU-ELECTRONICS-01,127,92.21,0,1,8,0
2024-05-26,Store-South-03,SKU-ELECTRONICS-01,105,92.21,0,1,8,0
2024-05-27,Store-South-03,SKU-ELECTRONICS-01,73,92.21,0,0,8,0
2024-05-28,Store-South-03,SKU-ELECTRONICS-01,94,92.21,0,0,8,0
2024-05-29,Store-South-03,SKU-ELECTRONICS-01,0,78.38,1,0,8,1
2024-05-30,Store-South-03,SKU-ELECTRONICS-01,86,92.21,0,0,8,0
2024-05-31,Store-South-03,SKU-ELECTRONICS-01,80,92.21,0,0,8,0
2024-06-01,Store-South-03,SKU-ELECTRONICS-01,109,92.21,0,1,8,0
2024-06-02,Store-South-03,SKU-ELECTRONICS-01,196,78.38,1,1,8,0
2024-06-03,Store-South-03,SKU-ELECTRONICS-01,152,78.38,1,0,8,0
2024-06-04,Store-South-03,SKU-ELECTRONICS-01,81,92.21,0,0,8,0
2024-06-05,Store-South-03,SKU-ELECTRONICS-01,85,92.21,0,0,8,0
2024-06-06,Store-South-03,SKU-ELECTRONICS-01,73,92.21,0,0,8,0
2024-06-07,Store-South-03,SKU-ELECTRONICS-01,83,92.21,0,0,8,0
2024-06-08,Store-South-03,SKU-ELECTRONICS-01,113,92.21,0,1,8,0
2024-06-09,Store-South-03,SKU-ELECTRONICS-01,109,92.21,0,1,8,0
2024-06-10,Store-South-03,SKU-ELECTRONICS-01,160,78.38,1,0,8,0
2024-06-11,Store-South-03,SKU-ELECTRONICS-01,0,92.21,0,0,8,1
2024-06-12,Store-South-03,SKU-ELECTRONICS-01,80,92.21,0,0,8,0
2024-06-13,Store-South-03,SKU-ELECTRONICS-01,77,92.21,0,0,8,0
2024-06-14,Store-South-03,SKU-ELECTRONICS-01,138,78.38,1,0,8,0
2024-06-15,Store-South-03,SKU-ELECTRONICS-01,118,92.21,0,1,8,0
2024-06-16,Store-South-03,SKU-ELECTRONICS-01,100,92.21,0,1,8,0
2024-06-17,Store-South-03,SKU-ELECTRONICS-01,77,92.21,0,0,8,0
2024-06-18,Store-South-03,SKU-ELECTRONICS-01,88,92.21,0,0,8,0
2024-06-19,Store-South-03,SKU-ELECTRONICS-01,87,92.21,0,0,8,0
2024-06-20,Store-South-03,SKU-ELECTRONICS-01,89,92.21,0,0,8,0
2024-06-21,Store-South-03,SKU-ELECTRONICS-01,88,92.21,0,0,8,0
2024-06-22,Store-South-03,SKU-ELECTRONICS-01,184,78.38,1,1,8,0
2024-06-23,Store-South-03,SKU-ELECTRONICS-01,207,78.38,1,1,8,0
2024-06-24,Store-South-03,SKU-ELECTRONICS-01,90,92.21,0,0,8,0
2024-06-25,Store-South-03,SKU-ELECTRONICS-01,84,92.21,0,0,8,0
2024-06-26,Store-South-03,SKU-ELECTRONICS-01,77,92.21,0,0,8,0
2024-06-27,Store-South-03,SKU-ELECTRONICS-01,80,92.21,0,0,8,0
2024-06-28,Store-South-03,SKU-ELECTRONICS-01,65,92.21,0,0,8,0
2024-06-29,Store-South-03,SKU-ELECTRONICS-01,102,92.21,0,1,8,0
2024-06-30,Store-South-03,SKU-ELECTRONICS-01,120,92.21,0,1,8,0
2024-07-01,Store-South-03,SKU-ELECTRONICS-01,79,92.21,0,0,8,0
2024-07-02,Store-South-03,SKU-ELECTRONICS-01,66,92.21,0,0,8,0
2024-07-03,Store-South-03,SKU-ELECTRONICS-01,64,92.21,0,0,8,0
2024-07-04,Store-South-03,SKU-ELECTRONICS-01,148,78.38,1,0,8,0
2024-07-05,Store-South-03,SKU-ELECTRONICS-01,68,92.21,0,0,8,0
2024-07-06,Store-South-03,SKU-ELECTRONICS-01,159,78.38,1,1,8,0
2024-07-07,Store-South-03,SKU-ELECTRONICS-01,103,92.21,0,1,8,0
2024-07-08,Store-South-03,SKU-ELECTRONICS-01,93,92.21,0,0,8,0
2024-07-09,Store-South-03,SKU-ELECTRONICS-01,121,78.38,1,0,8,0
2024-07-10,Store-South-03,SKU-ELECTRONICS-01,72,92.21,0,0,8,0
2024-07-11,Store-South-03,SKU-ELECTRONICS-01,75,92.21,0,0,8,0
2024-07-12,Store-South-03,SKU-ELECTRONICS-01,67,92.21,0,0,8,0
2024-07-13,Store-South-03,SKU-ELECTRONICS-01,84,92.21,0,1,8,0
2024-07-14,Store-South-03,SKU-ELECTRONICS-01,108,92.21,0,1,8,0
2024-07-15,Store-South-03,SKU-ELECTRONICS-01,83,92.21,0,0,8,0
2024-07-16,Store-South-03,SKU-ELECTRONICS-01,79,92.21,0,0,8,0
2024-07-17,Store-South-03,SKU-ELECTRONICS-01,77,92.21,0,0,8,0
2024-07-18,Store-South-03,SKU-ELECTRONICS-01,70,92.21,0,0,8,0
2024-07-19,Store-South-03,SKU-ELECTRONICS-01,142,78.38,1,0,8,0
2024-07-20,Store-South-03,SKU-ELECTRONICS-01,92,92.21,0,1,8,0
2024-07-21,Store-South-03,SKU-ELECTRONICS-01,206,78.38,1,1,8,0
2024-07-22,Store-South-03,SKU-ELECTRONICS-01,75,92.21,0,0,8,0
2024-07-23,Store-South-03,SKU-ELECTRONICS-01,69,92.21,0,0,8,0
2024-07-24,Store-South-03,SKU-ELECTRONICS-01,66,92.21,0,0,8,0
2024-07-25,Store-South-03,SKU-ELECTRONICS-01,66,92.21,0,0,8,0
2024-07-26,Store-South-03,SKU-ELECTRONICS-01,119,78.38,1,0,8,0
2024-07-27,Store-South-03,SKU-ELECTRONICS-01,113,92.21,0,1,8,0
2024-07-28,Store-South-03,SKU-ELECTRONICS-01,86,92.21,0,1,8,0
2024-07-29,Store-South-03,SKU-ELECTRONICS-01,49,92.21,0,0,8,0
2024-07-30,Store-South-03,SKU-ELECTRONICS-01,66,92.21,0,0,8,0
2024-07-31,Store-South-03,SKU-ELECTRONICS-01,79,92.21,0,0,8,0
2024-08-01,Store-South-03,SKU-ELECTRONICS-01,68,92.21,0,0,8,0
2024-08-02,Store-South-03,SKU-ELECTRONICS-01,64,92.21,0,0,8,0
2024-08-03,Store-South-03,SKU-ELECTRONICS-01,96,92.21,0,1,8,0
2024-08-04,Store-South-03,SKU-ELECTRONICS-01,100,92.21,0,1,8,0
2024-08-05,Store-South-03,SKU-ELECTRONICS-01,56,92.21,0,0,8,0
2024-08-06,Store-South-03,SKU-ELECTRONICS-01,0,92.21,0,0,8,1
2024-08-07,Store-South-03,SKU-ELECTRONICS-01,61,92.21,0,0,8,0
2024-08-08,Store-South-03,SKU-ELECTRONICS-01,0,92.21,0,0,8,1
2024-08-09,Store-South-03,SKU-ELECTRONICS-01,64,92.21,0,0,8,0
2024-08-10,Store-South-03,SKU-ELECTRONICS-01,82,92.21,0,1,8,0
2024-08-11,Store-South-03,SKU-ELECTRONICS-01,95,92.21,0,1,8,0
2024-08-12,Store-South-03,SKU-ELECTRONICS-01,57,92.21,0,0,8,0
2024-08-13,Store-South-03,SKU-ELECTRONICS-01,57,92.21,0,0,8,0
2024-08-14,Store-South-03,SKU-ELECTRONICS-01,55,92.21,0,0,8,0
2024-08-15,Store-South-03,SKU-ELECTRONICS-01,65,92.21,0,0,8,0
2024-08-16,Store-South-03,SKU-ELECTRONICS-01,71,92.21,0,0,8,0
2024-08-17,Store-South-03,SKU-ELECTRONICS-01,80,92.21,0,1,8,0
2024-08-18,Store-South-03,SKU-ELECTRONICS-01,100,92.21,0,1,8,0
2024-08-19,Store-South-03,SKU-ELECTRONICS-01,58,92.21,0,0,8,0
2024-08-20,Store-South-03,SKU-ELECTRONICS-01,67,92.21,0,0,8,0
2024-08-21,Store-South-03,SKU-ELECTRONICS-01,64,92.21,0,0,8,0
2024-08-22,Store-South-03,SKU-ELECTRONICS-01,56,92.21,0,0,8,0
2024-08-23,Store-South-03,SKU-ELECTRONICS-01,58,92.21,0,0,8,0
2024-08-24,Store-South-03,SKU-ELECTRONICS-01,71,92.21,0,1,8,0
2024-08-25,Store-South-03,SKU-ELECTRONICS-01,75,92.21,0,1,8,0
2024-08-26,Store-South-03,SKU-ELECTRONICS-01,46,92.21,0,0,8,0
2024-08-27,Store-South-03,SKU-ELECTRONICS-01,95,78.38,1,0,8,0
2024-08-28,Store-South-03,SKU-ELECTRONICS-01,56,92.21,0,0,8,0
2024-08-29,Store-South-03,SKU-ELECTRONICS-01,67,92.21,0,0,8,0
2024-08-30,Store-South-03,SKU-ELECTRONICS-01,52,92.21,0,0,8,0
2024-08-31,Store-South-03,SKU-ELECTRONICS-01,67,92.21,0,1,8,0
2024-09-01,Store-South-03,SKU-ELECTRONICS-01,72,92.21,0,1,8,0
2024-09-02,Store-South-03,SKU-ELECTRONICS-01,63,92.21,0,0,8,0
2024-09-03,Store-South-03,SKU-ELECTRONICS-01,56,92.21,0,0,8,0
2024-09-04,Store-South-03,SKU-ELECTRONICS-01,64,92.21,0,0,8,0
2024-09-05,Store-South-03,SKU-ELECTRONICS-01,58,92.21,0,0,8,0
2024-09-06,Store-South-03,SKU-ELECTRONICS-01,107,78.38,1,0,8,0
2024-09-07,Store-South-03,SKU-ELECTRONICS-01,69,92.21,0,1,8,0
2024-09-08,Store-South-03,SKU-ELECTRONICS-01,78,92.21,0,1,8,0
2024-09-09,Store-South-03,SKU-ELECTRONICS-01,58,92.21,0,0,8,0
2024-09-10,Store-South-03,SKU-ELECTRONICS-01,65,92.21,0,0,8,0
2024-09-11,Store-South-03,SKU-ELECTRONICS-01,58,92.21,0,0,8,0
2024-09-12,Store-South-03,SKU-ELECTRONICS-01,67,92.21,0,0,8,0
2024-09-13,Store-South-03,SKU-ELECTRONICS-01,52,92.21,0,0,8,0
2024-09-14,Store-South-03,SKU-ELECTRONICS-01,58,92.21,0,1,8,0
2024-09-15,Store-South-03,SKU-ELECTRONICS-01,74,92.21,0,1,8,0
2024-09-16,Store-South-03,SKU-ELECTRONICS-01,65,92.21,0,0,8,0
2024-09-17,Store-South-03,SKU-ELECTRONICS-01,64,92.21,0,0,8,0
2024-09-18,Store-South-03,SKU-ELECTRONICS-01,60,92.21,0,0,8,0
2024-09-19,Store-South-03,SKU-ELECTRONICS-01,49,92.21,0,0,8,0
2024-09-20,Store-South-03,SKU-ELECTRONICS-01,46,92.21,0,0,8,0
2024-09-21,Store-South-03,SKU-ELECTRONICS-01,61,92.21,0,1,8,0
2024-09-22,Store-South-03,SKU-ELECTRONICS-01,74,92.21,0,1,8,0
2024-09-23,Store-South-03,SKU-ELECTRONICS-01,86,78.38,1,0,8,0
2024-09-24,Store-South-03,SKU-ELECTRONICS-01,56,92.21,0,0,8,0
2024-09-25,Store-South-03,SKU-ELECTRONICS-01,81,78.38,1,0,8,0
2024-09-26,Store-South-03,SKU-ELECTRONICS-01,52,92.21,0,0,8,0
2024-09-27,Store-South-03,SKU-ELECTRONICS-01,52,92.21,0,0,8,0
2024-09-28,Store-South-03,SKU-ELECTRONICS-01,53,92.21,0,1,8,0
2024-09-29,Store-South-03,SKU-ELECTRONICS-01,94,92.21,0,1,8,0
2024-09-30,Store-South-03,SKU-ELECTRONICS-01,53,92.21,0,0,8,0
2024-10-01,Store-South-03,SKU-ELECTRONICS-01,48,92.21,0,0,8,0
2024-10-02,Store-South-03,SKU-ELECTRONICS-01,89,78.38,1,0,8,0
2024-10-03,Store-South-03,SKU-ELECTRONICS-01,58,92.21,0,0,8,0
2024-10-04,Store-South-03,SKU-ELECTRONICS-01,51,92.21,0,0,8,0
2024-10-05,Store-South-03,SKU-ELECTRONICS-01,56,92.21,0,1,8,0
2024-10-06,Store-South-03,SKU-ELECTRONICS-01,70,92.21,0,1,8,0
2024-10-07,Store-South-03,SKU-ELECTRONICS-01,42,92.21,0,0,8,0
2024-10-08,Store-South-03,SKU-ELECTRONICS-01,0,92.21,0,0,8,1
2024-10-09,Store-South-03,SKU-ELECTRONICS-01,51,92.21,0,0,8,0
2024-10-10,Store-South-03,SKU-ELECTRONICS-01,40,92.21,0,0,8,0
2024-10-11,Store-South-03,SKU-ELECTRONICS-01,47,92.21,0,0,8,0
2024-10-12,Store-South-03,SKU-ELECTRONICS-01,67,92.21,0,1,8,0
2024-10-13,Store-South-03,SKU-ELECTRONICS-01,58,92.21,0,1,8,0
2024-10-14,Store-South-03,SKU-ELECTRONICS-01,46,92.21,0,0,8,0
2024-10-15,Store-South-03,SKU-ELECTRONICS-01,55,92.21,0,0,8,0
2024-10-16,Store-South-03,SKU-ELECTRONICS-01,39,92.21,0,0,8,0
2024-10-17,Store-South-03,SKU-ELECTRONICS-01,59,92.21,0,0,8,0
2024-10-18,Store-South-03,SKU-ELECTRONICS-01,75,78.38,1,0,8,0
2024-10-19,Store-South-03,SKU-ELECTRONICS-01,69,92.21,0,1,8,0
2024-10-20,Store-South-03,SKU-ELECTRONICS-01,68,92.21,0,1,8,0
2024-10-21,Store-South-03,SKU-ELECTRONICS-01,48,92.21,0,0,8,0
2024-10-22,Store-South-03,SKU-ELECTRONICS-01,44,92.21,0,0,8,0
2024-10-23,Store-South-03,SKU-ELECTRONICS-01,50,92.21,0,0,8,0
2024-10-24,Store-South-03,SKU-ELECTRONICS-01,51,92.21,0,0,8,0
2024-10-25,Store-South-03,SKU-ELECTRONICS-01,37,92.21,0,0,8,0
2024-10-26,Store-South-03,SKU-ELECTRONICS-01,59,92.21,0,1,8,0
2024-10-27,Store-South-03,SKU-ELECTRONICS-01,131,78.38,1,1,8,0
2024-10-28,Store-South-03,SKU-ELECTRONICS-01,46,92.21,0,0,8,0
2024-10-29,Store-South-03,SKU-ELECTRONICS-01,46,92.21,0,0,8,0
2024-10-30,Store-South-03,SKU-ELECTRONICS-01,38,92.21,0,0,8,0
2024-10-31,Store-South-03,SKU-ELECTRONICS-01,46,92.21,0,0,8,0
2024-11-01,Store-South-03,SKU-ELECTRONICS-01,49,92.21,0,0,8,0
2024-11-02,Store-South-03,SKU-ELECTRONICS-01,104,78.38,1,1,8,0
2024-11-03,Store-South-03,SKU-ELECTRONICS-01,73,92.21,0,1,8,0
2024-11-04,Store-South-03,SKU-ELECTRONICS-01,55,92.21,0,0,8,0
2024-11-05,Store-South-03,SKU-ELECTRONICS-01,59,92.21,0,0,8,0
2024-11-06,Store-South-03,SKU-ELECTRONICS-01,35,92.21,0,0,8,0
2024-11-07,Store-South-03,SKU-ELECTRONICS-01,46,92.21,0,0,8,0
2024-11-08,Store-South-03,SKU-ELECTRONICS-01,40,92.21,0,0,8,0
2024-11-09,Store-South-03,SKU-ELECTRONICS-01,71,92.21,0,1,8,0
2024-11-10,Store-South-03,SKU-ELECTRONICS-01,53,92.21,0,1,8,0
2024-11-11,Store-South-03,SKU-ELECTRONICS-01,47,92.21,0,0,8,0
2024-11-12,Store-South-03,SKU-ELECTRONICS-01,62,92.21,0,0,8,0
2024-11-13,Store-South-03,SKU-ELECTRONICS-01,0,92.21,0,0,8,1
2024-11-14,Store-South-03,SKU-ELECTRONICS-01,83,78.38,1,0,8,0
2024-11-15,Store-South-03,SKU-ELECTRONICS-01,56,92.21,0,0,8,0
2024-11-16,Store-South-03,SKU-ELECTRONICS-01,61,92.21,0,1,8,0
2024-11-17,Store-South-03,SKU-ELECTRONICS-01,71,92.21,0,1,8,0
2024-11-18,Store-South-03,SKU-ELECTRONICS-01,51,92.21,0,0,8,0
2024-11-19,Store-South-03,SKU-ELECTRONICS-01,55,92.21,0,0,8,0
2024-11-20,Store-South-03,SKU-ELECTRONICS-01,71,78.38,1,0,8,0
2024-11-21,Store-South-03,SKU-ELECTRONICS-01,43,92.21,0,0,8,0
2024-11-22,Store-South-03,SKU-ELECTRONICS-01,66,92.21,0,0,8,0
2024-11-23,Store-South-03,SKU-ELECTRONICS-01,74,92.21,0,1,8,0
2024-11-24,Store-South-03,SKU-ELECTRONICS-01,73,92.21,0,1,8,0
2024-11-25,Store-South-03,SKU-ELECTRONICS-01,64,92.21,0,0,8,0
2024-11-26,Store-South-03,SKU-ELECTRONICS-01,52,92.21,0,0,8,0
2024-11-27,Store-South-03,SKU-ELECTRONICS-01,45,92.21,0,0,8,0
2024-11-28,Store-South-03,SKU-ELECTRONICS-01,54,92.21,0,0,8,0
2024-11-29,Store-South-03,SKU-ELECTRONICS-01,48,92.21,0,0,8,0
2024-11-30,Store-South-03,SKU-ELECTRONICS-01,77,92.21,0,1,8,0
2024-12-01,Store-South-03,SKU-ELECTRONICS-01,60,92.21,0,1,8,0
2024-12-02,Store-South-03,SKU-ELECTRONICS-01,39,92.21,0,0,8,0
2024-12-03,Store-South-03,SKU-ELECTRONICS-01,58,92.21,0,0,8,0
2024-12-04,Store-South-03,SKU-ELECTRONICS-01,50,92.21,0,0,8,0
2024-12-05,Store-South-03,SKU-ELECTRONICS-01,0,78.38,1,0,8,1
2024-12-06,Store-South-03,SKU-ELECTRONICS-01,60,92.21,0,0,8,0
2024-12-07,Store-South-03,SKU-ELECTRONICS-01,66,92.21,0,1,8,0
2024-12-08,Store-South-03,SKU-ELECTRONICS-01,126,78.38,1,1,8,0
2024-12-09,Store-South-03,SKU-ELECTRONICS-01,68,92.21,0,0,8,0
2024-12-10,Store-South-03,SKU-ELECTRONICS-01,58,92.21,0,0,8,0
2024-12-11,Store-South-03,SKU-ELECTRONICS-01,48,92.21,0,0,8,0
2024-12-12,Store-South-03,SKU-ELECTRONICS-01,47,92.21,0,0,8,0
2024-12-13,Store-South-03,SKU-ELECTRONICS-01,90,78.38,1,0,8,0
2024-12-14,Store-South-03,SKU-ELECTRONICS-01,73,92.21,0,1,8,0
2024-12-15,Store-South-03,SKU-ELECTRONICS-01,78,92.21,0,1,8,0
2024-12-16,Store-South-03,SKU-ELECTRONICS-01,100,78.38,1,0,8,0
2024-12-17,Store-South-03,SKU-ELECTRONICS-01,47,92.21,0,0,8,0
2024-12-18,Store-South-03,SKU-ELECTRONICS-01,56,92.21,0,0,8,0
2024-12-19,Store-South-03,SKU-ELECTRONICS-01,98,78.38,1,0,8,0
2024-12-20,Store-South-03,SKU-ELECTRONICS-01,70,92.21,0,0,8,0
2024-12-21,Store-South-03,SKU-ELECTRONICS-01,72,92.21,0,1,8,0
2024-12-22,Store-South-03,SKU-ELECTRONICS-01,75,92.21,0,1,8,0
2024-12-23,Store-South-03,SKU-ELECTRONICS-01,51,92.21,0,0,8,0
2024-12-24,Store-South-03,SKU-ELECTRONICS-01,64,92.21,0,0,8,0
2024-12-25,Store-South-03,SKU-ELECTRONICS-01,53,92.21,0,0,8,0
2024-12-26,Store-South-03,SKU-ELECTRONICS-01,52,92.21,0,0,8,0
2024-12-27,Store-South-03,SKU-ELECTRONICS-01,61,92.21,0,0,8,0
2024-12-28,Store-South-03,SKU-ELECTRONICS-01,139,78.38,1,1,8,0
2024-12-29,Store-South-03,SKU-ELECTRONICS-01,127,78.38,1,1,8,0
2024-12-30,Store-South-03,SKU-ELECTRONICS-01,44,92.21,0,0,8,0
2024-12-31,Store-South-03,SKU-ELECTRONICS-01,48,92.21,0,0,8,0
2025-01-01,Store-South-03,SKU-ELECTRONICS-01,62,92.21,0,0,8,0
2025-01-02,Store-South-03,SKU-ELECTRONICS-01,106,78.38,1,0,8,0
2025-01-03,Store-South-03,SKU-ELECTRONICS-01,57,92.21,0,0,8,0
2025-01-04,Store-South-03,SKU-ELECTRONICS-01,79,92.21,0,1,8,0
2025-01-05,Store-South-03,SKU-ELECTRONICS-01,84,92.21,0,1,8,0
2025-01-06,Store-South-03,SKU-ELECTRONICS-01,55,92.21,0,0,8,0
2025-01-07,Store-South-03,SKU-ELECTRONICS-01,102,78.38,1,0,8,0
2025-01-08,Store-South-03,SKU-ELECTRONICS-01,53,92.21,0,0,8,0
2025-01-09,Store-South-03,SKU-ELECTRONICS-01,52,92.21,0,0,8,0
2025-01-10,Store-South-03,SKU-ELECTRONICS-01,45,92.21,0,0,8,0
2025-01-11,Store-South-03,SKU-ELECTRONICS-01,77,92.21,0,1,8,0
2025-01-12,Store-South-03,SKU-ELECTRONICS-01,91,92.21,0,1,8,0
2025-01-13,Store-South-03,SKU-ELECTRONICS-01,64,92.21,0,0,8,0
2025-01-14,Store-South-03,SKU-ELECTRONICS-01,52,92.21,0,0,8,0
2025-01-15,Store-South-03,SKU-ELECTRONICS-01,58,92.21,0,0,8,0
2025-01-16,Store-South-03,SKU-ELECTRONICS-01,65,92.21,0,0,8,0
2025-01-17,Store-South-03,SKU-ELECTRONICS-01,67,92.21,0,0,8,0
2025-01-18,Store-South-03,SKU-ELECTRONICS-01,92,92.21,0,1,8,0
2025-01-19,Store-South-03,SKU-ELECTRONICS-01,162,78.38,1,1,8,0
2025-01-20,Store-South-03,SKU-ELECTRONICS-01,64,92.21,0,0,8,0
2025-01-21,Store-South-03,SKU-ELECTRONICS-01,69,92.21,0,0,8,0
2025-01-22,Store-South-03,SKU-ELECTRONICS-01,62,92.21,0,0,8,0
2025-01-23,Store-South-03,SKU-ELECTRONICS-01,60,92.21,0,0,8,0
2025-01-24,Store-South-03,SKU-ELECTRONICS-01,55,92.21,0,0,8,0
2025-01-25,Store-South-03,SKU-ELECTRONICS-01,178,78.38,1,1,8,0
2025-01-26,Store-South-03,SKU-ELECTRONICS-01,101,92.21,0,1,8,0
2025-01-27,Store-South-03,SKU-ELECTRONICS-01,62,92.21,0,0,8,0
2025-01-28,Store-South-03,SKU-ELECTRONICS-01,66,92.21,0,0,8,0
2025-01-29,Store-South-03,SKU-ELECTRONICS-01,78,92.21,0,0,8,0
2025-01-30,Store-South-03,SKU-ELECTRONICS-01,0,78.38,1,0,8,1
2025-01-31,Store-South-03,SKU-ELECTRONICS-01,63,92.21,0,0,8,0
2025-02-01,Store-South-03,SKU-ELECTRONICS-01,85,92.21,0,1,8,0
2025-02-02,Store-South-03,SKU-ELECTRONICS-01,92,92.21,0,1,8,0
2025-02-03,Store-South-03,SKU-ELECTRONICS-01,75,92.21,0,0,8,0
2025-02-04,Store-South-03,SKU-ELECTRONICS-01,74,92.21,0,0,8,0
2025-02-05,Store-South-03,SKU-ELECTRONICS-01,64,92.21,0,0,8,0
2025-02-06,Store-South-03,SKU-ELECTRONICS-01,62,92.21,0,0,8,0
2025-02-07,Store-South-03,SKU-ELECTRONICS-01,68,92.21,0,0,8,0
2025-02-08,Store-South-03,SKU-ELECTRONICS-01,99,92.21,0,1,8,0
2025-02-09,Store-South-03,SKU-ELECTRONICS-01,88,92.21,0,1,8,0
2025-02-10,Store-South-03,SKU-ELECTRONICS-01,67,92.21,0,0,8,0
2025-02-11,Store-South-03,SKU-ELECTRONICS-01,56,92.21,0,0,8,0
2025-02-12,Store-South-03,SKU-ELECTRONICS-01,70,92.21,0,0,8,0
2025-02-13,Store-South-03,SKU-ELECTRONICS-01,74,92.21,0,0,8,0
2025-02-14,Store-South-03,SKU-ELECTRONICS-01,84,92.21,0,0,8,0
2025-02-15,Store-South-03,SKU-ELECTRONICS-01,86,92.21,0,1,8,0
2025-02-16,Store-South-03,SKU-ELECTRONICS-01,107,92.21,0,1,8,0
2025-02-17,Store-South-03,SKU-ELECTRONICS-01,86,92.21,0,0,8,0
2025-02-18,Store-South-03,SKU-ELECTRONICS-01,81,92.21,0,0,8,0
2025-02-19,Store-South-03,SKU-ELECTRONICS-01,60,92.21,0,0,8,0
2025-02-20,Store-South-03,SKU-ELECTRONICS-01,85,92.21,0,0,8,0
2025-02-21,Store-South-03,SKU-ELECTRONICS-01,164,78.38,1,0,8,0
2025-02-22,Store-South-03,SKU-ELECTRONICS-01,175,78.38,1,1,8,0
2025-02-23,Store-South-03,SKU-ELECTRONICS-01,107,92.21,0,1,8,0
2025-02-24,Store-South-03,SKU-ELECTRONICS-01,87,92.21,0,0,8,0
2025-02-25,Store-South-03,SKU-ELECTRONICS-01,65,92.21,0,0,8,0
2025-02-26,Store-South-03,SKU-ELECTRONICS-01,87,92.21,0,0,8,0
2025-02-27,Store-South-03,SKU-ELECTRONICS-01,84,92.21,0,0,8,0
2025-02-28,Store-South-03,SKU-ELECTRONICS-01,88,92.21,0,0,8,0
2025-03-01,Store-South-03,SKU-ELECTRONICS-01,112,92.21,0,1,8,0
2025-03-02,Store-South-03,SKU-ELECTRONICS-01,182,78.38,1,1,8,0
2025-03-03,Store-South-03,SKU-ELECTRONICS-01,89,92.21,0,0,8,0
2025-03-04,Store-South-03,SKU-ELECTRONICS-01,82,92.21,0,0,8,0
2025-03-05,Store-South-03,SKU-ELECTRONICS-01,121,78.38,1,0,8,0
2025-03-06,Store-South-03,SKU-ELECTRONICS-01,74,92.21,0,0,8,0
2025-03-07,Store-South-03,SKU-ELECTRONICS-01,83,92.21,0,0,8,0
2025-03-08,Store-South-03,SKU-ELECTRONICS-01,98,92.21,0,1,8,0
2025-03-09,Store-South-03,SKU-ELECTRONICS-01,90,92.21,0,1,8,0
2025-03-10,Store-South-03,SKU-ELECTRONICS-01,86,92.21,0,0,8,0
2025-03-11,Store-South-03,SKU-ELECTRONICS-01,83,92.21,0,0,8,0
2025-03-12,Store-South-03,SKU-ELECTRONICS-01,97,92.21,0,0,8,0
2025-03-13,Store-South-03,SKU-ELECTRONICS-01,147,78.38,1,0,8,0
2025-03-14,Store-South-03,SKU-ELECTRONICS-01,64,92.21,0,0,8,0
2025-03-15,Store-South-03,SKU-ELECTRONICS-01,102,92.21,0,1,8,0
2025-03-16,Store-South-03,SKU-ELECTRONICS-01,116,92.21,0,1,8,0
2025-03-17,Store-South-03,SKU-ELECTRONICS-01,84,92.21,0,0,8,0
2025-03-18,Store-South-03,SKU-ELECTRONICS-01,71,92.21,0,0,8,0
2025-03-19,Store-South-03,SKU-ELECTRONICS-01,85,92.21,0,0,8,0
2025-03-20,Store-South-03,SKU-ELECTRONICS-01,80,92.21,0,0,8,0
2025-03-21,Store-South-03,SKU-ELECTRONICS-01,89,92.21,0,0,8,0
2025-03-22,Store-South-03,SKU-ELECTRONICS-01,115,92.21,0,1,8,0
2025-03-23,Store-South-03,SKU-ELECTRONICS-01,108,92.21,0,1,8,0
2025-03-24,Store-South-03,SKU-ELECTRONICS-01,99,92.21,0,0,8,0
2025-03-25,Store-South-03,SKU-ELECTRONICS-01,65,92.21,0,0,8,0
2025-03-26,Store-South-03,SKU-ELECTRONICS-01,159,78.38,1,0,8,0
2025-03-27,Store-South-03,SKU-ELECTRONICS-01,74,92.21,0,0,8,0
2025-03-28,Store-South-03,SKU-ELECTRONICS-01,86,92.21,0,0,8,0
2025-03-29,Store-South-03,SKU-ELECTRONICS-01,117,92.21,0,1,8,0
2025-03-30,Store-South-03,SKU-ELECTRONICS-01,111,92.21,0,1,8,0
2025-03-31,Store-South-03,SKU-ELECTRONICS-01,85,92.21,0,0,8,0
2025-04-01,Store-South-03,SKU-ELECTRONICS-01,0,92.21,0,0,8,1
2025-04-02,Store-South-03,SKU-ELECTRONICS-01,79,92.21,0,0,8,0
2025-04-03,Store-South-03,SKU-ELECTRONICS-01,87,92.21,0,0,8,0
2025-04-04,Store-South-03,SKU-ELECTRONICS-01,99,92.21,0,0,8,0
2025-04-05,Store-South-03,SKU-ELECTRONICS-01,96,92.21,0,1,8,0
2025-04-06,Store-South-03,SKU-ELECTRONICS-01,113,92.21,0,1,8,0
2025-04-07,Store-South-03,SKU-ELECTRONICS-01,90,92.21,0,0,8,0
2025-04-08,Store-South-03,SKU-ELECTRONICS-01,101,92.21,0,0,8,0
2025-04-09,Store-South-03,SKU-ELECTRONICS-01,96,92.21,0,0,8,0
2025-04-10,Store-South-03,SKU-ELECTRONICS-01,85,92.21,0,0,8,0
2025-04-11,Store-South-03,SKU-ELECTRONICS-01,94,92.21,0,0,8,0
2025-04-12,Store-South-03,SKU-ELECTRONICS-01,238,78.38,1,1,8,0
2025-04-13,Store-South-03,SKU-ELECTRONICS-01,118,92.21,0,1,8,0
2025-04-14,Store-South-03,SKU-ELECTRONICS-01,82,92.21,0,0,8,0
2025-04-15,Store-South-03,SKU-ELECTRONICS-01,87,92.21,0,0,8,0
2025-04-16,Store-South-03,SKU-ELECTRONICS-01,74,92.21,0,0,8,0
2025-04-17,Store-South-03,SKU-ELECTRONICS-01,82,92.21,0,0,8,0
2025-04-18,Store-South-03,SKU-ELECTRONICS-01,161,78.38,1,0,8,0
2025-04-19,Store-South-03,SKU-ELECTRONICS-01,116,92.21,0,1,8,0
2025-04-20,Store-South-03,SKU-ELECTRONICS-01,124,92.21,0,1,8,0
2025-04-21,Store-South-03,SKU-ELECTRONICS-01,0,92.21,0,0,8,1
2025-04-22,Store-South-03,SKU-ELECTRONICS-01,88,92.21,0,0,8,0
2025-04-23,Store-South-03,SKU-ELECTRONICS-01,149,78.38,1,0,8,0
2025-04-24,Store-South-03,SKU-ELECTRONICS-01,98,92.21,0,0,8,0
2025-04-25,Store-South-03,SKU-ELECTRONICS-01,93,92.21,0,0,8,0
2025-04-26,Store-South-03,SKU-ELECTRONICS-01,123,92.21,0,1,8,0
2025-04-27,Store-South-03,SKU-ELECTRONICS-01,210,78.38,1,1,8,0
2025-04-28,Store-South-03,SKU-ELECTRONICS-01,83,92.21,0,0,8,0
2025-04-29,Store-South-03,SKU-ELECTRONICS-01,92,92.21,0,0,8,0
2025-04-30,Store-South-03,SKU-ELECTRONICS-01,84,92.21,0,0,8,0
2025-05-01,Store-South-03,SKU-ELECTRONICS-01,81,92.21,0,0,8,0
2025-05-02,Store-South-03,SKU-ELECTRONICS-01,59,92.21,0,0,8,0
2025-05-03,Store-South-03,SKU-ELECTRONICS-01,225,78.38,1,1,8,0
2025-05-04,Store-South-03,SKU-ELECTRONICS-01,205,78.38,1,1,8,0
2025-05-05,Store-South-03,SKU-ELECTRONICS-01,91,92.21,0,0,8,0
2025-05-06,Store-South-03,SKU-ELECTRONICS-01,81,92.21,0,0,8,0
2025-05-07,Store-South-03,SKU-ELECTRONICS-01,98,92.21,0,0,8,0
2025-05-08,Store-South-03,SKU-ELECTRONICS-01,88,92.21,0,0,8,0
2025-05-09,Store-South-03,SKU-ELECTRONICS-01,99,92.21,0,0,8,0
2025-05-10,Store-South-03,SKU-ELECTRONICS-01,130,92.21,0,1,8,0
2025-05-11,Store-South-03,SKU-ELECTRONICS-01,121,92.21,0,1,8,0
2025-05-12,Store-South-03,SKU-ELECTRONICS-01,89,92.21,0,0,8,0
2025-05-13,Store-South-03,SKU-ELECTRONICS-01,80,92.21,0,0,8,0
2025-05-14,Store-South-03,SKU-ELECTRONICS-01,88,92.21,0,0,8,0
2025-05-15,Store-South-03,SKU-ELECTRONICS-01,164,78.38,1,0,8,0
2025-05-16,Store-South-03,SKU-ELECTRONICS-01,84,92.21,0,0,8,0
2025-05-17,Store-South-03,SKU-ELECTRONICS-01,0,92.21,0,1,8,1
2025-05-18,Store-South-03,SKU-ELECTRONICS-01,108,92.21,0,1,8,0
2025-05-19,Store-South-03,SKU-ELECTRONICS-01,155,78.38,1,0,8,0
2025-05-20,Store-South-03,SKU-ELECTRONICS-01,90,92.21,0,0,8,0
2025-05-21,Store-South-03,SKU-ELECTRONICS-01,87,92.21,0,0,8,0
2025-05-22,Store-South-03,SKU-ELECTRONICS-01,92,92.21,0,0,8,0
2025-05-23,Store-South-03,SKU-ELECTRONICS-01,88,92.21,0,0,8,0
2025-05-24,Store-South-03,SKU-ELECTRONICS-01,115,92.21,0,1,8,0
2025-05-25,Store-South-03,SKU-ELECTRONICS-01,109,92.21,0,1,8,0
2025-05-26,Store-South-03,SKU-ELECTRONICS-01,0,92.21,0,0,8,1
2025-05-27,Store-South-03,SKU-ELECTRONICS-01,88,92.21,0,0,8,0
2025-05-28,Store-South-03,SKU-ELECTRONICS-01,94,92.21,0,0,8,0
2025-05-29,Store-South-03,SKU-ELECTRONICS-01,150,78.38,1,0,8,0
2025-05-30,Store-South-03,SKU-ELECTRONICS-01,94,92.21,0,0,8,0
2025-05-31,Store-South-03,SKU-ELECTRONICS-01,107,92.21,0,1,8,0
2025-06-01,Store-South-03,SKU-ELECTRONICS-01,124,92.21,0,1,8,0
2025-06-02,Store-South-03,SKU-ELECTRONICS-01,75,92.21,0,0,8,0
2025-06-03,Store-South-03,SKU-ELECTRONICS-01,97,92.21,0,0,8,0
2025-06-04,Store-South-03,SKU-ELECTRONICS-01,93,92.21,0,0,8,0
2025-06-05,Store-South-03,SKU-ELECTRONICS-01,72,92.21,0,0,8,0
2025-06-06,Store-South-03,SKU-ELECTRONICS-01,148,78.38,1,0,8,0
2025-06-07,Store-South-03,SKU-ELECTRONICS-01,106,92.21,0,1,8,0
2025-06-08,Store-South-03,SKU-ELECTRONICS-01,116,92.21,0,1,8,0
2025-06-09,Store-South-03,SKU-ELECTRONICS-01,67,92.21,0,0,8,0
2025-06-10,Store-South-03,SKU-ELECTRONICS-01,81,92.21,0,0,8,0
2025-06-11,Store-South-03,SKU-ELECTRONICS-01,72,92.21,0,0,8,0
2025-06-12,Store-South-03,SKU-ELECTRONICS-01,70,92.21,0,0,8,0
2025-06-13,Store-South-03,SKU-ELECTRONICS-01,147,78.38,1,0,8,0
2025-06-14,Store-South-03,SKU-ELECTRONICS-01,118,92.21,0,1,8,0
2025-06-15,Store-South-03,SKU-ELECTRONICS-01,100,92.21,0,1,8,0
2025-06-16,Store-South-03,SKU-ELECTRONICS-01,78,92.21,0,0,8,0
2025-06-17,Store-South-03,SKU-ELECTRONICS-01,76,92.21,0,0,8,0
2025-06-18,Store-South-03,SKU-ELECTRONICS-01,86,92.21,0,0,8,0
2025-06-19,Store-South-03,SKU-ELECTRONICS-01,68,92.21,0,0,8,0
2025-06-20,Store-South-03,SKU-ELECTRONICS-01,129,78.38,1,0,8,0
2025-06-21,Store-South-03,SKU-ELECTRONICS-01,107,92.21,0,1,8,0
2025-06-22,Store-South-03,SKU-ELECTRONICS-01,176,78.38,1,1,8,0
2025-06-23,Store-South-03,SKU-ELECTRONICS-01,87,92.21,0,0,8,0
2025-06-24,Store-South-03,SKU-ELECTRONICS-01,93,92.21,0,0,8,0
2025-06-25,Store-South-03,SKU-ELECTRONICS-01,81,92.21,0,0,8,0
2025-06-26,Store-South-03,SKU-ELECTRONICS-01,88,92.21,0,0,8,0
2025-06-27,Store-South-03,SKU-ELECTRONICS-01,90,92.21,0,0,8,0
2025-06-28,Store-South-03,SKU-ELECTRONICS-01,196,78.38,1,1,8,0
2025-06-29,Store-South-03,SKU-ELECTRONICS-01,108,92.21,0,1,8,0
2025-06-30,Store-South-03,SKU-ELECTRONICS-01,66,92.21,0,0,8,0
2025-07-01,Store-South-03,SKU-ELECTRONICS-01,92,92.21,0,0,8,0
2025-07-02,Store-South-03,SKU-ELECTRONICS-01,78,92.21,0,0,8,0
2025-07-03,Store-South-03,SKU-ELECTRONICS-01,77,92.21,0,0,8,0
2025-07-04,Store-South-03,SKU-ELECTRONICS-01,78,92.21,0,0,8,0
2025-07-05,Store-South-03,SKU-ELECTRONICS-01,96,92.21,0,1,8,0
2025-07-06,Store-South-03,SKU-ELECTRONICS-01,98,92.21,0,1,8,0
2025-07-07,Store-South-03,SKU-ELECTRONICS-01,84,92.21,0,0,8,0
2025-07-08,Store-South-03,SKU-ELECTRONICS-01,71,92.21,0,0,8,0
2025-07-09,Store-South-03,SKU-ELECTRONICS-01,82,92.21,0,0,8,0
2025-07-10,Store-South-03,SKU-ELECTRONICS-01,86,92.21,0,0,8,0
2025-07-11,Store-South-03,SKU-ELECTRONICS-01,77,92.21,0,0,8,0
2025-07-12,Store-South-03,SKU-ELECTRONICS-01,95,92.21,0,1,8,0
2025-07-13,Store-South-03,SKU-ELECTRONICS-01,99,92.21,0,1,8,0
2025-07-14,Store-South-03,SKU-ELECTRONICS-01,66,92.21,0,0,8,0
2025-07-15,Store-South-03,SKU-ELECTRONICS-01,71,92.21,0,0,8,0
2025-07-16,Store-South-03,SKU-ELECTRONICS-01,81,92.21,0,0,8,0
2025-07-17,Store-South-03,SKU-ELECTRONICS-01,0,92.21,0,0,8,1
2025-07-18,Store-South-03,SKU-ELECTRONICS-01,79,92.21,0,0,8,0
2025-07-19,Store-South-03,SKU-ELECTRONICS-01,105,92.21,0,1,8,0
2025-07-20,Store-South-03,SKU-ELECTRONICS-01,93,92.21,0,1,8,0
2025-07-21,Store-South-03,SKU-ELECTRONICS-01,59,92.21,0,0,8,0
2025-07-22,Store-South-03,SKU-ELECTRONICS-01,70,92.21,0,0,8,0
2025-07-23,Store-South-03,SKU-ELECTRONICS-01,69,92.21,0,0,8,0
2025-07-24,Store-South-03,SKU-ELECTRONICS-01,70,92.21,0,0,8,0
2025-07-25,Store-South-03,SKU-ELECTRONICS-01,77,92.21,0,0,8,0
2025-07-26,Store-South-03,SKU-ELECTRONICS-01,94,92.21,0,1,8,0
2025-07-27,Store-South-03,SKU-ELECTRONICS-01,94,92.21,0,1,8,0
2025-07-28,Store-South-03,SKU-ELECTRONICS-01,69,92.21,0,0,8,0
2025-07-29,Store-South-03,SKU-ELECTRONICS-01,73,92.21,0,0,8,0
2025-07-30,Store-South-03,SKU-ELECTRONICS-01,72,92.21,0,0,8,0
2025-07-31,Store-South-03,SKU-ELECTRONICS-01,56,92.21,0,0,8,0
2025-08-01,Store-South-03,SKU-ELECTRONICS-01,65,92.21,0,0,8,0
2025-08-02,Store-South-03,SKU-ELECTRONICS-01,89,92.21,0,1,8,0
2025-08-03,Store-South-03,SKU-ELECTRONICS-01,0,78.38,1,1,8,1
2025-08-04,Store-South-03,SKU-ELECTRONICS-01,66,92.21,0,0,8,0
2025-08-05,Store-South-03,SKU-ELECTRONICS-01,121,78.38,1,0,8,0
2025-08-06,Store-South-03,SKU-ELECTRONICS-01,63,92.21,0,0,8,0
2025-08-07,Store-South-03,SKU-ELECTRONICS-01,77,92.21,0,0,8,0
2025-08-08,Store-South-03,SKU-ELECTRONICS-01,70,92.21,0,0,8,0
2025-08-09,Store-South-03,SKU-ELECTRONICS-01,82,92.21,0,1,8,0
2025-08-10,Store-South-03,SKU-ELECTRONICS-01,77,92.21,0,1,8,0
2025-08-11,Store-South-03,SKU-ELECTRONICS-01,56,92.21,0,0,8,0
2025-08-12,Store-South-03,SKU-ELECTRONICS-01,124,78.38,1,0,8,0
2025-08-13,Store-South-03,SKU-ELECTRONICS-01,59,92.21,0,0,8,0
2025-08-14,Store-South-03,SKU-ELECTRONICS-01,0,92.21,0,0,8,1
2025-08-15,Store-South-03,SKU-ELECTRONICS-01,121,78.38,1,0,8,0
2025-08-16,Store-South-03,SKU-ELECTRONICS-01,91,92.21,0,1,8,0
2025-08-17,Store-South-03,SKU-ELECTRONICS-01,95,92.21,0,1,8,0
2025-08-18,Store-South-03,SKU-ELECTRONICS-01,0,92.21,0,0,8,1
2025-08-19,Store-South-03,SKU-ELECTRONICS-01,0,92.21,0,0,8,1
2025-08-20,Store-South-03,SKU-ELECTRONICS-01,73,92.21,0,0,8,0
2025-08-21,Store-South-03,SKU-ELECTRONICS-01,103,78.38,1,0,8,0
2025-08-22,Store-South-03,SKU-ELECTRONICS-01,54,92.21,0,0,8,0
2025-08-23,Store-South-03,SKU-ELECTRONICS-01,77,92.21,0,1,8,0
2025-08-24,Store-South-03,SKU-ELECTRONICS-01,84,92.21,0,1,8,0
2025-08-25,Store-South-03,SKU-ELECTRONICS-01,71,92.21,0,0,8,0
2025-08-26,Store-South-03,SKU-ELECTRONICS-01,99,78.38,1,0,8,0
2025-08-27,Store-South-03,SKU-ELECTRONICS-01,60,92.21,0,0,8,0
2025-08-28,Store-South-03,SKU-ELECTRONICS-01,48,92.21,0,0,8,0
2025-08-29,Store-South-03,SKU-ELECTRONICS-01,63,92.21,0,0,8,0
2025-08-30,Store-South-03,SKU-ELECTRONICS-01,69,92.21,0,1,8,0
2025-08-31,Store-South-03,SKU-ELECTRONICS-01,81,92.21,0,1,8,0
2025-09-01,Store-South-03,SKU-ELECTRONICS-01,0,92.21,0,0,8,1
2025-09-02,Store-South-03,SKU-ELECTRONICS-01,46,92.21,0,0,8,0
2025-09-03,Store-South-03,SKU-ELECTRONICS-01,0,92.21,0,0,8,1
2025-09-04,Store-South-03,SKU-ELECTRONICS-01,56,92.21,0,0,8,0
2025-09-05,Store-South-03,SKU-ELECTRONICS-01,0,78.38,1,0,8,1
2025-09-06,Store-South-03,SKU-ELECTRONICS-01,88,92.21,0,1,8,0
2025-09-07,Store-South-03,SKU-ELECTRONICS-01,147,78.38,1,1,8,0
2025-09-08,Store-South-03,SKU-ELECTRONICS-01,53,92.21,0,0,8,0
2025-09-09,Store-South-03,SKU-ELECTRONICS-01,66,92.21,0,0,8,0
2025-09-10,Store-South-03,SKU-ELECTRONICS-01,97,78.38,1,0,8,0
2025-09-11,Store-South-03,SKU-ELECTRONICS-01,67,92.21,0,0,8,0
2025-09-12,Store-South-03,SKU-ELECTRONICS-01,77,92.21,0,0,8,0
2025-09-13,Store-South-03,SKU-ELECTRONICS-01,82,92.21,0,1,8,0
2025-09-14,Store-South-03,SKU-ELECTRONICS-01,68,92.21,0,1,8,0
2025-09-15,Store-South-03,SKU-ELECTRONICS-01,43,92.21,0,0,8,0
2025-09-16,Store-South-03,SKU-ELECTRONICS-01,54,92.21,0,0,8,0
2025-09-17,Store-South-03,SKU-ELECTRONICS-01,47,92.21,0,0,8,0
2025-09-18,Store-South-03,SKU-ELECTRONICS-01,53,92.21,0,0,8,0
2025-09-19,Store-South-03,SKU-ELECTRONICS-01,55,92.21,0,0,8,0
2025-09-20,Store-South-03,SKU-ELECTRONICS-01,75,92.21,0,1,8,0
2025-09-21,Store-South-03,SKU-ELECTRONICS-01,77,92.21,0,1,8,0
2025-09-22,Store-South-03,SKU-ELECTRONICS-01,50,92.21,0,0,8,0
2025-09-23,Store-South-03,SKU-ELECTRONICS-01,40,92.21,0,0,8,0
2025-09-24,Store-South-03,SKU-ELECTRONICS-01,57,92.21,0,0,8,0
2025-09-25,Store-South-03,SKU-ELECTRONICS-01,57,92.21,0,0,8,0
2025-09-26,Store-South-03,SKU-ELECTRONICS-01,52,92.21,0,0,8,0
2025-09-27,Store-South-03,SKU-ELECTRONICS-01,67,92.21,0,1,8,0
2025-09-28,Store-South-03,SKU-ELECTRONICS-01,70,92.21,0,1,8,0
2025-09-29,Store-South-03,SKU-ELECTRONICS-01,56,92.21,0,0,8,0
2025-09-30,Store-South-03,SKU-ELECTRONICS-01,45,92.21,0,0,8,0
2025-10-01,Store-South-03,SKU-ELECTRONICS-01,43,92.21,0,0,8,0
2025-10-02,Store-South-03,SKU-ELECTRONICS-01,44,92.21,0,0,8,0
2025-10-03,Store-South-03,SKU-ELECTRONICS-01,50,92.21,0,0,8,0
2025-10-04,Store-South-03,SKU-ELECTRONICS-01,0,78.38,1,1,8,1
2025-10-05,Store-South-03,SKU-ELECTRONICS-01,74,92.21,0,1,8,0
2025-10-06,Store-South-03,SKU-ELECTRONICS-01,45,92.21,0,0,8,0
2025-10-07,Store-South-03,SKU-ELECTRONICS-01,63,92.21,0,0,8,0
2025-10-08,Store-South-03,SKU-ELECTRONICS-01,40,92.21,0,0,8,0
2025-10-09,Store-South-03,SKU-ELECTRONICS-01,42,92.21,0,0,8,0
2025-10-10,Store-South-03,SKU-ELECTRONICS-01,53,92.21,0,0,8,0
2025-10-11,Store-South-03,SKU-ELECTRONICS-01,67,92.21,0,1,8,0
2025-10-12,Store-South-03,SKU-ELECTRONICS-01,62,92.21,0,1,8,0
2025-10-13,Store-South-03,SKU-ELECTRONICS-01,104,78.38,1,0,8,0
2025-10-14,Store-South-03,SKU-ELECTRONICS-01,43,92.21,0,0,8,0
2025-10-15,Store-South-03,SKU-ELECTRONICS-01,43,92.21,0,0,8,0
2025-10-16,Store-South-03,SKU-ELECTRONICS-01,37,92.21,0,0,8,0
2025-10-17,Store-South-03,SKU-ELECTRONICS-01,48,92.21,0,0,8,0
2025-10-18,Store-South-03,SKU-ELECTRONICS-01,0,92.21,0,1,8,1
2025-10-19,Store-South-03,SKU-ELECTRONICS-01,58,92.21,0,1,8,0
2025-10-20,Store-South-03,SKU-ELECTRONICS-01,45,92.21,0,0,8,0
2025-10-21,Store-South-03,SKU-ELECTRONICS-01,48,92.21,0,0,8,0
2025-10-22,Store-South-03,SKU-ELECTRONICS-01,42,92.21,0,0,8,0
2025-10-23,Store-South-03,SKU-ELECTRONICS-01,44,92.21,0,0,8,0
2025-10-24,Store-South-03,SKU-ELECTRONICS-01,49,92.21,0,0,8,0
2025-10-25,Store-South-03,SKU-ELECTRONICS-01,66,92.21,0,1,8,0
2025-10-26,Store-South-03,SKU-ELECTRONICS-01,78,92.21,0,1,8,0
2025-10-27,Store-South-03,SKU-ELECTRONICS-01,46,92.21,0,0,8,0
2025-10-28,Store-South-03,SKU-ELECTRONICS-01,41,92.21,0,0,8,0
2025-10-29,Store-South-03,SKU-ELECTRONICS-01,76,78.38,1,0,8,0
2025-10-30,Store-South-03,SKU-ELECTRONICS-01,57,92.21,0,0,8,0
2025-10-31,Store-South-03,SKU-ELECTRONICS-01,0,92.21,0,0,8,1
2025-11-01,Store-South-03,SKU-ELECTRONICS-01,76,92.21,0,1,8,0
2025-11-02,Store-South-03,SKU-ELECTRONICS-01,72,92.21,0,1,8,0
2025-11-03,Store-South-03,SKU-ELECTRONICS-01,48,92.21,0,0,8,0
2025-11-04,Store-South-03,SKU-ELECTRONICS-01,54,92.21,0,0,8,0
2025-11-05,Store-South-03,SKU-ELECTRONICS-01,43,92.21,0,0,8,0
2025-11-06,Store-South-03,SKU-ELECTRONICS-01,43,92.21,0,0,8,0
2025-11-07,Store-South-03,SKU-ELECTRONICS-01,46,92.21,0,0,8,0
2025-11-08,Store-South-03,SKU-ELECTRONICS-01,60,92.21,0,1,8,0
2025-11-09,Store-South-03,SKU-ELECTRONICS-01,77,92.21,0,1,8,0
2025-11-10,Store-South-03,SKU-ELECTRONICS-01,32,92.21,0,0,8,0
2025-11-11,Store-South-03,SKU-ELECTRONICS-01,45,92.21,0,0,8,0
2025-11-12,Store-South-03,SKU-ELECTRONICS-01,37,92.21,0,0,8,0
2025-11-13,Store-South-03,SKU-ELECTRONICS-01,41,92.21,0,0,8,0
2025-11-14,Store-South-03,SKU-ELECTRONICS-01,90,78.38,1,0,8,0
2025-11-15,Store-South-03,SKU-ELECTRONICS-01,67,92.21,0,1,8,0
2025-11-16,Store-South-03,SKU-ELECTRONICS-01,58,92.21,0,1,8,0
2025-11-17,Store-South-03,SKU-ELECTRONICS-01,93,78.38,1,0,8,0
2025-11-18,Store-South-03,SKU-ELECTRONICS-01,46,92.21,0,0,8,0
2025-11-19,Store-South-03,SKU-ELECTRONICS-01,45,92.21,0,0,8,0
2025-11-20,Store-South-03,SKU-ELECTRONICS-01,48,92.21,0,0,8,0
2025-11-21,Store-South-03,SKU-ELECTRONICS-01,47,92.21,0,0,8,0
2025-11-22,Store-South-03,SKU-ELECTRONICS-01,109,78.38,1,1,8,0
2025-11-23,Store-South-03,SKU-ELECTRONICS-01,59,92.21,0,1,8,0
2025-11-24,Store-South-03,SKU-ELECTRONICS-01,52,92.21,0,0,8,0
2025-11-25,Store-South-03,SKU-ELECTRONICS-01,57,92.21,0,0,8,0
2025-11-26,Store-South-03,SKU-ELECTRONICS-01,53,92.21,0,0,8,0
2025-11-27,Store-South-03,SKU-ELECTRONICS-01,109,78.38,1,0,8,0
2025-11-28,Store-South-03,SKU-ELECTRONICS-01,56,92.21,0,0,8,0
2025-11-29,Store-South-03,SKU-ELECTRONICS-01,57,92.21,0,1,8,0
2025-11-30,Store-South-03,SKU-ELECTRONICS-01,75,92.21,0,1,8,0
2025-12-01,Store-South-03,SKU-ELECTRONICS-01,77,78.38,1,0,8,0
2025-12-02,Store-South-03,SKU-ELECTRONICS-01,61,92.21,0,0,8,0
2025-12-03,Store-South-03,SKU-ELECTRONICS-01,50,92.21,0,0,8,0
2025-12-04,Store-South-03,SKU-ELECTRONICS-01,53,92.21,0,0,8,0
2025-12-05,Store-South-03,SKU-ELECTRONICS-01,54,92.21,0,0,8,0
2025-12-06,Store-South-03,SKU-ELECTRONICS-01,78,92.21,0,1,8,0
2025-12-07,Store-South-03,SKU-ELECTRONICS-01,55,92.21,0,1,8,0
2025-12-08,Store-South-03,SKU-ELECTRONICS-01,37,92.21,0,0,8,0
2025-12-09,Store-South-03,SKU-ELECTRONICS-01,42,92.21,0,0,8,0
2025-12-10,Store-South-03,SKU-ELECTRONICS-01,53,92.21,0,0,8,0
2025-12-11,Store-South-03,SKU-ELECTRONICS-01,52,92.21,0,0,8,0
2025-12-12,Store-South-03,SKU-ELECTRONICS-01,45,92.21,0,0,8,0
2025-12-13,Store-South-03,SKU-ELECTRONICS-01,135,78.38,1,1,8,0
2025-12-14,Store-South-03,SKU-ELECTRONICS-01,80,92.21,0,1,8,0
2025-12-15,Store-South-03,SKU-ELECTRONICS-01,85,78.38,1,0,8,0
2025-12-16,Store-South-03,SKU-ELECTRONICS-01,50,92.21,0,0,8,0
2025-12-17,Store-South-03,SKU-ELECTRONICS-01,51,92.21,0,0,8,0
2025-12-18,Store-South-03,SKU-ELECTRONICS-01,39,92.21,0,0,8,0
2025-12-19,Store-South-03,SKU-ELECTRONICS-01,64,92.21,0,0,8,0
2025-12-20,Store-South-03,SKU-ELECTRONICS-01,76,92.21,0,1,8,0
2025-12-21,Store-South-03,SKU-ELECTRONICS-01,94,92.21,0,1,8,0
2025-12-22,Store-South-03,SKU-ELECTRONICS-01,42,92.21,0,0,8,0
2025-12-23,Store-South-03,SKU-ELECTRONICS-01,70,92.21,0,0,8,0
2025-12-24,Store-South-03,SKU-ELECTRONICS-01,60,92.21,0,0,8,0
2025-12-25,Store-South-03,SKU-ELECTRONICS-01,0,92.21,0,0,8,1
2025-12-26,Store-South-03,SKU-ELECTRONICS-01,61,92.21,0,0,8,0
2025-12-27,Store-South-03,SKU-ELECTRONICS-01,139,78.38,1,1,8,0
2025-12-28,Store-South-03,SKU-ELECTRONICS-01,70,92.21,0,1,8,0
2025-12-29,Store-South-03,SKU-ELECTRONICS-01,56,92.21,0,0,8,0
2025-12-30,Store-South-03,SKU-ELECTRONICS-01,59,92.21,0,0,8,0
2025-12-31,Store-South-03,SKU-ELECTRONICS-01,64,92.21,0,0,8,0
2024-01-01,Store-South-03,SKU-BEVERAGE-02,63,31.69,0,0,7,0
2024-01-02,Store-South-03,SKU-BEVERAGE-02,52,31.69,0,0,7,0
2024-01-03,Store-South-03,SKU-BEVERAGE-02,58,31.69,0,0,7,0
2024-01-04,Store-South-03,SKU-BEVERAGE-02,95,26.94,1,0,7,0
2024-01-05,Store-South-03,SKU-BEVERAGE-02,59,31.69,0,0,7,0
2024-01-06,Store-South-03,SKU-BEVERAGE-02,84,31.69,0,1,7,0
2024-01-07,Store-South-03,SKU-BEVERAGE-02,74,31.69,0,1,7,0
2024-01-08,Store-South-03,SKU-BEVERAGE-02,60,31.69,0,0,7,0
2024-01-09,Store-South-03,SKU-BEVERAGE-02,62,31.69,0,0,7,0
2024-01-10,Store-South-03,SKU-BEVERAGE-02,57,31.69,0,0,7,0
2024-01-11,Store-South-03,SKU-BEVERAGE-02,71,31.69,0,0,7,0
2024-01-12,Store-South-03,SKU-BEVERAGE-02,0,31.69,0,0,7,1
2024-01-13,Store-South-03,SKU-BEVERAGE-02,91,31.69,0,1,7,0
2024-01-14,Store-South-03,SKU-BEVERAGE-02,76,31.69,0,1,7,0
2024-01-15,Store-South-03,SKU-BEVERAGE-02,54,31.69,0,0,7,0
2024-01-16,Store-South-03,SKU-BEVERAGE-02,62,31.69,0,0,7,0
2024-01-17,Store-South-03,SKU-BEVERAGE-02,67,31.69,0,0,7,0
2024-01-18,Store-South-03,SKU-BEVERAGE-02,65,31.69,0,0,7,0
2024-01-19,Store-South-03,SKU-BEVERAGE-02,62,31.69,0,0,7,0
2024-01-20,Store-South-03,SKU-BEVERAGE-02,74,31.69,0,1,7,0
2024-01-21,Store-South-03,SKU-BEVERAGE-02,99,31.69,0,1,7,0
2024-01-22,Store-South-03,SKU-BEVERAGE-02,64,31.69,0,0,7,0
2024-01-23,Store-South-03,SKU-BEVERAGE-02,58,31.69,0,0,7,0
2024-01-24,Store-South-03,SKU-BEVERAGE-02,61,31.69,0,0,7,0
2024-01-25,Store-South-03,SKU-BEVERAGE-02,107,26.94,1,0,7,0
2024-01-26,Store-South-03,SKU-BEVERAGE-02,61,31.69,0,0,7,0
2024-01-27,Store-South-03,SKU-BEVERAGE-02,99,31.69,0,1,7,0
2024-01-28,Store-South-03,SKU-BEVERAGE-02,93,31.69,0,1,7,0
2024-01-29,Store-South-03,SKU-BEVERAGE-02,63,31.69,0,0,7,0
2024-01-30,Store-South-03,SKU-BEVERAGE-02,76,31.69,0,0,7,0
2024-01-31,Store-South-03,SKU-BEVERAGE-02,136,26.94,1,0,7,0
2024-02-01,Store-South-03,SKU-BEVERAGE-02,64,31.69,0,0,7,0
2024-02-02,Store-South-03,SKU-BEVERAGE-02,70,31.69,0,0,7,0
2024-02-03,Store-South-03,SKU-BEVERAGE-02,0,31.69,0,1,7,1
2024-02-04,Store-South-03,SKU-BEVERAGE-02,87,31.69,0,1,7,0
2024-02-05,Store-South-03,SKU-BEVERAGE-02,73,31.69,0,0,7,0
2024-02-06,Store-South-03,SKU-BEVERAGE-02,117,26.94,1,0,7,0
2024-02-07,Store-South-03,SKU-BEVERAGE-02,62,31.69,0,0,7,0
2024-02-08,Store-South-03,SKU-BEVERAGE-02,67,31.69,0,0,7,0
2024-02-09,Store-South-03,SKU-BEVERAGE-02,75,31.69,0,0,7,0
2024-02-10,Store-South-03,SKU-BEVERAGE-02,111,31.69,0,1,7,0
2024-02-11,Store-South-03,SKU-BEVERAGE-02,96,31.69,0,1,7,0
2024-02-12,Store-South-03,SKU-BEVERAGE-02,69,31.69,0,0,7,0
2024-02-13,Store-South-03,SKU-BEVERAGE-02,58,31.69,0,0,7,0
2024-02-14,Store-South-03,SKU-BEVERAGE-02,70,31.69,0,0,7,0
2024-02-15,Store-South-03,SKU-BEVERAGE-02,73,31.69,0,0,7,0
2024-02-16,Store-South-03,SKU-BEVERAGE-02,73,31.69,0,0,7,0
2024-02-17,Store-South-03,SKU-BEVERAGE-02,84,31.69,0,1,7,0
2024-02-18,Store-South-03,SKU-BEVERAGE-02,102,31.69,0,1,7,0
2024-02-19,Store-South-03,SKU-BEVERAGE-02,67,31.69,0,0,7,0
2024-02-20,Store-South-03,SKU-BEVERAGE-02,0,31.69,0,0,7,1
2024-02-21,Store-South-03,SKU-BEVERAGE-02,109,26.94,1,0,7,0
2024-02-22,Store-South-03,SKU-BEVERAGE-02,72,31.69,0,0,7,0
2024-02-23,Store-South-03,SKU-BEVERAGE-02,141,26.94,1,0,7,0
2024-02-24,Store-South-03,SKU-BEVERAGE-02,101,31.69,0,1,7,0
2024-02-25,Store-South-03,SKU-BEVERAGE-02,105,31.69,0,1,7,0
2024-02-26,Store-South-03,SKU-BEVERAGE-02,66,31.69,0,0,7,0
2024-02-27,Store-South-03,SKU-BEVERAGE-02,75,31.69,0,0,7,0
2024-02-28,Store-South-03,SKU-BEVERAGE-02,71,31.69,0,0,7,0
2024-02-29,Store-South-03,SKU-BEVERAGE-02,59,31.69,0,0,7,0
2024-03-01,Store-South-03,SKU-BEVERAGE-02,77,31.69,0,0,7,0
2024-03-02,Store-South-03,SKU-BEVERAGE-02,110,31.69,0,1,7,0
2024-03-03,Store-South-03,SKU-BEVERAGE-02,109,31.69,0,1,7,0
2024-03-04,Store-South-03,SKU-BEVERAGE-02,72,31.69,0,0,7,0
2024-03-05,Store-South-03,SKU-BEVERAGE-02,75,31.69,0,0,7,0
2024-03-06,Store-South-03,SKU-BEVERAGE-02,78,31.69,0,0,7,0
2024-03-07,Store-South-03,SKU-BEVERAGE-02,84,31.69,0,0,7,0
2024-03-08,Store-South-03,SKU-BEVERAGE-02,64,31.69,0,0,7,0
2024-03-09,Store-South-03,SKU-BEVERAGE-02,108,31.69,0,1,7,0
2024-03-10,Store-South-03,SKU-BEVERAGE-02,110,31.69,0,1,7,0
2024-03-11,Store-South-03,SKU-BEVERAGE-02,79,31.69,0,0,7,0
2024-03-12,Store-South-03,SKU-BEVERAGE-02,77,31.69,0,0,7,0
2024-03-13,Store-South-03,SKU-BEVERAGE-02,75,31.69,0,0,7,0
2024-03-14,Store-South-03,SKU-BEVERAGE-02,80,31.69,0,0,7,0
2024-03-15,Store-South-03,SKU-BEVERAGE-02,79,31.69,0,0,7,0
2024-03-16,Store-South-03,SKU-BEVERAGE-02,92,31.69,0,1,7,0
2024-03-17,Store-South-03,SKU-BEVERAGE-02,103,31.69,0,1,7,0
2024-03-18,Store-South-03,SKU-BEVERAGE-02,68,31.69,0,0,7,0
2024-03-19,Store-South-03,SKU-BEVERAGE-02,75,31.69,0,0,7,0
2024-03-20,Store-South-03,SKU-BEVERAGE-02,78,31.69,0,0,7,0
2024-03-21,Store-South-03,SKU-BEVERAGE-02,100,31.69,0,0,7,0
2024-03-22,Store-South-03,SKU-BEVERAGE-02,88,31.69,0,0,7,0
2024-03-23,Store-South-03,SKU-BEVERAGE-02,122,31.69,0,1,7,0
2024-03-24,Store-South-03,SKU-BEVERAGE-02,107,31.69,0,1,7,0
2024-03-25,Store-South-03,SKU-BEVERAGE-02,72,31.69,0,0,7,0
2024-03-26,Store-South-03,SKU-BEVERAGE-02,155,26.94,1,0,7,0
2024-03-27,Store-South-03,SKU-BEVERAGE-02,92,31.69,0,0,7,0
2024-03-28,Store-South-03,SKU-BEVERAGE-02,78,31.69,0,0,7,0
2024-03-29,Store-South-03,SKU-BEVERAGE-02,73,31.69,0,0,7,0
2024-03-30,Store-South-03,SKU-BEVERAGE-02,123,31.69,0,1,7,0
2024-03-31,Store-South-03,SKU-BEVERAGE-02,107,31.69,0,1,7,0
2024-04-01,Store-South-03,SKU-BEVERAGE-02,93,31.69,0,0,7,0
2024-04-02,Store-South-03,SKU-BEVERAGE-02,72,31.69,0,0,7,0
2024-04-03,Store-South-03,SKU-BEVERAGE-02,95,31.69,0,0,7,0
2024-04-04,Store-South-03,SKU-BEVERAGE-02,77,31.69,0,0,7,0
2024-04-05,Store-South-03,SKU-BEVERAGE-02,88,31.69,0,0,7,0
2024-04-06,Store-South-03,SKU-BEVERAGE-02,95,31.69,0,1,7,0
2024-04-07,Store-South-03,SKU-BEVERAGE-02,108,31.69,0,1,7,0
2024-04-08,Store-South-03,SKU-BEVERAGE-02,75,31.69,0,0,7,0
2024-04-09,Store-South-03,SKU-BEVERAGE-02,154,26.94,1,0,7,0
2024-04-10,Store-South-03,SKU-BEVERAGE-02,84,31.69,0,0,7,0
2024-04-11,Store-South-03,SKU-BEVERAGE-02,149,26.94,1,0,7,0
2024-04-12,Store-South-03,SKU-BEVERAGE-02,87,31.69,0,0,7,0
2024-04-13,Store-South-03,SKU-BEVERAGE-02,108,31.69,0,1,7,0
2024-04-14,Store-South-03,SKU-BEVERAGE-02,107,31.69,0,1,7,0
2024-04-15,Store-South-03,SKU-BEVERAGE-02,74,31.69,0,0,7,0
2024-04-16,Store-South-03,SKU-BEVERAGE-02,0,31.69,0,0,7,1
2024-04-17,Store-South-03,SKU-BEVERAGE-02,149,26.94,1,0,7,0
2024-04-18,Store-South-03,SKU-BEVERAGE-02,82,31.69,0,0,7,0
2024-04-19,Store-South-03,SKU-BEVERAGE-02,72,31.69,0,0,7,0
2024-04-20,Store-South-03,SKU-BEVERAGE-02,104,31.69,0,1,7,0
2024-04-21,Store-South-03,SKU-BEVERAGE-02,115,31.69,0,1,7,0
2024-04-22,Store-South-03,SKU-BEVERAGE-02,86,31.69,0,0,7,0
2024-04-23,Store-South-03,SKU-BEVERAGE-02,84,31.69,0,0,7,0
2024-04-24,Store-South-03,SKU-BEVERAGE-02,91,31.69,0,0,7,0
2024-04-25,Store-South-03,SKU-BEVERAGE-02,88,31.69,0,0,7,0
2024-04-26,Store-South-03,SKU-BEVERAGE-02,0,31.69,0,0,7,1
2024-04-27,Store-South-03,SKU-BEVERAGE-02,193,26.94,1,1,7,0
2024-04-28,Store-South-03,SKU-BEVERAGE-02,194,26.94,1,1,7,0
2024-04-29,Store-South-03,SKU-BEVERAGE-02,164,26.94,1,0,7,0
2024-04-30,Store-South-03,SKU-BEVERAGE-02,0,31.69,0,0,7,1
2024-05-01,Store-South-03,SKU-BEVERAGE-02,72,31.69,0,0,7,0
2024-05-02,Store-South-03,SKU-BEVERAGE-02,89,31.69,0,0,7,0
2024-05-03,Store-South-03,SKU-BEVERAGE-02,96,31.69,0,0,7,0
2024-05-04,Store-South-03,SKU-BEVERAGE-02,125,31.69,0,1,7,0
2024-05-05,Store-South-03,SKU-BEVERAGE-02,93,31.69,0,1,7,0
2024-05-06,Store-South-03,SKU-BEVERAGE-02,82,31.69,0,0,7,0
2024-05-07,Store-South-03,SKU-BEVERAGE-02,81,31.69,0,0,7,0
2024-05-08,Store-South-03,SKU-BEVERAGE-02,81,31.69,0,0,7,0
2024-05-09,Store-South-03,SKU-BEVERAGE-02,96,31.69,0,0,7,0
2024-05-10,Store-South-03,SKU-BEVERAGE-02,86,31.69,0,0,7,0
2024-05-11,Store-South-03,SKU-BEVERAGE-02,0,26.94,1,1,7,1
2024-05-12,Store-South-03,SKU-BEVERAGE-02,119,31.69,0,1,7,0
2024-05-13,Store-South-03,SKU-BEVERAGE-02,87,31.69,0,0,7,0
2024-05-14,Store-South-03,SKU-BEVERAGE-02,97,31.69,0,0,7,0
2024-05-15,Store-South-03,SKU-BEVERAGE-02,81,31.69,0,0,7,0
2024-05-16,Store-South-03,SKU-BEVERAGE-02,75,31.69,0,0,7,0
2024-05-17,Store-South-03,SKU-BEVERAGE-02,79,31.69,0,0,7,0
2024-05-18,Store-South-03,SKU-BEVERAGE-02,185,26.94,1,1,7,0
2024-05-19,Store-South-03,SKU-BEVERAGE-02,116,31.69,0,1,7,0
2024-05-20,Store-South-03,SKU-BEVERAGE-02,75,31.69,0,0,7,0
2024-05-21,Store-South-03,SKU-BEVERAGE-02,76,31.69,0,0,7,0
2024-05-22,Store-South-03,SKU-BEVERAGE-02,77,31.69,0,0,7,0
2024-05-23,Store-South-03,SKU-BEVERAGE-02,70,31.69,0,0,7,0
2024-05-24,Store-South-03,SKU-BEVERAGE-02,69,31.69,0,0,7,0
2024-05-25,Store-South-03,SKU-BEVERAGE-02,116,31.69,0,1,7,0
2024-05-26,Store-South-03,SKU-BEVERAGE-02,103,31.69,0,1,7,0
2024-05-27,Store-South-03,SKU-BEVERAGE-02,87,31.69,0,0,7,0
2024-05-28,Store-South-03,SKU-BEVERAGE-02,84,31.69,0,0,7,0
2024-05-29,Store-South-03,SKU-BEVERAGE-02,83,31.69,0,0,7,0
2024-05-30,Store-South-03,SKU-BEVERAGE-02,77,31.69,0,0,7,0
2024-05-31,Store-South-03,SKU-BEVERAGE-02,80,31.69,0,0,7,0
2024-06-01,Store-South-03,SKU-BEVERAGE-02,90,31.69,0,1,7,0
2024-06-02,Store-South-03,SKU-BEVERAGE-02,111,31.69,0,1,7,0
2024-06-03,Store-South-03,SKU-BEVERAGE-02,0,31.69,0,0,7,1
2024-06-04,Store-South-03,SKU-BEVERAGE-02,65,31.69,0,0,7,0
2024-06-05,Store-South-03,SKU-BEVERAGE-02,0,31.69,0,0,7,1
2024-06-06,Store-South-03,SKU-BEVERAGE-02,85,31.69,0,0,7,0
2024-06-07,Store-South-03,SKU-BEVERAGE-02,82,31.69,0,0,7,0
2024-06-08,Store-South-03,SKU-BEVERAGE-02,98,31.69,0,1,7,0
2024-06-09,Store-South-03,SKU-BEVERAGE-02,113,31.69,0,1,7,0
2024-06-10,Store-South-03,SKU-BEVERAGE-02,77,31.69,0,0,7,0
2024-06-11,Store-South-03,SKU-BEVERAGE-02,87,31.69,0,0,7,0
2024-06-12,Store-South-03,SKU-BEVERAGE-02,57,31.69,0,0,7,0
2024-06-13,Store-South-03,SKU-BEVERAGE-02,73,31.69,0,0,7,0
2024-06-14,Store-South-03,SKU-BEVERAGE-02,84,31.69,0,0,7,0
2024-06-15,Store-South-03,SKU-BEVERAGE-02,190,26.94,1,1,7,0
2024-06-16,Store-South-03,SKU-BEVERAGE-02,94,31.69,0,1,7,0
2024-06-17,Store-South-03,SKU-BEVERAGE-02,78,31.69,0,0,7,0
2024-06-18,Store-South-03,SKU-BEVERAGE-02,71,31.69,0,0,7,0
2024-06-19,Store-South-03,SKU-BEVERAGE-02,79,31.69,0,0,7,0
2024-06-20,Store-South-03,SKU-BEVERAGE-02,150,26.94,1,0,7,0
2024-06-21,Store-South-03,SKU-BEVERAGE-02,88,31.69,0,0,7,0
2024-06-22,Store-South-03,SKU-BEVERAGE-02,94,31.69,0,1,7,0
2024-06-23,Store-South-03,SKU-BEVERAGE-02,104,31.69,0,1,7,0
2024-06-24,Store-South-03,SKU-BEVERAGE-02,76,31.69,0,0,7,0
2024-06-25,Store-South-03,SKU-BEVERAGE-02,76,31.69,0,0,7,0
2024-06-26,Store-South-03,SKU-BEVERAGE-02,84,31.69,0,0,7,0
2024-06-27,Store-South-03,SKU-BEVERAGE-02,78,31.69,0,0,7,0
2024-06-28,Store-South-03,SKU-BEVERAGE-02,86,31.69,0,0,7,0
2024-06-29,Store-South-03,SKU-BEVERAGE-02,114,31.69,0,1,7,0
2024-06-30,Store-South-03,SKU-BEVERAGE-02,121,31.69,0,1,7,0
2024-07-01,Store-South-03,SKU-BEVERAGE-02,69,31.69,0,0,7,0
2024-07-02,Store-South-03,SKU-BEVERAGE-02,81,31.69,0,0,7,0
2024-07-03,Store-South-03,SKU-BEVERAGE-02,69,31.69,0,0,7,0
2024-07-04,Store-South-03,SKU-BEVERAGE-02,68,31.69,0,0,7,0
2024-07-05,Store-South-03,SKU-BEVERAGE-02,63,31.69,0,0,7,0
2024-07-06,Store-South-03,SKU-BEVERAGE-02,97,31.69,0,1,7,0
2024-07-07,Store-South-03,SKU-BEVERAGE-02,109,31.69,0,1,7,0
2024-07-08,Store-South-03,SKU-BEVERAGE-02,86,31.69,0,0,7,0
2024-07-09,Store-South-03,SKU-BEVERAGE-02,61,31.69,0,0,7,0
2024-07-10,Store-South-03,SKU-BEVERAGE-02,74,31.69,0,0,7,0
2024-07-11,Store-South-03,SKU-BEVERAGE-02,92,31.69,0,0,7,0
2024-07-12,Store-South-03,SKU-BEVERAGE-02,73,31.69,0,0,7,0
2024-07-13,Store-South-03,SKU-BEVERAGE-02,90,31.69,0,1,7,0
2024-07-14,Store-South-03,SKU-BEVERAGE-02,79,31.69,0,1,7,0
2024-07-15,Store-South-03,SKU-BEVERAGE-02,59,31.69,0,0,7,0
2024-07-16,Store-South-03,SKU-BEVERAGE-02,64,31.69,0,0,7,0
2024-07-17,Store-South-03,SKU-BEVERAGE-02,139,26.94,1,0,7,0
2024-07-18,Store-South-03,SKU-BEVERAGE-02,73,31.69,0,0,7,0
2024-07-19,Store-South-03,SKU-BEVERAGE-02,72,31.69,0,0,7,0
2024-07-20,Store-South-03,SKU-BEVERAGE-02,86,31.69,0,1,7,0
2024-07-21,Store-South-03,SKU-BEVERAGE-02,90,31.69,0,1,7,0
2024-07-22,Store-South-03,SKU-BEVERAGE-02,70,31.69,0,0,7,0
2024-07-23,Store-South-03,SKU-BEVERAGE-02,62,31.69,0,0,7,0
2024-07-24,Store-South-03,SKU-BEVERAGE-02,74,31.69,0,0,7,0
2024-07-25,Store-South-03,SKU-BEVERAGE-02,61,31.69,0,0,7,0
2024-07-26,Store-South-03,SKU-BEVERAGE-02,64,31.69,0,0,7,0
2024-07-27,Store-South-03,SKU-BEVERAGE-02,70,31.69,0,1,7,0
2024-07-28,Store-South-03,SKU-BEVERAGE-02,86,31.69,0,1,7,0
2024-07-29,Store-South-03,SKU-BEVERAGE-02,118,26.94,1,0,7,0
2024-07-30,Store-South-03,SKU-BEVERAGE-02,62,31.69,0,0,7,0
2024-07-31,Store-South-03,SKU-BEVERAGE-02,73,31.69,0,0,7,0
2024-08-01,Store-South-03,SKU-BEVERAGE-02,65,31.69,0,0,7,0
2024-08-02,Store-South-03,SKU-BEVERAGE-02,58,31.69,0,0,7,0
2024-08-03,Store-South-03,SKU-BEVERAGE-02,77,31.69,0,1,7,0
2024-08-04,Store-South-03,SKU-BEVERAGE-02,73,31.69,0,1,7,0
2024-08-05,Store-South-03,SKU-BEVERAGE-02,65,31.69,0,0,7,0
2024-08-06,Store-South-03,SKU-BEVERAGE-02,63,31.69,0,0,7,0
2024-08-07,Store-South-03,SKU-BEVERAGE-02,67,31.69,0,0,7,0
2024-08-08,Store-South-03,SKU-BEVERAGE-02,71,31.69,0,0,7,0
2024-08-09,Store-South-03,SKU-BEVERAGE-02,60,31.69,0,0,7,0
2024-08-10,Store-South-03,SKU-BEVERAGE-02,83,31.69,0,1,7,0
2024-08-11,Store-South-03,SKU-BEVERAGE-02,89,31.69,0,1,7,0
2024-08-12,Store-South-03,SKU-BEVERAGE-02,76,31.69,0,0,7,0
2024-08-13,Store-South-03,SKU-BEVERAGE-02,63,31.69,0,0,7,0
2024-08-14,Store-South-03,SKU-BEVERAGE-02,62,31.69,0,0,7,0
2024-08-15,Store-South-03,SKU-BEVERAGE-02,67,31.69,0,0,7,0
2024-08-16,Store-South-03,SKU-BEVERAGE-02,56,31.69,0,0,7,0
2024-08-17,Store-South-03,SKU-BEVERAGE-02,66,31.69,0,1,7,0
2024-08-18,Store-South-03,SKU-BEVERAGE-02,84,31.69,0,1,7,0
2024-08-19,Store-South-03,SKU-BEVERAGE-02,56,31.69,0,0,7,0
2024-08-20,Store-South-03,SKU-BEVERAGE-02,72,31.69,0,0,7,0
2024-08-21,Store-South-03,SKU-BEVERAGE-02,65,31.69,0,0,7,0
2024-08-22,Store-South-03,SKU-BEVERAGE-02,52,31.69,0,0,7,0
2024-08-23,Store-South-03,SKU-BEVERAGE-02,61,31.69,0,0,7,0
2024-08-24,Store-South-03,SKU-BEVERAGE-02,79,31.69,0,1,7,0
2024-08-25,Store-South-03,SKU-BEVERAGE-02,64,31.69,0,1,7,0
2024-08-26,Store-South-03,SKU-BEVERAGE-02,53,31.69,0,0,7,0
2024-08-27,Store-South-03,SKU-BEVERAGE-02,46,31.69,0,0,7,0
2024-08-28,Store-South-03,SKU-BEVERAGE-02,59,31.69,0,0,7,0
2024-08-29,Store-South-03,SKU-BEVERAGE-02,68,31.69,0,0,7,0
2024-08-30,Store-South-03,SKU-BEVERAGE-02,67,31.69,0,0,7,0
2024-08-31,Store-South-03,SKU-BEVERAGE-02,0,31.69,0,1,7,1
2024-09-01,Store-South-03,SKU-BEVERAGE-02,69,31.69,0,1,7,0
2024-09-02,Store-South-03,SKU-BEVERAGE-02,120,26.94,1,0,7,0
2024-09-03,Store-South-03,SKU-BEVERAGE-02,63,31.69,0,0,7,0
2024-09-04,Store-South-03,SKU-BEVERAGE-02,46,31.69,0,0,7,0
2024-09-05,Store-South-03,SKU-BEVERAGE-02,63,31.69,0,0,7,0
2024-09-06,Store-South-03,SKU-BEVERAGE-02,54,31.69,0,0,7,0
2024-09-07,Store-South-03,SKU-BEVERAGE-02,67,31.69,0,1,7,0
2024-09-08,Store-South-03,SKU-BEVERAGE-02,68,31.69,0,1,7,0
2024-09-09,Store-South-03,SKU-BEVERAGE-02,62,31.69,0,0,7,0
2024-09-10,Store-South-03,SKU-BEVERAGE-02,52,31.69,0,0,7,0
2024-09-11,Store-South-03,SKU-BEVERAGE-02,52,31.69,0,0,7,0
2024-09-12,Store-South-03,SKU-BEVERAGE-02,49,31.69,0,0,7,0
2024-09-13,Store-South-03,SKU-BEVERAGE-02,46,31.69,0,0,7,0
2024-09-14,Store-South-03,SKU-BEVERAGE-02,132,26.94,1,1,7,0
2024-09-15,Store-South-03,SKU-BEVERAGE-02,62,31.69,0,1,7,0
2024-09-16,Store-South-03,SKU-BEVERAGE-02,45,31.69,0,0,7,0
2024-09-17,Store-South-03,SKU-BEVERAGE-02,49,31.69,0,0,7,0
2024-09-18,Store-South-03,SKU-BEVERAGE-02,57,31.69,0,0,7,0
2024-09-19,Store-South-03,SKU-BEVERAGE-02,88,26.94,1,0,7,0
2024-09-20,Store-South-03,SKU-BEVERAGE-02,42,31.69,0,0,7,0
2024-09-21,Store-South-03,SKU-BEVERAGE-02,80,31.69,0,1,7,0
2024-09-22,Store-South-03,SKU-BEVERAGE-02,54,31.69,0,1,7,0
2024-09-23,Store-South-03,SKU-BEVERAGE-02,51,31.69,0,0,7,0
2024-09-24,Store-South-03,SKU-BEVERAGE-02,55,31.69,0,0,7,0
2024-09-25,Store-South-03,SKU-BEVERAGE-02,41,31.69,0,0,7,0
2024-09-26,Store-South-03,SKU-BEVERAGE-02,44,31.69,0,0,7,0
2024-09-27,Store-South-03,SKU-BEVERAGE-02,52,31.69,0,0,7,0
2024-09-28,Store-South-03,SKU-BEVERAGE-02,67,31.69,0,1,7,0
2024-09-29,Store-South-03,SKU-BEVERAGE-02,71,31.69,0,1,7,0
2024-09-30,Store-South-03,SKU-BEVERAGE-02,47,31.69,0,0,7,0
2024-10-01,Store-South-03,SKU-BEVERAGE-02,0,31.69,0,0,7,1
2024-10-02,Store-South-03,SKU-BEVERAGE-02,41,31.69,0,0,7,0
2024-10-03,Store-South-03,SKU-BEVERAGE-02,59,31.69,0,0,7,0
2024-10-04,Store-South-03,SKU-BEVERAGE-02,103,26.94,1,0,7,0
2024-10-05,Store-South-03,SKU-BEVERAGE-02,60,31.69,0,1,7,0
2024-10-06,Store-South-03,SKU-BEVERAGE-02,56,31.69,0,1,7,0
2024-10-07,Store-South-03,SKU-BEVERAGE-02,88,26.94,1,0,7,0
2024-10-08,Store-South-03,SKU-BEVERAGE-02,36,31.69,0,0,7,0
2024-10-09,Store-South-03,SKU-BEVERAGE-02,44,31.69,0,0,7,0
2024-10-10,Store-South-03,SKU-BEVERAGE-02,41,31.69,0,0,7,0
2024-10-11,Store-South-03,SKU-BEVERAGE-02,55,31.69,0,0,7,0
2024-10-12,Store-South-03,SKU-BEVERAGE-02,66,31.69,0,1,7,0
2024-10-13,Store-South-03,SKU-BEVERAGE-02,62,31.69,0,1,7,0
2024-10-14,Store-South-03,SKU-BEVERAGE-02,52,31.69,0,0,7,0
2024-10-15,Store-South-03,SKU-BEVERAGE-02,49,31.69,0,0,7,0
2024-10-16,Store-South-03,SKU-BEVERAGE-02,48,31.69,0,0,7,0
2024-10-17,Store-South-03,SKU-BEVERAGE-02,50,31.69,0,0,7,0
2024-10-18,Store-South-03,SKU-BEVERAGE-02,61,31.69,0,0,7,0
2024-10-19,Store-South-03,SKU-BEVERAGE-02,66,31.69,0,1,7,0
2024-10-20,Store-South-03,SKU-BEVERAGE-02,60,31.69,0,1,7,0
2024-10-21,Store-South-03,SKU-BEVERAGE-02,40,31.69,0,0,7,0
2024-10-22,Store-South-03,SKU-BEVERAGE-02,48,31.69,0,0,7,0
2024-10-23,Store-South-03,SKU-BEVERAGE-02,67,31.69,0,0,7,0
2024-10-24,Store-South-03,SKU-BEVERAGE-02,81,26.94,1,0,7,0
2024-10-25,Store-South-03,SKU-BEVERAGE-02,42,31.69,0,0,7,0
2024-10-26,Store-South-03,SKU-BEVERAGE-02,63,31.69,0,1,7,0
2024-10-27,Store-South-03,SKU-BEVERAGE-02,70,31.69,0,1,7,0
2024-10-28,Store-South-03,SKU-BEVERAGE-02,47,31.69,0,0,7,0
2024-10-29,Store-South-03,SKU-BEVERAGE-02,91,26.94,1,0,7,0
2024-10-30,Store-South-03,SKU-BEVERAGE-02,36,31.69,0,0,7,0
2024-10-31,Store-South-03,SKU-BEVERAGE-02,45,31.69,0,0,7,0
2024-11-01,Store-South-03,SKU-BEVERAGE-02,44,31.69,0,0,7,0
2024-11-02,Store-South-03,SKU-BEVERAGE-02,68,31.69,0,1,7,0
2024-11-03,Store-South-03,SKU-BEVERAGE-02,68,31.69,0,1,7,0
2024-11-04,Store-South-03,SKU-BEVERAGE-02,51,31.69,0,0,7,0
2024-11-05,Store-South-03,SKU-BEVERAGE-02,50,31.69,0,0,7,0
2024-11-06,Store-South-03,SKU-BEVERAGE-02,42,31.69,0,0,7,0
2024-11-07,Store-South-03,SKU-BEVERAGE-02,0,26.94,1,0,7,1
2024-11-08,Store-South-03,SKU-BEVERAGE-02,45,31.69,0,0,7,0
2024-11-09,Store-South-03,SKU-BEVERAGE-02,66,31.69,0,1,7,0
2024-11-10,Store-South-03,SKU-BEVERAGE-02,54,31.69,0,1,7,0
2024-11-11,Store-South-03,SKU-BEVERAGE-02,43,31.69,0,0,7,0
2024-11-12,Store-South-03,SKU-BEVERAGE-02,94,26.94,1,0,7,0
2024-11-13,Store-South-03,SKU-BEVERAGE-02,53,31.69,0,0,7,0
2024-11-14,Store-South-03,SKU-BEVERAGE-02,102,26.94,1,0,7,0
2024-11-15,Store-South-03,SKU-BEVERAGE-02,58,31.69,0,0,7,0
2024-11-16,Store-South-03,SKU-BEVERAGE-02,58,31.69,0,1,7,0
2024-11-17,Store-South-03,SKU-BEVERAGE-02,69,31.69,0,1,7,0
2024-11-18,Store-South-03,SKU-BEVERAGE-02,42,31.69,0,0,7,0
2024-11-19,Store-South-03,SKU-BEVERAGE-02,47,31.69,0,0,7,0
2024-11-20,Store-South-03,SKU-BEVERAGE-02,63,31.69,0,0,7,0
2024-11-21,Store-South-03,SKU-BEVERAGE-02,54,31.69,0,0,7,0
2024-11-22,Store-South-03,SKU-BEVERAGE-02,47,31.69,0,0,7,0
2024-11-23,Store-South-03,SKU-BEVERAGE-02,56,31.69,0,1,7,0
2024-11-24,Store-South-03,SKU-BEVERAGE-02,51,31.69,0,1,7,0
2024-11-25,Store-South-03,SKU-BEVERAGE-02,89,26.94,1,0,7,0
2024-11-26,Store-South-03,SKU-BEVERAGE-02,54,31.69,0,0,7,0
2024-11-27,Store-South-03,SKU-BEVERAGE-02,51,31.69,0,0,7,0
2024-11-28,Store-South-03,SKU-BEVERAGE-02,48,31.69,0,0,7,0
2024-11-29,Store-South-03,SKU-BEVERAGE-02,59,31.69,0,0,7,0
2024-11-30,Store-South-03,SKU-BEVERAGE-02,76,31.69,0,1,7,0
2024-12-01,Store-South-03,SKU-BEVERAGE-02,57,31.69,0,1,7,0
2024-12-02,Store-South-03,SKU-BEVERAGE-02,47,31.69,0,0,7,0
2024-12-03,Store-South-03,SKU-BEVERAGE-02,74,26.94,1,0,7,0
2024-12-04,Store-South-03,SKU-BEVERAGE-02,54,31.69,0,0,7,0
2024-12-05,Store-South-03,SKU-BEVERAGE-02,88,26.94,1,0,7,0
2024-12-06,Store-South-03,SKU-BEVERAGE-02,59,31.69,0,0,7,0
2024-12-07,Store-South-03,SKU-BEVERAGE-02,76,31.69,0,1,7,0
2024-12-08,Store-South-03,SKU-BEVERAGE-02,0,26.94,1,1,7,1
2024-12-09,Store-South-03,SKU-BEVERAGE-02,114,26.94,1,0,7,0
2024-12-10,Store-South-03,SKU-BEVERAGE-02,61,31.69,0,0,7,0
2024-12-11,Store-South-03,SKU-BEVERAGE-02,50,31.69,0,0,7,0
2024-12-12,Store-South-03,SKU-BEVERAGE-02,60,31.69,0,0,7,0
2024-12-13,Store-South-03,SKU-BEVERAGE-02,50,31.69,0,0,7,0
2024-12-14,Store-South-03,SKU-BEVERAGE-02,73,31.69,0,1,7,0
2024-12-15,Store-South-03,SKU-BEVERAGE-02,62,31.69,0,1,7,0
2024-12-16,Store-South-03,SKU-BEVERAGE-02,46,31.69,0,0,7,0
2024-12-17,Store-South-03,SKU-BEVERAGE-02,50,31.69,0,0,7,0
2024-12-18,Store-South-03,SKU-BEVERAGE-02,0,31.69,0,0,7,1
2024-12-19,Store-South-03,SKU-BEVERAGE-02,48,31.69,0,0,7,0
2024-12-20,Store-South-03,SKU-BEVERAGE-02,48,31.69,0,0,7,0
2024-12-21,Store-South-03,SKU-BEVERAGE-02,68,31.69,0,1,7,0
2024-12-22,Store-South-03,SKU-BEVERAGE-02,69,31.69,0,1,7,0
2024-12-23,Store-South-03,SKU-BEVERAGE-02,61,31.69,0,0,7,0
2024-12-24,Store-South-03,SKU-BEVERAGE-02,60,31.69,0,0,7,0
2024-12-25,Store-South-03,SKU-BEVERAGE-02,51,31.69,0,0,7,0
2024-12-26,Store-South-03,SKU-BEVERAGE-02,0,31.69,0,0,7,1
2024-12-27,Store-South-03,SKU-BEVERAGE-02,49,31.69,0,0,7,0
2024-12-28,Store-South-03,SKU-BEVERAGE-02,78,31.69,0,1,7,0
2024-12-29,Store-South-03,SKU-BEVERAGE-02,64,31.69,0,1,7,0
2024-12-30,Store-South-03,SKU-BEVERAGE-02,50,31.69,0,0,7,0
2024-12-31,Store-South-03,SKU-BEVERAGE-02,43,31.69,0,0,7,0
2025-01-01,Store-South-03,SKU-BEVERAGE-02,55,31.69,0,0,7,0
2025-01-02,Store-South-03,SKU-BEVERAGE-02,56,31.69,0,0,7,0
2025-01-03,Store-South-03,SKU-BEVERAGE-02,57,31.69,0,0,7,0
2025-01-04,Store-South-03,SKU-BEVERAGE-02,84,31.69,0,1,7,0
2025-01-05,Store-South-03,SKU-BEVERAGE-02,74,31.69,0,1,7,0
2025-01-06,Store-South-03,SKU-BEVERAGE-02,0,31.69,0,0,7,1
2025-01-07,Store-South-03,SKU-BEVERAGE-02,55,31.69,0,0,7,0
2025-01-08,Store-South-03,SKU-BEVERAGE-02,64,31.69,0,0,7,0
2025-01-09,Store-South-03,SKU-BEVERAGE-02,68,31.69,0,0,7,0
2025-01-10,Store-South-03,SKU-BEVERAGE-02,51,31.69,0,0,7,0
2025-01-11,Store-South-03,SKU-BEVERAGE-02,67,31.69,0,1,7,0
2025-01-12,Store-South-03,SKU-BEVERAGE-02,76,31.69,0,1,7,0
2025-01-13,Store-South-03,SKU-BEVERAGE-02,63,31.69,0,0,7,0
2025-01-14,Store-South-03,SKU-BEVERAGE-02,62,31.69,0,0,7,0
2025-01-15,Store-South-03,SKU-BEVERAGE-02,63,31.69,0,0,7,0
2025-01-16,Store-South-03,SKU-BEVERAGE-02,70,31.69,0,0,7,0
2025-01-17,Store-South-03,SKU-BEVERAGE-02,63,31.69,0,0,7,0
2025-01-18,Store-South-03,SKU-BEVERAGE-02,63,31.69,0,1,7,0
2025-01-19,Store-South-03,SKU-BEVERAGE-02,91,31.69,0,1,7,0
2025-01-20,Store-South-03,SKU-BEVERAGE-02,50,31.69,0,0,7,0
2025-01-21,Store-South-03,SKU-BEVERAGE-02,67,31.69,0,0,7,0
2025-01-22,Store-South-03,SKU-BEVERAGE-02,55,31.69,0,0,7,0
2025-01-23,Store-South-03,SKU-BEVERAGE-02,56,31.69,0,0,7,0
2025-01-24,Store-South-03,SKU-BEVERAGE-02,0,31.69,0,0,7,1
2025-01-25,Store-South-03,SKU-BEVERAGE-02,90,31.69,0,1,7,0
2025-01-26,Store-South-03,SKU-BEVERAGE-02,90,31.69,0,1,7,0
2025-01-27,Store-South-03,SKU-BEVERAGE-02,63,31.69,0,0,7,0
2025-01-28,Store-South-03,SKU-BEVERAGE-02,80,31.69,0,0,7,0
2025-01-29,Store-South-03,SKU-BEVERAGE-02,55,31.69,0,0,7,0
2025-01-30,Store-South-03,SKU-BEVERAGE-02,58,31.69,0,0,7,0
2025-01-31,Store-South-03,SKU-BEVERAGE-02,66,31.69,0,0,7,0
2025-02-01,Store-South-03,SKU-BEVERAGE-02,88,31.69,0,1,7,0
2025-02-02,Store-South-03,SKU-BEVERAGE-02,79,31.69,0,1,7,0
2025-02-03,Store-South-03,SKU-BEVERAGE-02,133,26.94,1,0,7,0
2025-02-04,Store-South-03,SKU-BEVERAGE-02,0,31.69,0,0,7,1
2025-02-05,Store-South-03,SKU-BEVERAGE-02,58,31.69,0,0,7,0
2025-02-06,Store-South-03,SKU-BEVERAGE-02,74,31.69,0,0,7,0
2025-02-07,Store-South-03,SKU-BEVERAGE-02,65,31.69,0,0,7,0
2025-02-08,Store-South-03,SKU-BEVERAGE-02,100,31.69,0,1,7,0
2025-02-09,Store-South-03,SKU-BEVERAGE-02,96,31.69,0,1,7,0
2025-02-10,Store-South-03,SKU-BEVERAGE-02,61,31.69,0,0,7,0
2025-02-11,Store-South-03,SKU-BEVERAGE-02,70,31.69,0,0,7,0
2025-02-12,Store-South-03,SKU-BEVERAGE-02,105,26.94,1,0,7,0
2025-02-13,Store-South-03,SKU-BEVERAGE-02,70,31.69,0,0,7,0
2025-02-14,Store-South-03,SKU-BEVERAGE-02,73,31.69,0,0,7,0
2025-02-15,Store-South-03,SKU-BEVERAGE-02,88,31.69,0,1,7,0
2025-02-16,Store-South-03,SKU-BEVERAGE-02,159,26.94,1,1,7,0
2025-02-17,Store-South-03,SKU-BEVERAGE-02,87,31.69,0,0,7,0
2025-02-18,Store-South-03,SKU-BEVERAGE-02,81,31.69,0,0,7,0
2025-02-19,Store-South-03,SKU-BEVERAGE-02,0,31.69,0,0,7,1
2025-02-20,Store-South-03,SKU-BEVERAGE-02,78,31.69,0,0,7,0
2025-02-21,Store-South-03,SKU-BEVERAGE-02,70,31.69,0,0,7,0
2025-02-22,Store-South-03,SKU-BEVERAGE-02,92,31.69,0,1,7,0
2025-02-23,Store-South-03,SKU-BEVERAGE-02,181,26.94,1,1,7,0
2025-02-24,Store-South-03,SKU-BEVERAGE-02,79,31.69,0,0,7,0
2025-02-25,Store-South-03,SKU-BEVERAGE-02,60,31.69,0,0,7,0
2025-02-26,Store-South-03,SKU-BEVERAGE-02,72,31.69,0,0,7,0
2025-02-27,Store-South-03,SKU-BEVERAGE-02,90,31.69,0,0,7,0
2025-02-28,Store-South-03,SKU-BEVERAGE-02,83,31.69,0,0,7,0
2025-03-01,Store-South-03,SKU-BEVERAGE-02,94,31.69,0,1,7,0
2025-03-02,Store-South-03,SKU-BEVERAGE-02,104,31.69,0,1,7,0
2025-03-03,Store-South-03,SKU-BEVERAGE-02,135,26.94,1,0,7,0
2025-03-04,Store-South-03,SKU-BEVERAGE-02,59,31.69,0,0,7,0
2025-03-05,Store-South-03,SKU-BEVERAGE-02,74,31.69,0,0,7,0
2025-03-06,Store-South-03,SKU-BEVERAGE-02,69,31.69,0,0,7,0
2025-03-07,Store-South-03,SKU-BEVERAGE-02,0,31.69,0,0,7,1
2025-03-08,Store-South-03,SKU-BEVERAGE-02,106,31.69,0,1,7,0
2025-03-09,Store-South-03,SKU-BEVERAGE-02,105,31.69,0,1,7,0
2025-03-10,Store-South-03,SKU-BEVERAGE-02,89,31.69,0,0,7,0
2025-03-11,Store-South-03,SKU-BEVERAGE-02,65,31.69,0,0,7,0
2025-03-12,Store-South-03,SKU-BEVERAGE-02,90,31.69,0,0,7,0
2025-03-13,Store-South-03,SKU-BEVERAGE-02,83,31.69,0,0,7,0
2025-03-14,Store-South-03,SKU-BEVERAGE-02,71,31.69,0,0,7,0
2025-03-15,Store-South-03,SKU-BEVERAGE-02,168,26.94,1,1,7,0
2025-03-16,Store-South-03,SKU-BEVERAGE-02,101,31.69,0,1,7,0
2025-03-17,Store-South-03,SKU-BEVERAGE-02,84,31.69,0,0,7,0
2025-03-18,Store-South-03,SKU-BEVERAGE-02,149,26.94,1,0,7,0
2025-03-19,Store-South-03,SKU-BEVERAGE-02,73,31.69,0,0,7,0
2025-03-20,Store-South-03,SKU-BEVERAGE-02,73,31.69,0,0,7,0
2025-03-21,Store-South-03,SKU-BEVERAGE-02,78,31.69,0,0,7,0
2025-03-22,Store-South-03,SKU-BEVERAGE-02,231,26.94,1,1,7,0
2025-03-23,Store-South-03,SKU-BEVERAGE-02,0,31.69,0,1,7,1
2025-03-24,Store-South-03,SKU-BEVERAGE-02,76,31.69,0,0,7,0
2025-03-25,Store-South-03,SKU-BEVERAGE-02,88,31.69,0,0,7,0
2025-03-26,Store-South-03,SKU-BEVERAGE-02,64,31.69,0,0,7,0
2025-03-27,Store-South-03,SKU-BEVERAGE-02,89,31.69,0,0,7,0
2025-03-28,Store-South-03,SKU-BEVERAGE-02,71,31.69,0,0,7,0
2025-03-29,Store-South-03,SKU-BEVERAGE-02,114,31.69,0,1,7,0
2025-03-30,Store-South-03,SKU-BEVERAGE-02,102,31.69,0,1,7,0
2025-03-31,Store-South-03,SKU-BEVERAGE-02,84,31.69,0,0,7,0
2025-04-01,Store-South-03,SKU-BEVERAGE-02,92,31.69,0,0,7,0
2025-04-02,Store-South-03,SKU-BEVERAGE-02,137,26.94,1,0,7,0
2025-04-03,Store-South-03,SKU-BEVERAGE-02,91,31.69,0,0,7,0
2025-04-04,Store-South-03,SKU-BEVERAGE-02,76,31.69,0,0,7,0
2025-04-05,Store-South-03,SKU-BEVERAGE-02,112,31.69,0,1,7,0
2025-04-06,Store-South-03,SKU-BEVERAGE-02,94,31.69,0,1,7,0
2025-04-07,Store-South-03,SKU-BEVERAGE-02,118,26.94,1,0,7,0
2025-04-08,Store-South-03,SKU-BEVERAGE-02,83,31.69,0,0,7,0
2025-04-09,Store-South-03,SKU-BEVERAGE-02,83,31.69,0,0,7,0
2025-04-10,Store-South-03,SKU-BEVERAGE-02,161,26.94,1,0,7,0
2025-04-11,Store-South-03,SKU-BEVERAGE-02,80,31.69,0,0,7,0
2025-04-12,Store-South-03,SKU-BEVERAGE-02,101,31.69,0,1,7,0
2025-04-13,Store-South-03,SKU-BEVERAGE-02,112,31.69,0,1,7,0
2025-04-14,Store-South-03,SKU-BEVERAGE-02,96,31.69,0,0,7,0
2025-04-15,Store-South-03,SKU-BEVERAGE-02,74,31.69,0,0,7,0
2025-04-16,Store-South-03,SKU-BEVERAGE-02,78,31.69,0,0,7,0
2025-04-17,Store-South-03,SKU-BEVERAGE-02,84,31.69,0,0,7,0
2025-04-18,Store-South-03,SKU-BEVERAGE-02,74,31.69,0,0,7,0
2025-04-19,Store-South-03,SKU-BEVERAGE-02,121,31.69,0,1,7,0
2025-04-20,Store-South-03,SKU-BEVERAGE-02,134,31.69,0,1,7,0
2025-04-21,Store-South-03,SKU-BEVERAGE-02,160,26.94,1,0,7,0
2025-04-22,Store-South-03,SKU-BEVERAGE-02,73,31.69,0,0,7,0
2025-04-23,Store-South-03,SKU-BEVERAGE-02,91,31.69,0,0,7,0
2025-04-24,Store-South-03,SKU-BEVERAGE-02,76,31.69,0,0,7,0
2025-04-25,Store-South-03,SKU-BEVERAGE-02,84,31.69,0,0,7,0
2025-04-26,Store-South-03,SKU-BEVERAGE-02,114,31.69,0,1,7,0
2025-04-27,Store-South-03,SKU-BEVERAGE-02,141,31.69,0,1,7,0
2025-04-28,Store-South-03,SKU-BEVERAGE-02,78,31.69,0,0,7,0
2025-04-29,Store-South-03,SKU-BEVERAGE-02,162,26.94,1,0,7,0
2025-04-30,Store-South-03,SKU-BEVERAGE-02,87,31.69,0,0,7,0
2025-05-01,Store-South-03,SKU-BEVERAGE-02,84,31.69,0,0,7,0
2025-05-02,Store-South-03,SKU-BEVERAGE-02,163,26.94,1,0,7,0
2025-05-03,Store-South-03,SKU-BEVERAGE-02,118,31.69,0,1,7,0
2025-05-04,Store-South-03,SKU-BEVERAGE-02,0,31.69,0,1,7,1
2025-05-05,Store-South-03,SKU-BEVERAGE-02,90,31.69,0,0,7,0
2025-05-06,Store-South-03,SKU-BEVERAGE-02,87,31.69,0,0,7,0
2025-05-07,Store-South-03,SKU-BEVERAGE-02,87,31.69,0,0,7,0
2025-05-08,Store-South-03,SKU-BEVERAGE-02,99,31.69,0,0,7,0
2025-05-09,Store-South-03,SKU-BEVERAGE-02,86,31.69,0,0,7,0
2025-05-10,Store-South-03,SKU-BEVERAGE-02,127,31.69,0,1,7,0
2025-05-11,Store-South-03,SKU-BEVERAGE-02,119,31.69,0,1,7,0
2025-05-12,Store-South-03,SKU-BEVERAGE-02,89,31.69,0,0,7,0
2025-05-13,Store-South-03,SKU-BEVERAGE-02,135,26.94,1,0,7,0
2025-05-14,Store-South-03,SKU-BEVERAGE-02,86,31.69,0,0,7,0
2025-05-15,Store-South-03,SKU-BEVERAGE-02,76,31.69,0,0,7,0
2025-05-16,Store-South-03,SKU-BEVERAGE-02,73,31.69,0,0,7,0
2025-05-17,Store-South-03,SKU-BEVERAGE-02,115,31.69,0,1,7,0
2025-05-18,Store-South-03,SKU-BEVERAGE-02,116,31.69,0,1,7,0
2025-05-19,Store-South-03,SKU-BEVERAGE-02,91,31.69,0,0,7,0
2025-05-20,Store-South-03,SKU-BEVERAGE-02,89,31.69,0,0,7,0
2025-05-21,Store-South-03,SKU-BEVERAGE-02,111,31.69,0,0,7,0
2025-05-22,Store-South-03,SKU-BEVERAGE-02,77,31.69,0,0,7,0
2025-05-23,Store-South-03,SKU-BEVERAGE-02,88,31.69,0,0,7,0
2025-05-24,Store-South-03,SKU-BEVERAGE-02,95,31.69,0,1,7,0
2025-05-25,Store-South-03,SKU-BEVERAGE-02,202,26.94,1,1,7,0
2025-05-26,Store-South-03,SKU-BEVERAGE-02,82,31.69,0,0,7,0
2025-05-27,Store-South-03,SKU-BEVERAGE-02,87,31.69,0,0,7,0
2025-05-28,Store-South-03,SKU-BEVERAGE-02,88,31.69,0,0,7,0
2025-05-29,Store-South-03,SKU-BEVERAGE-02,75,31.69,0,0,7,0
2025-05-30,Store-South-03,SKU-BEVERAGE-02,90,31.69,0,0,7,0
2025-05-31,Store-South-03,SKU-BEVERAGE-02,116,31.69,0,1,7,0
2025-06-01,Store-South-03,SKU-BEVERAGE-02,102,31.69,0,1,7,0
2025-06-02,Store-South-03,SKU-BEVERAGE-02,74,31.69,0,0,7,0
2025-06-03,Store-South-03,SKU-BEVERAGE-02,72,31.69,0,0,7,0
2025-06-04,Store-South-03,SKU-BEVERAGE-02,90,31.69,0,0,7,0
2025-06-05,Store-South-03,SKU-BEVERAGE-02,90,31.69,0,0,7,0
2025-06-06,Store-South-03,SKU-BEVERAGE-02,78,31.69,0,0,7,0
2025-06-07,Store-South-03,SKU-BEVERAGE-02,120,31.69,0,1,7,0
2025-06-08,Store-South-03,SKU-BEVERAGE-02,125,31.69,0,1,7,0
2025-06-09,Store-South-03,SKU-BEVERAGE-02,139,26.94,1,0,7,0
2025-06-10,Store-South-03,SKU-BEVERAGE-02,72,31.69,0,0,7,0
2025-06-11,Store-South-03,SKU-BEVERAGE-02,83,31.69,0,0,7,0
2025-06-12,Store-South-03,SKU-BEVERAGE-02,75,31.69,0,0,7,0
2025-06-13,Store-South-03,SKU-BEVERAGE-02,78,31.69,0,0,7,0
2025-06-14,Store-South-03,SKU-BEVERAGE-02,117,31.69,0,1,7,0
2025-06-15,Store-South-03,SKU-BEVERAGE-02,97,31.69,0,1,7,0
2025-06-16,Store-South-03,SKU-BEVERAGE-02,143,26.94,1,0,7,0
2025-06-17,Store-South-03,SKU-BEVERAGE-02,98,31.69,0,0,7,0
2025-06-18,Store-South-03,SKU-BEVERAGE-02,73,31.69,0,0,7,0
2025-06-19,Store-South-03,SKU-BEVERAGE-02,75,31.69,0,0,7,0
2025-06-20,Store-South-03,SKU-BEVERAGE-02,65,31.69,0,0,7,0
2025-06-21,Store-South-03,SKU-BEVERAGE-02,101,31.69,0,1,7,0
2025-06-22,Store-South-03,SKU-BEVERAGE-02,106,31.69,0,1,7,0
2025-06-23,Store-South-03,SKU-BEVERAGE-02,83,31.69,0,0,7,0
2025-06-24,Store-South-03,SKU-BEVERAGE-02,66,31.69,0,0,7,0
2025-06-25,Store-South-03,SKU-BEVERAGE-02,102,31.69,0,0,7,0
2025-06-26,Store-South-03,SKU-BEVERAGE-02,71,31.69,0,0,7,0
2025-06-27,Store-South-03,SKU-BEVERAGE-02,150,26.94,1,0,7,0
2025-06-28,Store-South-03,SKU-BEVERAGE-02,106,31.69,0,1,7,0
2025-06-29,Store-South-03,SKU-BEVERAGE-02,101,31.69,0,1,7,0
2025-06-30,Store-South-03,SKU-BEVERAGE-02,77,31.69,0,0,7,0
2025-07-01,Store-South-03,SKU-BEVERAGE-02,77,31.69,0,0,7,0
2025-07-02,Store-South-03,SKU-BEVERAGE-02,70,31.69,0,0,7,0
2025-07-03,Store-South-03,SKU-BEVERAGE-02,94,31.69,0,0,7,0
2025-07-04,Store-South-03,SKU-BEVERAGE-02,78,31.69,0,0,7,0
2025-07-05,Store-South-03,SKU-BEVERAGE-02,171,26.94,1,1,7,0
2025-07-06,Store-South-03,SKU-BEVERAGE-02,105,31.69,0,1,7,0
2025-07-07,Store-South-03,SKU-BEVERAGE-02,74,31.69,0,0,7,0
2025-07-08,Store-South-03,SKU-BEVERAGE-02,84,31.69,0,0,7,0
2025-07-09,Store-South-03,SKU-BEVERAGE-02,126,26.94,1,0,7,0
2025-07-10,Store-South-03,SKU-BEVERAGE-02,129,26.94,1,0,7,0
2025-07-11,Store-South-03,SKU-BEVERAGE-02,104,26.94,1,0,7,0
2025-07-12,Store-South-03,SKU-BEVERAGE-02,88,31.69,0,1,7,0
2025-07-13,Store-South-03,SKU-BEVERAGE-02,0,31.69,0,1,7,1
2025-07-14,Store-South-03,SKU-BEVERAGE-02,71,31.69,0,0,7,0
2025-07-15,Store-South-03,SKU-BEVERAGE-02,75,31.69,0,0,7,0
2025-07-16,Store-South-03,SKU-BEVERAGE-02,70,31.69,0,0,7,0
2025-07-17,Store-South-03,SKU-BEVERAGE-02,0,31.69,0,0,7,1
2025-07-18,Store-South-03,SKU-BEVERAGE-02,76,31.69,0,0,7,0
2025-07-19,Store-South-03,SKU-BEVERAGE-02,97,31.69,0,1,7,0
2025-07-20,Store-South-03,SKU-BEVERAGE-02,171,26.94,1,1,7,0
2025-07-21,Store-South-03,SKU-BEVERAGE-02,63,31.69,0,0,7,0
2025-07-22,Store-South-03,SKU-BEVERAGE-02,70,31.69,0,0,7,0
2025-07-23,Store-South-03,SKU-BEVERAGE-02,59,31.69,0,0,7,0
2025-07-24,Store-South-03,SKU-BEVERAGE-02,72,31.69,0,0,7,0
2025-07-25,Store-South-03,SKU-BEVERAGE-02,65,31.69,0,0,7,0
2025-07-26,Store-South-03,SKU-BEVERAGE-02,80,31.69,0,1,7,0
2025-07-27,Store-South-03,SKU-BEVERAGE-02,95,31.69,0,1,7,0
2025-07-28,Store-South-03,SKU-BEVERAGE-02,82,31.69,0,0,7,0
2025-07-29,Store-South-03,SKU-BEVERAGE-02,62,31.69,0,0,7,0
2025-07-30,Store-South-03,SKU-BEVERAGE-02,53,31.69,0,0,7,0
2025-07-31,Store-South-03,SKU-BEVERAGE-02,56,31.69,0,0,7,0
2025-08-01,Store-South-03,SKU-BEVERAGE-02,53,31.69,0,0,7,0
2025-08-02,Store-South-03,SKU-BEVERAGE-02,92,31.69,0,1,7,0
2025-08-03,Store-South-03,SKU-BEVERAGE-02,172,26.94,1,1,7,0
2025-08-04,Store-South-03,SKU-BEVERAGE-02,101,26.94,1,0,7,0
2025-08-05,Store-South-03,SKU-BEVERAGE-02,65,31.69,0,0,7,0
2025-08-06,Store-South-03,SKU-BEVERAGE-02,57,31.69,0,0,7,0
2025-08-07,Store-South-03,SKU-BEVERAGE-02,63,31.69,0,0,7,0
2025-08-08,Store-South-03,SKU-BEVERAGE-02,58,31.69,0,0,7,0
2025-08-09,Store-South-03,SKU-BEVERAGE-02,80,31.69,0,1,7,0
2025-08-10,Store-South-03,SKU-BEVERAGE-02,89,31.69,0,1,7,0
2025-08-11,Store-South-03,SKU-BEVERAGE-02,60,31.69,0,0,7,0
2025-08-12,Store-South-03,SKU-BEVERAGE-02,47,31.69,0,0,7,0
2025-08-13,Store-South-03,SKU-BEVERAGE-02,50,31.69,0,0,7,0
2025-08-14,Store-South-03,SKU-BEVERAGE-02,58,31.69,0,0,7,0
2025-08-15,Store-South-03,SKU-BEVERAGE-02,63,31.69,0,0,7,0
2025-08-16,Store-South-03,SKU-BEVERAGE-02,80,31.69,0,1,7,0
2025-08-17,Store-South-03,SKU-BEVERAGE-02,84,31.69,0,1,7,0
2025-08-18,Store-South-03,SKU-BEVERAGE-02,95,26.94,1,0,7,0
2025-08-19,Store-South-03,SKU-BEVERAGE-02,68,31.69,0,0,7,0
2025-08-20,Store-South-03,SKU-BEVERAGE-02,108,26.94,1,0,7,0
2025-08-21,Store-South-03,SKU-BEVERAGE-02,59,31.69,0,0,7,0
2025-08-22,Store-South-03,SKU-BEVERAGE-02,51,31.69,0,0,7,0
2025-08-23,Store-South-03,SKU-BEVERAGE-02,92,31.69,0,1,7,0
2025-08-24,Store-South-03,SKU-BEVERAGE-02,69,31.69,0,1,7,0
2025-08-25,Store-South-03,SKU-BEVERAGE-02,52,31.69,0,0,7,0
2025-08-26,Store-South-03,SKU-BEVERAGE-02,62,31.69,0,0,7,0
2025-08-27,Store-South-03,SKU-BEVERAGE-02,52,31.69,0,0,7,0
2025-08-28,Store-South-03,SKU-BEVERAGE-02,68,31.69,0,0,7,0
2025-08-29,Store-South-03,SKU-BEVERAGE-02,52,31.69,0,0,7,0
2025-08-30,Store-South-03,SKU-BEVERAGE-02,63,31.69,0,1,7,0
2025-08-31,Store-South-03,SKU-BEVERAGE-02,66,31.69,0,1,7,0
2025-09-01,Store-South-03,SKU-BEVERAGE-02,65,31.69,0,0,7,0
2025-09-02,Store-South-03,SKU-BEVERAGE-02,61,31.69,0,0,7,0
2025-09-03,Store-South-03,SKU-BEVERAGE-02,53,31.69,0,0,7,0
2025-09-04,Store-South-03,SKU-BEVERAGE-02,59,31.69,0,0,7,0
2025-09-05,Store-South-03,SKU-BEVERAGE-02,97,26.94,1,0,7,0
2025-09-06,Store-South-03,SKU-BEVERAGE-02,82,31.69,0,1,7,0
2025-09-07,Store-South-03,SKU-BEVERAGE-02,82,31.69,0,1,7,0
2025-09-08,Store-South-03,SKU-BEVERAGE-02,64,31.69,0,0,7,0
2025-09-09,Store-South-03,SKU-BEVERAGE-02,0,31.69,0,0,7,1
2025-09-10,Store-South-03,SKU-BEVERAGE-02,53,31.69,0,0,7,0
2025-09-11,Store-South-03,SKU-BEVERAGE-02,59,31.69,0,0,7,0
2025-09-12,Store-South-03,SKU-BEVERAGE-02,44,31.69,0,0,7,0
2025-09-13,Store-South-03,SKU-BEVERAGE-02,0,26.94,1,1,7,1
2025-09-14,Store-South-03,SKU-BEVERAGE-02,69,31.69,0,1,7,0
2025-09-15,Store-South-03,SKU-BEVERAGE-02,56,31.69,0,0,7,0
2025-09-16,Store-South-03,SKU-BEVERAGE-02,51,31.69,0,0,7,0
2025-09-17,Store-South-03,SKU-BEVERAGE-02,56,31.69,0,0,7,0
2025-09-18,Store-South-03,SKU-BEVERAGE-02,43,31.69,0,0,7,0
2025-09-19,Store-South-03,SKU-BEVERAGE-02,32,31.69,0,0,7,0
2025-09-20,Store-South-03,SKU-BEVERAGE-02,76,31.69,0,1,7,0
2025-09-21,Store-South-03,SKU-BEVERAGE-02,67,31.69,0,1,7,0
2025-09-22,Store-South-03,SKU-BEVERAGE-02,50,31.69,0,0,7,0
2025-09-23,Store-South-03,SKU-BEVERAGE-02,53,31.69,0,0,7,0
2025-09-24,Store-South-03,SKU-BEVERAGE-02,54,31.69,0,0,7,0
2025-09-25,Store-South-03,SKU-BEVERAGE-02,50,31.69,0,0,7,0
2025-09-26,Store-South-03,SKU-BEVERAGE-02,43,31.69,0,0,7,0
2025-09-27,Store-South-03,SKU-BEVERAGE-02,104,26.94,1,1,7,0
2025-09-28,Store-South-03,SKU-BEVERAGE-02,65,31.69,0,1,7,0
2025-09-29,Store-South-03,SKU-BEVERAGE-02,46,31.69,0,0,7,0
2025-09-30,Store-South-03,SKU-BEVERAGE-02,43,31.69,0,0,7,0
2025-10-01,Store-South-03,SKU-BEVERAGE-02,49,31.69,0,0,7,0
2025-10-02,Store-South-03,SKU-BEVERAGE-02,47,31.69,0,0,7,0
2025-10-03,Store-South-03,SKU-BEVERAGE-02,85,26.94,1,0,7,0
2025-10-04,Store-South-03,SKU-BEVERAGE-02,70,31.69,0,1,7,0
2025-10-05,Store-South-03,SKU-BEVERAGE-02,76,31.69,0,1,7,0
2025-10-06,Store-South-03,SKU-BEVERAGE-02,44,31.69,0,0,7,0
2025-10-07,Store-South-03,SKU-BEVERAGE-02,57,31.69,0,0,7,0
2025-10-08,Store-South-03,SKU-BEVERAGE-02,42,31.69,0,0,7,0
2025-10-09,Store-South-03,SKU-BEVERAGE-02,44,31.69,0,0,7,0
2025-10-10,Store-South-03,SKU-BEVERAGE-02,56,31.69,0,0,7,0
2025-10-11,Store-South-03,SKU-BEVERAGE-02,51,31.69,0,1,7,0
2025-10-12,Store-South-03,SKU-BEVERAGE-02,66,31.69,0,1,7,0
2025-10-13,Store-South-03,SKU-BEVERAGE-02,41,31.69,0,0,7,0
2025-10-14,Store-South-03,SKU-BEVERAGE-02,57,31.69,0,0,7,0
2025-10-15,Store-South-03,SKU-BEVERAGE-02,62,31.69,0,0,7,0
2025-10-16,Store-South-03,SKU-BEVERAGE-02,63,31.69,0,0,7,0
2025-10-17,Store-South-03,SKU-BEVERAGE-02,62,31.69,0,0,7,0
2025-10-18,Store-South-03,SKU-BEVERAGE-02,67,31.69,0,1,7,0
2025-10-19,Store-South-03,SKU-BEVERAGE-02,79,31.69,0,1,7,0
2025-10-20,Store-South-03,SKU-BEVERAGE-02,49,31.69,0,0,7,0
2025-10-21,Store-South-03,SKU-BEVERAGE-02,54,31.69,0,0,7,0
2025-10-22,Store-South-03,SKU-BEVERAGE-02,47,31.69,0,0,7,0
2025-10-23,Store-South-03,SKU-BEVERAGE-02,77,26.94,1,0,7,0
2025-10-24,Store-South-03,SKU-BEVERAGE-02,43,31.69,0,0,7,0
2025-10-25,Store-South-03,SKU-BEVERAGE-02,0,31.69,0,1,7,1
2025-10-26,Store-South-03,SKU-BEVERAGE-02,55,31.69,0,1,7,0
2025-10-27,Store-South-03,SKU-BEVERAGE-02,45,31.69,0,0,7,0
2025-10-28,Store-South-03,SKU-BEVERAGE-02,46,31.69,0,0,7,0
2025-10-29,Store-South-03,SKU-BEVERAGE-02,38,31.69,0,0,7,0
2025-10-30,Store-South-03,SKU-BEVERAGE-02,34,31.69,0,0,7,0
2025-10-31,Store-South-03,SKU-BEVERAGE-02,52,31.69,0,0,7,0
2025-11-01,Store-South-03,SKU-BEVERAGE-02,73,31.69,0,1,7,0
2025-11-02,Store-South-03,SKU-BEVERAGE-02,60,31.69,0,1,7,0
2025-11-03,Store-South-03,SKU-BEVERAGE-02,55,31.69,0,0,7,0
2025-11-04,Store-South-03,SKU-BEVERAGE-02,0,31.69,0,0,7,1
2025-11-05,Store-South-03,SKU-BEVERAGE-02,70,26.94,1,0,7,0
2025-11-06,Store-South-03,SKU-BEVERAGE-02,38,31.69,0,0,7,0
2025-11-07,Store-South-03,SKU-BEVERAGE-02,46,31.69,0,0,7,0
2025-11-08,Store-South-03,SKU-BEVERAGE-02,52,31.69,0,1,7,0
2025-11-09,Store-South-03,SKU-BEVERAGE-02,108,26.94,1,1,7,0
2025-11-10,Store-South-03,SKU-BEVERAGE-02,39,31.69,0,0,7,0
2025-11-11,Store-South-03,SKU-BEVERAGE-02,40,31.69,0,0,7,0
2025-11-12,Store-South-03,SKU-BEVERAGE-02,41,31.69,0,0,7,0
2025-11-13,Store-South-03,SKU-BEVERAGE-02,36,31.69,0,0,7,0
2025-11-14,Store-South-03,SKU-BEVERAGE-02,34,31.69,0,0,7,0
2025-11-15,Store-South-03,SKU-BEVERAGE-02,102,26.94,1,1,7,0
2025-11-16,Store-South-03,SKU-BEVERAGE-02,60,31.69,0,1,7,0
2025-11-17,Store-South-03,SKU-BEVERAGE-02,41,31.69,0,0,7,0
2025-11-18,Store-South-03,SKU-BEVERAGE-02,36,31.69,0,0,7,0
2025-11-19,Store-South-03,SKU-BEVERAGE-02,38,31.69,0,0,7,0
2025-11-20,Store-South-03,SKU-BEVERAGE-02,45,31.69,0,0,7,0
2025-11-21,Store-South-03,SKU-BEVERAGE-02,48,31.69,0,0,7,0
2025-11-22,Store-South-03,SKU-BEVERAGE-02,51,31.69,0,1,7,0
2025-11-23,Store-South-03,SKU-BEVERAGE-02,63,31.69,0,1,7,0
2025-11-24,Store-South-03,SKU-BEVERAGE-02,46,31.69,0,0,7,0
2025-11-25,Store-South-03,SKU-BEVERAGE-02,43,31.69,0,0,7,0
2025-11-26,Store-South-03,SKU-BEVERAGE-02,52,31.69,0,0,7,0
2025-11-27,Store-South-03,SKU-BEVERAGE-02,59,31.69,0,0,7,0
2025-11-28,Store-South-03,SKU-BEVERAGE-02,53,31.69,0,0,7,0
2025-11-29,Store-South-03,SKU-BEVERAGE-02,123,26.94,1,1,7,0
2025-11-30,Store-South-03,SKU-BEVERAGE-02,68,31.69,0,1,7,0
2025-12-01,Store-South-03,SKU-BEVERAGE-02,37,31.69,0,0,7,0
2025-12-02,Store-South-03,SKU-BEVERAGE-02,54,31.69,0,0,7,0
2025-12-03,Store-South-03,SKU-BEVERAGE-02,51,31.69,0,0,7,0
2025-12-04,Store-South-03,SKU-BEVERAGE-02,54,31.69,0,0,7,0
2025-12-05,Store-South-03,SKU-BEVERAGE-02,42,31.69,0,0,7,0
2025-12-06,Store-South-03,SKU-BEVERAGE-02,66,31.69,0,1,7,0
2025-12-07,Store-South-03,SKU-BEVERAGE-02,67,31.69,0,1,7,0
2025-12-08,Store-South-03,SKU-BEVERAGE-02,46,31.69,0,0,7,0
2025-12-09,Store-South-03,SKU-BEVERAGE-02,39,31.69,0,0,7,0
2025-12-10,Store-South-03,SKU-BEVERAGE-02,50,31.69,0,0,7,0
2025-12-11,Store-South-03,SKU-BEVERAGE-02,47,31.69,0,0,7,0
2025-12-12,Store-South-03,SKU-BEVERAGE-02,57,31.69,0,0,7,0
2025-12-13,Store-South-03,SKU-BEVERAGE-02,59,31.69,0,1,7,0
2025-12-14,Store-South-03,SKU-BEVERAGE-02,69,31.69,0,1,7,0
2025-12-15,Store-South-03,SKU-BEVERAGE-02,56,31.69,0,0,7,0
2025-12-16,Store-South-03,SKU-BEVERAGE-02,62,31.69,0,0,7,0
2025-12-17,Store-South-03,SKU-BEVERAGE-02,87,26.94,1,0,7,0
2025-12-18,Store-South-03,SKU-BEVERAGE-02,45,31.69,0,0,7,0
2025-12-19,Store-South-03,SKU-BEVERAGE-02,91,26.94,1,0,7,0
2025-12-20,Store-South-03,SKU-BEVERAGE-02,71,31.69,0,1,7,0
2025-12-21,Store-South-03,SKU-BEVERAGE-02,65,31.69,0,1,7,0
2025-12-22,Store-South-03,SKU-BEVERAGE-02,41,31.69,0,0,7,0
2025-12-23,Store-South-03,SKU-BEVERAGE-02,0,31.69,0,0,7,1
2025-12-24,Store-South-03,SKU-BEVERAGE-02,59,31.69,0,0,7,0
2025-12-25,Store-South-03,SKU-BEVERAGE-02,111,26.94,1,0,7,0
2025-12-26,Store-South-03,SKU-BEVERAGE-02,51,31.69,0,0,7,0
2025-12-27,Store-South-03,SKU-BEVERAGE-02,72,31.69,0,1,7,0
2025-12-28,Store-South-03,SKU-BEVERAGE-02,77,31.69,0,1,7,0
2025-12-29,Store-South-03,SKU-BEVERAGE-02,59,31.69,0,0,7,0
2025-12-30,Store-South-03,SKU-BEVERAGE-02,52,31.69,0,0,7,0
2025-12-31,Store-South-03,SKU-BEVERAGE-02,54,31.69,0,0,7,0
2024-01-01,Store-South-03,SKU-APPAREL-03,101,57.31,0,0,5,0
2024-01-02,Store-South-03,SKU-APPAREL-03,110,57.31,0,0,5,0
2024-01-03,Store-South-03,SKU-APPAREL-03,117,57.31,0,0,5,0
2024-01-04,Store-South-03,SKU-APPAREL-03,111,57.31,0,0,5,0
2024-01-05,Store-South-03,SKU-APPAREL-03,114,57.31,0,0,5,0
2024-01-06,Store-South-03,SKU-APPAREL-03,180,57.31,0,1,5,0
2024-01-07,Store-South-03,SKU-APPAREL-03,270,48.72,1,1,5,0
2024-01-08,Store-South-03,SKU-APPAREL-03,0,57.31,0,0,5,1
2024-01-09,Store-South-03,SKU-APPAREL-03,105,57.31,0,0,5,0
2024-01-10,Store-South-03,SKU-APPAREL-03,147,57.31,0,0,5,0
2024-01-11,Store-South-03,SKU-APPAREL-03,117,57.31,0,0,5,0
2024-01-12,Store-South-03,SKU-APPAREL-03,109,57.31,0,0,5,0
2024-01-13,Store-South-03,SKU-APPAREL-03,146,57.31,0,1,5,0
2024-01-14,Store-South-03,SKU-APPAREL-03,169,57.31,0,1,5,0
2024-01-15,Store-South-03,SKU-APPAREL-03,118,57.31,0,0,5,0
2024-01-16,Store-South-03,SKU-APPAREL-03,125,57.31,0,0,5,0
2024-01-17,Store-South-03,SKU-APPAREL-03,109,57.31,0,0,5,0
2024-01-18,Store-South-03,SKU-APPAREL-03,120,57.31,0,0,5,0
2024-01-19,Store-South-03,SKU-APPAREL-03,118,57.31,0,0,5,0
2024-01-20,Store-South-03,SKU-APPAREL-03,157,57.31,0,1,5,0
2024-01-21,Store-South-03,SKU-APPAREL-03,138,57.31,0,1,5,0
2024-01-22,Store-South-03,SKU-APPAREL-03,131,57.31,0,0,5,0
2024-01-23,Store-South-03,SKU-APPAREL-03,130,57.31,0,0,5,0
2024-01-24,Store-South-03,SKU-APPAREL-03,139,57.31,0,0,5,0
2024-01-25,Store-South-03,SKU-APPAREL-03,110,57.31,0,0,5,0
2024-01-26,Store-South-03,SKU-APPAREL-03,145,57.31,0,0,5,0
2024-01-27,Store-South-03,SKU-APPAREL-03,170,57.31,0,1,5,0
2024-01-28,Store-South-03,SKU-APPAREL-03,175,57.31,0,1,5,0
2024-01-29,Store-South-03,SKU-APPAREL-03,138,57.31,0,0,5,0
2024-01-30,Store-South-03,SKU-APPAREL-03,126,57.31,0,0,5,0
2024-01-31,Store-South-03,SKU-APPAREL-03,0,57.31,0,0,5,1
2024-02-01,Store-South-03,SKU-APPAREL-03,250,48.72,1,0,5,0
2024-02-02,Store-South-03,SKU-APPAREL-03,129,57.31,0,0,5,0
2024-02-03,Store-South-03,SKU-APPAREL-03,162,57.31,0,1,5,0
2024-02-04,Store-South-03,SKU-APPAREL-03,0,57.31,0,1,5,1
2024-02-05,Store-South-03,SKU-APPAREL-03,130,57.31,0,0,5,0
2024-02-06,Store-South-03,SKU-APPAREL-03,124,57.31,0,0,5,0
2024-02-07,Store-South-03,SKU-APPAREL-03,145,57.31,0,0,5,0
2024-02-08,Store-South-03,SKU-APPAREL-03,150,57.31,0,0,5,0
2024-02-09,Store-South-03,SKU-APPAREL-03,148,57.31,0,0,5,0
2024-02-10,Store-South-03,SKU-APPAREL-03,176,57.31,0,1,5,0
2024-02-11,Store-South-03,SKU-APPAREL-03,352,48.72,1,1,5,0
2024-02-12,Store-South-03,SKU-APPAREL-03,131,57.31,0,0,5,0
2024-02-13,Store-South-03,SKU-APPAREL-03,154,57.31,0,0,5,0
2024-02-14,Store-South-03,SKU-APPAREL-03,121,57.31,0,0,5,0
2024-02-15,Store-South-03,SKU-APPAREL-03,123,57.31,0,0,5,0
2024-02-16,Store-South-03,SKU-APPAREL-03,242,48.72,1,0,5,0
2024-02-17,Store-South-03,SKU-APPAREL-03,354,48.72,1,1,5,0
2024-02-18,Store-South-03,SKU-APPAREL-03,198,57.31,0,1,5,0
2024-02-19,Store-South-03,SKU-APPAREL-03,137,57.31,0,0,5,0
2024-02-20,Store-South-03,SKU-APPAREL-03,126,57.31,0,0,5,0
2024-02-21,Store-South-03,SKU-APPAREL-03,148,57.31,0,0,5,0
2024-02-22,Store-South-03,SKU-APPAREL-03,146,57.31,0,0,5,0
2024-02-23,Store-South-03,SKU-APPAREL-03,148,57.31,0,0,5,0
2024-02-24,Store-South-03,SKU-APPAREL-03,178,57.31,0,1,5,0
2024-02-25,Store-South-03,SKU-APPAREL-03,196,57.31,0,1,5,0
2024-02-26,Store-South-03,SKU-APPAREL-03,158,57.31,0,0,5,0
2024-02-27,Store-South-03,SKU-APPAREL-03,159,57.31,0,0,5,0
2024-02-28,Store-South-03,SKU-APPAREL-03,171,57.31,0,0,5,0
2024-02-29,Store-South-03,SKU-APPAREL-03,149,57.31,0,0,5,0
2024-03-01,Store-South-03,SKU-APPAREL-03,153,57.31,0,0,5,0
2024-03-02,Store-South-03,SKU-APPAREL-03,190,57.31,0,1,5,0
2024-03-03,Store-South-03,SKU-APPAREL-03,193,57.31,0,1,5,0
2024-03-04,Store-South-03,SKU-APPAREL-03,0,57.31,0,0,5,1
2024-03-05,Store-South-03,SKU-APPAREL-03,142,57.31,0,0,5,0
2024-03-06,Store-South-03,SKU-APPAREL-03,134,57.31,0,0,5,0
2024-03-07,Store-South-03,SKU-APPAREL-03,323,48.72,1,0,5,0
2024-03-08,Store-South-03,SKU-APPAREL-03,170,57.31,0,0,5,0
2024-03-09,Store-South-03,SKU-APPAREL-03,204,57.31,0,1,5,0
2024-03-10,Store-South-03,SKU-APPAREL-03,214,57.31,0,1,5,0
2024-03-11,Store-South-03,SKU-APPAREL-03,149,57.31,0,0,5,0
2024-03-12,Store-South-03,SKU-APPAREL-03,145,57.31,0,0,5,0
2024-03-13,Store-South-03,SKU-APPAREL-03,287,48.72,1,0,5,0
2024-03-14,Store-South-03,SKU-APPAREL-03,154,57.31,0,0,5,0
2024-03-15,Store-South-03,SKU-APPAREL-03,0,57.31,0,0,5,1
2024-03-16,Store-South-03,SKU-APPAREL-03,395,48.72,1,1,5,0
2024-03-17,Store-South-03,SKU-APPAREL-03,205,57.31,0,1,5,0
2024-03-18,Store-South-03,SKU-APPAREL-03,145,57.31,0,0,5,0
2024-03-19,Store-South-03,SKU-APPAREL-03,153,57.31,0,0,5,0
2024-03-20,Store-South-03,SKU-APPAREL-03,141,57.31,0,0,5,0
2024-03-21,Store-South-03,SKU-APPAREL-03,0,57.31,0,0,5,1
2024-03-22,Store-South-03,SKU-APPAREL-03,138,57.31,0,0,5,0
2024-03-23,Store-South-03,SKU-APPAREL-03,216,57.31,0,1,5,0
2024-03-24,Store-South-03,SKU-APPAREL-03,373,48.72,1,1,5,0
2024-03-25,Store-South-03,SKU-APPAREL-03,293,48.72,1,0,5,0
2024-03-26,Store-South-03,SKU-APPAREL-03,155,57.31,0,0,5,0
2024-03-27,Store-South-03,SKU-APPAREL-03,166,57.31,0,0,5,0
2024-03-28,Store-South-03,SKU-APPAREL-03,170,57.31,0,0,5,0
2024-03-29,Store-South-03,SKU-APPAREL-03,171,57.31,0,0,5,0
2024-03-30,Store-South-03,SKU-APPAREL-03,245,57.31,0,1,5,0
2024-03-31,Store-South-03,SKU-APPAREL-03,223,57.31,0,1,5,0
2024-04-01,Store-South-03,SKU-APPAREL-03,146,57.31,0,0,5,0
2024-04-02,Store-South-03,SKU-APPAREL-03,202,57.31,0,0,5,0
2024-04-03,Store-South-03,SKU-APPAREL-03,290,48.72,1,0,5,0
2024-04-04,Store-South-03,SKU-APPAREL-03,159,57.31,0,0,5,0
2024-04-05,Store-South-03,SKU-APPAREL-03,180,57.31,0,0,5,0
2024-04-06,Store-South-03,SKU-APPAREL-03,215,57.31,0,1,5,0
2024-04-07,Store-South-03,SKU-APPAREL-03,208,57.31,0,1,5,0
2024-04-08,Store-South-03,SKU-APPAREL-03,0,48.72,1,0,5,1
2024-04-09,Store-South-03,SKU-APPAREL-03,154,57.31,0,0,5,0
2024-04-10,Store-South-03,SKU-APPAREL-03,160,57.31,0,0,5,0
2024-04-11,Store-South-03,SKU-APPAREL-03,186,57.31,0,0,5,0
2024-04-12,Store-South-03,SKU-APPAREL-03,191,57.31,0,0,5,0
2024-04-13,Store-South-03,SKU-APPAREL-03,229,57.31,0,1,5,0
2024-04-14,Store-South-03,SKU-APPAREL-03,221,57.31,0,1,5,0
2024-04-15,Store-South-03,SKU-APPAREL-03,173,57.31,0,0,5,0
2024-04-16,Store-South-03,SKU-APPAREL-03,143,57.31,0,0,5,0
2024-04-17,Store-South-03,SKU-APPAREL-03,172,57.31,0,0,5,0
2024-04-18,Store-South-03,SKU-APPAREL-03,174,57.31,0,0,5,0
2024-04-19,Store-South-03,SKU-APPAREL-03,175,57.31,0,0,5,0
2024-04-20,Store-South-03,SKU-APPAREL-03,235,57.31,0,1,5,0
2024-04-21,Store-South-03,SKU-APPAREL-03,235,57.31,0,1,5,0
2024-04-22,Store-South-03,SKU-APPAREL-03,175,57.31,0,0,5,0
2024-04-23,Store-South-03,SKU-APPAREL-03,184,57.31,0,0,5,0
2024-04-24,Store-South-03,SKU-APPAREL-03,318,48.72,1,0,5,0
2024-04-25,Store-South-03,SKU-APPAREL-03,159,57.31,0,0,5,0
2024-04-26,Store-South-03,SKU-APPAREL-03,146,57.31,0,0,5,0
2024-04-27,Store-South-03,SKU-APPAREL-03,214,57.31,0,1,5,0
2024-04-28,Store-South-03,SKU-APPAREL-03,425,48.72,1,1,5,0
2024-04-29,Store-South-03,SKU-APPAREL-03,171,57.31,0,0,5,0
2024-04-30,Store-South-03,SKU-APPAREL-03,158,57.31,0,0,5,0
2024-05-01,Store-South-03,SKU-APPAREL-03,193,57.31,0,0,5,0
2024-05-02,Store-South-03,SKU-APPAREL-03,146,57.31,0,0,5,0
2024-05-03,Store-South-03,SKU-APPAREL-03,164,57.31,0,0,5,0
2024-05-04,Store-South-03,SKU-APPAREL-03,221,57.31,0,1,5,0
2024-05-05,Store-South-03,SKU-APPAREL-03,455,48.72,1,1,5,0
2024-05-06,Store-South-03,SKU-APPAREL-03,0,57.31,0,0,5,1
2024-05-07,Store-South-03,SKU-APPAREL-03,164,57.31,0,0,5,0
2024-05-08,Store-South-03,SKU-APPAREL-03,171,57.31,0,0,5,0
2024-05-09,Store-South-03,SKU-APPAREL-03,165,57.31,0,0,5,0
2024-05-10,Store-South-03,SKU-APPAREL-03,187,57.31,0,0,5,0
2024-05-11,Store-South-03,SKU-APPAREL-03,229,57.31,0,1,5,0
2024-05-12,Store-South-03,SKU-APPAREL-03,0,57.31,0,1,5,1
2024-05-13,Store-South-03,SKU-APPAREL-03,170,57.31,0,0,5,0
2024-05-14,Store-South-03,SKU-APPAREL-03,160,57.31,0,0,5,0
2024-05-15,Store-South-03,SKU-APPAREL-03,155,57.31,0,0,5,0
2024-05-16,Store-South-03,SKU-APPAREL-03,158,57.31,0,0,5,0
2024-05-17,Store-South-03,SKU-APPAREL-03,162,57.31,0,0,5,0
2024-05-18,Store-South-03,SKU-APPAREL-03,212,57.31,0,1,5,0
2024-05-19,Store-South-03,SKU-APPAREL-03,238,57.31,0,1,5,0
2024-05-20,Store-South-03,SKU-APPAREL-03,160,57.31,0,0,5,0
2024-05-21,Store-South-03,SKU-APPAREL-03,158,57.31,0,0,5,0
2024-05-22,Store-South-03,SKU-APPAREL-03,156,57.31,0,0,5,0
2024-05-23,Store-South-03,SKU-APPAREL-03,181,57.31,0,0,5,0
2024-05-24,Store-South-03,SKU-APPAREL-03,140,57.31,0,0,5,0
2024-05-25,Store-South-03,SKU-APPAREL-03,418,48.72,1,1,5,0
2024-05-26,Store-South-03,SKU-APPAREL-03,240,57.31,0,1,5,0
2024-05-27,Store-South-03,SKU-APPAREL-03,297,48.72,1,0,5,0
2024-05-28,Store-South-03,SKU-APPAREL-03,185,57.31,0,0,5,0
2024-05-29,Store-South-03,SKU-APPAREL-03,188,57.31,0,0,5,0
2024-05-30,Store-South-03,SKU-APPAREL-03,157,57.31,0,0,5,0
2024-05-31,Store-South-03,SKU-APPAREL-03,152,57.31,0,0,5,0
2024-06-01,Store-South-03,SKU-APPAREL-03,216,57.31,0,1,5,0
2024-06-02,Store-South-03,SKU-APPAREL-03,202,57.31,0,1,5,0
2024-06-03,Store-South-03,SKU-APPAREL-03,176,57.31,0,0,5,0
2024-06-04,Store-South-03,SKU-APPAREL-03,168,57.31,0,0,5,0
2024-06-05,Store-South-03,SKU-APPAREL-03,157,57.31,0,0,5,0
2024-06-06,Store-South-03,SKU-APPAREL-03,289,48.72,1,0,5,0
2024-06-07,Store-South-03,SKU-APPAREL-03,177,57.31,0,0,5,0
2024-06-08,Store-South-03,SKU-APPAREL-03,219,57.31,0,1,5,0
2024-06-09,Store-South-03,SKU-APPAREL-03,212,57.31,0,1,5,0
2024-06-10,Store-South-03,SKU-APPAREL-03,156,57.31,0,0,5,0
2024-06-11,Store-South-03,SKU-APPAREL-03,143,57.31,0,0,5,0
2024-06-12,Store-South-03,SKU-APPAREL-03,276,48.72,1,0,5,0
2024-06-13,Store-South-03,SKU-APPAREL-03,142,57.31,0,0,5,0
2024-06-14,Store-South-03,SKU-APPAREL-03,272,48.72,1,0,5,0
2024-06-15,Store-South-03,SKU-APPAREL-03,241,57.31,0,1,5,0
2024-06-16,Store-South-03,SKU-APPAREL-03,219,57.31,0,1,5,0
2024-06-17,Store-South-03,SKU-APPAREL-03,145,57.31,0,0,5,0
2024-06-18,Store-South-03,SKU-APPAREL-03,166,57.31,0,0,5,0
2024-06-19,Store-South-03,SKU-APPAREL-03,134,57.31,0,0,5,0
2024-06-20,Store-South-03,SKU-APPAREL-03,144,57.31,0,0,5,0
2024-06-21,Store-South-03,SKU-APPAREL-03,158,57.31,0,0,5,0
2024-06-22,Store-South-03,SKU-APPAREL-03,202,57.31,0,1,5,0
2024-06-23,Store-South-03,SKU-APPAREL-03,361,48.72,1,1,5,0
2024-06-24,Store-South-03,SKU-APPAREL-03,298,48.72,1,0,5,0
2024-06-25,Store-South-03,SKU-APPAREL-03,0,57.31,0,0,5,1
2024-06-26,Store-South-03,SKU-APPAREL-03,157,57.31,0,0,5,0
2024-06-27,Store-South-03,SKU-APPAREL-03,155,57.31,0,0,5,0
2024-06-28,Store-South-03,SKU-APPAREL-03,153,57.31,0,0,5,0
2024-06-29,Store-South-03,SKU-APPAREL-03,201,57.31,0,1,5,0
2024-06-30,Store-South-03,SKU-APPAREL-03,199,57.31,0,1,5,0
2024-07-01,Store-South-03,SKU-APPAREL-03,153,57.31,0,0,5,0
2024-07-02,Store-South-03,SKU-APPAREL-03,128,57.31,0,0,5,0
2024-07-03,Store-South-03,SKU-APPAREL-03,150,57.31,0,0,5,0
2024-07-04,Store-South-03,SKU-APPAREL-03,147,57.31,0,0,5,0
2024-07-05,Store-South-03,SKU-APPAREL-03,143,57.31,0,0,5,0
2024-07-06,Store-South-03,SKU-APPAREL-03,215,57.31,0,1,5,0
2024-07-07,Store-South-03,SKU-APPAREL-03,330,48.72,1,1,5,0
2024-07-08,Store-South-03,SKU-APPAREL-03,135,57.31,0,0,5,0
2024-07-09,Store-South-03,SKU-APPAREL-03,146,57.31,0,0,5,0
2024-07-10,Store-South-03,SKU-APPAREL-03,243,48.72,1,0,5,0
2024-07-11,Store-South-03,SKU-APPAREL-03,150,57.31,0,0,5,0
2024-07-12,Store-South-03,SKU-APPAREL-03,142,57.31,0,0,5,0
2024-07-13,Store-South-03,SKU-APPAREL-03,343,48.72,1,1,5,0
2024-07-14,Store-South-03,SKU-APPAREL-03,189,57.31,0,1,5,0
2024-07-15,Store-South-03,SKU-APPAREL-03,139,57.31,0,0,5,0
2024-07-16,Store-South-03,SKU-APPAREL-03,158,57.31,0,0,5,0
2024-07-17,Store-South-03,SKU-APPAREL-03,119,57.31,0,0,5,0
2024-07-18,Store-South-03,SKU-APPAREL-03,152,57.31,0,0,5,0
2024-07-19,Store-South-03,SKU-APPAREL-03,163,57.31,0,0,5,0
2024-07-20,Store-South-03,SKU-APPAREL-03,186,57.31,0,1,5,0
2024-07-21,Store-South-03,SKU-APPAREL-03,166,57.31,0,1,5,0
2024-07-22,Store-South-03,SKU-APPAREL-03,148,57.31,0,0,5,0
2024-07-23,Store-South-03,SKU-APPAREL-03,124,57.31,0,0,5,0
2024-07-24,Store-South-03,SKU-APPAREL-03,130,57.31,0,0,5,0
2024-07-25,Store-South-03,SKU-APPAREL-03,136,57.31,0,0,5,0
2024-07-26,Store-South-03,SKU-APPAREL-03,141,57.31,0,0,5,0
2024-07-27,Store-South-03,SKU-APPAREL-03,172,57.31,0,1,5,0
2024-07-28,Store-South-03,SKU-APPAREL-03,175,57.31,0,1,5,0
2024-07-29,Store-South-03,SKU-APPAREL-03,156,57.31,0,0,5,0
2024-07-30,Store-South-03,SKU-APPAREL-03,0,57.31,0,0,5,1
2024-07-31,Store-South-03,SKU-APPAREL-03,153,57.31,0,0,5,0
2024-08-01,Store-South-03,SKU-APPAREL-03,144,57.31,0,0,5,0
2024-08-02,Store-South-03,SKU-APPAREL-03,143,57.31,0,0,5,0
2024-08-03,Store-South-03,SKU-APPAREL-03,149,57.31,0,1,5,0
2024-08-04,Store-South-03,SKU-APPAREL-03,165,57.31,0,1,5,0
2024-08-05,Store-South-03,SKU-APPAREL-03,104,57.31,0,0,5,0
2024-08-06,Store-South-03,SKU-APPAREL-03,138,57.31,0,0,5,0
2024-08-07,Store-South-03,SKU-APPAREL-03,130,57.31,0,0,5,0
2024-08-08,Store-South-03,SKU-APPAREL-03,109,57.31,0,0,5,0
2024-08-09,Store-South-03,SKU-APPAREL-03,135,57.31,0,0,5,0
2024-08-10,Store-South-03,SKU-APPAREL-03,151,57.31,0,1,5,0
2024-08-11,Store-South-03,SKU-APPAREL-03,187,57.31,0,1,5,0
2024-08-12,Store-South-03,SKU-APPAREL-03,114,57.31,0,0,5,0
2024-08-13,Store-South-03,SKU-APPAREL-03,135,57.31,0,0,5,0
2024-08-14,Store-South-03,SKU-APPAREL-03,104,57.31,0,0,5,0
2024-08-15,Store-South-03,SKU-APPAREL-03,117,57.31,0,0,5,0
2024-08-16,Store-South-03,SKU-APPAREL-03,197,48.72,1,0,5,0
2024-08-17,Store-South-03,SKU-APPAREL-03,158,57.31,0,1,5,0
2024-08-18,Store-South-03,SKU-APPAREL-03,162,57.31,0,1,5,0
2024-08-19,Store-South-03,SKU-APPAREL-03,98,57.31,0,0,5,0
2024-08-20,Store-South-03,SKU-APPAREL-03,125,57.31,0,0,5,0
2024-08-21,Store-South-03,SKU-APPAREL-03,98,57.31,0,0,5,0
2024-08-22,Store-South-03,SKU-APPAREL-03,120,57.31,0,0,5,0
2024-08-23,Store-South-03,SKU-APPAREL-03,110,57.31,0,0,5,0
2024-08-24,Store-South-03,SKU-APPAREL-03,138,57.31,0,1,5,0
2024-08-25,Store-South-03,SKU-APPAREL-03,168,57.31,0,1,5,0
2024-08-26,Store-South-03,SKU-APPAREL-03,111,57.31,0,0,5,0
2024-08-27,Store-South-03,SKU-APPAREL-03,138,57.31,0,0,5,0
2024-08-28,Store-South-03,SKU-APPAREL-03,126,57.31,0,0,5,0
2024-08-29,Store-South-03,SKU-APPAREL-03,109,57.31,0,0,5,0
2024-08-30,Store-South-03,SKU-APPAREL-03,106,57.31,0,0,5,0
2024-08-31,Store-South-03,SKU-APPAREL-03,157,57.31,0,1,5,0
2024-09-01,Store-South-03,SKU-APPAREL-03,149,57.31,0,1,5,0
2024-09-02,Store-South-03,SKU-APPAREL-03,103,57.31,0,0,5,0
2024-09-03,Store-South-03,SKU-APPAREL-03,101,57.31,0,0,5,0
2024-09-04,Store-South-03,SKU-APPAREL-03,114,57.31,0,0,5,0
2024-09-05,Store-South-03,SKU-APPAREL-03,101,57.31,0,0,5,0
2024-09-06,Store-South-03,SKU-APPAREL-03,114,57.31,0,0,5,0
2024-09-07,Store-South-03,SKU-APPAREL-03,239,48.72,1,1,5,0
2024-09-08,Store-South-03,SKU-APPAREL-03,133,57.31,0,1,5,0
2024-09-09,Store-South-03,SKU-APPAREL-03,109,57.31,0,0,5,0
2024-09-10,Store-South-03,SKU-APPAREL-03,105,57.31,0,0,5,0
2024-09-11,Store-South-03,SKU-APPAREL-03,113,57.31,0,0,5,0
2024-09-12,Store-South-03,SKU-APPAREL-03,107,57.31,0,0,5,0
2024-09-13,Store-South-03,SKU-APPAREL-03,107,57.31,0,0,5,0
2024-09-14,Store-South-03,SKU-APPAREL-03,140,57.31,0,1,5,0
2024-09-15,Store-South-03,SKU-APPAREL-03,137,57.31,0,1,5,0
2024-09-16,Store-South-03,SKU-APPAREL-03,178,48.72,1,0,5,0
2024-09-17,Store-South-03,SKU-APPAREL-03,110,57.31,0,0,5,0
2024-09-18,Store-South-03,SKU-APPAREL-03,0,57.31,0,0,5,1
2024-09-19,Store-South-03,SKU-APPAREL-03,103,57.31,0,0,5,0
2024-09-20,Store-South-03,SKU-APPAREL-03,89,57.31,0,0,5,0
2024-09-21,Store-South-03,SKU-APPAREL-03,233,48.72,1,1,5,0
2024-09-22,Store-South-03,SKU-APPAREL-03,107,57.31,0,1,5,0
2024-09-23,Store-South-03,SKU-APPAREL-03,103,57.31,0,0,5,0
2024-09-24,Store-South-03,SKU-APPAREL-03,103,57.31,0,0,5,0
2024-09-25,Store-South-03,SKU-APPAREL-03,96,57.31,0,0,5,0
2024-09-26,Store-South-03,SKU-APPAREL-03,116,57.31,0,0,5,0
2024-09-27,Store-South-03,SKU-APPAREL-03,107,57.31,0,0,5,0
2024-09-28,Store-South-03,SKU-APPAREL-03,146,57.31,0,1,5,0
2024-09-29,Store-South-03,SKU-APPAREL-03,136,57.31,0,1,5,0
2024-09-30,Store-South-03,SKU-APPAREL-03,172,48.72,1,0,5,0
2024-10-01,Store-South-03,SKU-APPAREL-03,171,48.72,1,0,5,0
2024-10-02,Store-South-03,SKU-APPAREL-03,98,57.31,0,0,5,0
2024-10-03,Store-South-03,SKU-APPAREL-03,84,57.31,0,0,5,0
2024-10-04,Store-South-03,SKU-APPAREL-03,108,57.31,0,0,5,0
2024-10-05,Store-South-03,SKU-APPAREL-03,112,57.31,0,1,5,0
2024-10-06,Store-South-03,SKU-APPAREL-03,131,57.31,0,1,5,0
2024-10-07,Store-South-03,SKU-APPAREL-03,94,57.31,0,0,5,0
2024-10-08,Store-South-03,SKU-APPAREL-03,85,57.31,0,0,5,0
2024-10-09,Store-South-03,SKU-APPAREL-03,76,57.31,0,0,5,0
2024-10-10,Store-South-03,SKU-APPAREL-03,94,57.31,0,0,5,0
2024-10-11,Store-South-03,SKU-APPAREL-03,93,57.31,0,0,5,0
2024-10-12,Store-South-03,SKU-APPAREL-03,223,48.72,1,1,5,0
2024-10-13,Store-South-03,SKU-APPAREL-03,134,57.31,0,1,5,0
2024-10-14,Store-South-03,SKU-APPAREL-03,94,57.31,0,0,5,0
2024-10-15,Store-South-03,SKU-APPAREL-03,70,57.31,0,0,5,0
2024-10-16,Store-South-03,SKU-APPAREL-03,103,57.31,0,0,5,0
2024-10-17,Store-South-03,SKU-APPAREL-03,82,57.31,0,0,5,0
2024-10-18,Store-South-03,SKU-APPAREL-03,100,57.31,0,0,5,0
2024-10-19,Store-South-03,SKU-APPAREL-03,124,57.31,0,1,5,0
2024-10-20,Store-South-03,SKU-APPAREL-03,224,48.72,1,1,5,0
2024-10-21,Store-South-03,SKU-APPAREL-03,93,57.31,0,0,5,0
2024-10-22,Store-South-03,SKU-APPAREL-03,99,57.31,0,0,5,0
2024-10-23,Store-South-03,SKU-APPAREL-03,98,57.31,0,0,5,0
2024-10-24,Store-South-03,SKU-APPAREL-03,94,57.31,0,0,5,0
2024-10-25,Store-South-03,SKU-APPAREL-03,97,57.31,0,0,5,0
2024-10-26,Store-South-03,SKU-APPAREL-03,153,57.31,0,1,5,0
2024-10-27,Store-South-03,SKU-APPAREL-03,119,57.31,0,1,5,0
2024-10-28,Store-South-03,SKU-APPAREL-03,76,57.31,0,0,5,0
2024-10-29,Store-South-03,SKU-APPAREL-03,85,57.31,0,0,5,0
2024-10-30,Store-South-03,SKU-APPAREL-03,82,57.31,0,0,5,0
2024-10-31,Store-South-03,SKU-APPAREL-03,88,57.31,0,0,5,0
2024-11-01,Store-South-03,SKU-APPAREL-03,103,57.31,0,0,5,0
2024-11-02,Store-South-03,SKU-APPAREL-03,123,57.31,0,1,5,0
2024-11-03,Store-South-03,SKU-APPAREL-03,107,57.31,0,1,5,0
2024-11-04,Store-South-03,SKU-APPAREL-03,79,57.31,0,0,5,0
2024-11-05,Store-South-03,SKU-APPAREL-03,88,57.31,0,0,5,0
2024-11-06,Store-South-03,SKU-APPAREL-03,88,57.31,0,0,5,0
2024-11-07,Store-South-03,SKU-APPAREL-03,93,57.31,0,0,5,0
2024-11-08,Store-South-03,SKU-APPAREL-03,66,57.31,0,0,5,0
2024-11-09,Store-South-03,SKU-APPAREL-03,143,57.31,0,1,5,0
2024-11-10,Store-South-03,SKU-APPAREL-03,107,57.31,0,1,5,0
2024-11-11,Store-South-03,SKU-APPAREL-03,85,57.31,0,0,5,0
2024-11-12,Store-South-03,SKU-APPAREL-03,174,48.72,1,0,5,0
2024-11-13,Store-South-03,SKU-APPAREL-03,0,57.31,0,0,5,1
2024-11-14,Store-South-03,SKU-APPAREL-03,79,57.31,0,0,5,0
2024-11-15,Store-South-03,SKU-APPAREL-03,80,57.31,0,0,5,0
2024-11-16,Store-South-03,SKU-APPAREL-03,129,57.31,0,1,5,0
2024-11-17,Store-South-03,SKU-APPAREL-03,132,57.31,0,1,5,0
2024-11-18,Store-South-03,SKU-APPAREL-03,96,57.31,0,0,5,0
2024-11-19,Store-South-03,SKU-APPAREL-03,91,57.31,0,0,5,0
2024-11-20,Store-South-03,SKU-APPAREL-03,87,57.31,0,0,5,0
2024-11-21,Store-South-03,SKU-APPAREL-03,73,57.31,0,0,5,0
2024-11-22,Store-South-03,SKU-APPAREL-03,68,57.31,0,0,5,0
2024-11-23,Store-South-03,SKU-APPAREL-03,244,48.72,1,1,5,0
2024-11-24,Store-South-03,SKU-APPAREL-03,117,57.31,0,1,5,0
2024-11-25,Store-South-03,SKU-APPAREL-03,98,57.31,0,0,5,0
2024-11-26,Store-South-03,SKU-APPAREL-03,92,57.31,0,0,5,0
2024-11-27,Store-South-03,SKU-APPAREL-03,90,57.31,0,0,5,0
2024-11-28,Store-South-03,SKU-APPAREL-03,99,57.31,0,0,5,0
2024-11-29,Store-South-03,SKU-APPAREL-03,96,57.31,0,0,5,0
2024-11-30,Store-South-03,SKU-APPAREL-03,129,57.31,0,1,5,0
2024-12-01,Store-South-03,SKU-APPAREL-03,244,48.72,1,1,5,0
2024-12-02,Store-South-03,SKU-APPAREL-03,98,57.31,0,0,5,0
2024-12-03,Store-South-03,SKU-APPAREL-03,111,57.31,0,0,5,0
2024-12-04,Store-South-03,SKU-APPAREL-03,99,57.31,0,0,5,0
2024-12-05,Store-South-03,SKU-APPAREL-03,190,48.72,1,0,5,0
2024-12-06,Store-South-03,SKU-APPAREL-03,174,48.72,1,0,5,0
2024-12-07,Store-South-03,SKU-APPAREL-03,146,57.31,0,1,5,0
2024-12-08,Store-South-03,SKU-APPAREL-03,131,57.31,0,1,5,0
2024-12-09,Store-South-03,SKU-APPAREL-03,102,57.31,0,0,5,0
2024-12-10,Store-South-03,SKU-APPAREL-03,104,57.31,0,0,5,0
2024-12-11,Store-South-03,SKU-APPAREL-03,112,57.31,0,0,5,0
2024-12-12,Store-South-03,SKU-APPAREL-03,120,57.31,0,0,5,0
2024-12-13,Store-South-03,SKU-APPAREL-03,114,57.31,0,0,5,0
2024-12-14,Store-South-03,SKU-APPAREL-03,132,57.31,0,1,5,0
2024-12-15,Store-South-03,SKU-APPAREL-03,113,57.31,0,1,5,0
2024-12-16,Store-South-03,SKU-APPAREL-03,89,57.31,0,0,5,0
2024-12-17,Store-South-03,SKU-APPAREL-03,86,57.31,0,0,5,0
2024-12-18,Store-South-03,SKU-APPAREL-03,100,57.31,0,0,5,0
2024-12-19,Store-South-03,SKU-APPAREL-03,88,57.31,0,0,5,0
2024-12-20,Store-South-03,SKU-APPAREL-03,170,48.72,1,0,5,0
2024-12-21,Store-South-03,SKU-APPAREL-03,123,57.31,0,1,5,0
2024-12-22,Store-South-03,SKU-APPAREL-03,142,57.31,0,1,5,0
2024-12-23,Store-South-03,SKU-APPAREL-03,108,57.31,0,0,5,0
2024-12-24,Store-South-03,SKU-APPAREL-03,114,57.31,0,0,5,0
2024-12-25,Store-South-03,SKU-APPAREL-03,0,57.31,0,0,5,1
2024-12-26,Store-South-03,SKU-APPAREL-03,92,57.31,0,0,5,0
2024-12-27,Store-South-03,SKU-APPAREL-03,90,57.31,0,0,5,0
2024-12-28,Store-South-03,SKU-APPAREL-03,146,57.31,0,1,5,0
2024-12-29,Store-South-03,SKU-APPAREL-03,143,57.31,0,1,5,0
2024-12-30,Store-South-03,SKU-APPAREL-03,120,57.31,0,0,5,0
2024-12-31,Store-South-03,SKU-APPAREL-03,91,57.31,0,0,5,0
2025-01-01,Store-South-03,SKU-APPAREL-03,121,57.31,0,0,5,0
2025-01-02,Store-South-03,SKU-APPAREL-03,94,57.31,0,0,5,0
2025-01-03,Store-South-03,SKU-APPAREL-03,113,57.31,0,0,5,0
2025-01-04,Store-South-03,SKU-APPAREL-03,160,57.31,0,1,5,0
2025-01-05,Store-South-03,SKU-APPAREL-03,152,57.31,0,1,5,0
2025-01-06,Store-South-03,SKU-APPAREL-03,121,57.31,0,0,5,0
2025-01-07,Store-South-03,SKU-APPAREL-03,0,57.31,0,0,5,1
2025-01-08,Store-South-03,SKU-APPAREL-03,116,57.31,0,0,5,0
2025-01-09,Store-South-03,SKU-APPAREL-03,108,57.31,0,0,5,0
2025-01-10,Store-South-03,SKU-APPAREL-03,130,57.31,0,0,5,0
2025-01-11,Store-South-03,SKU-APPAREL-03,149,57.31,0,1,5,0
2025-01-12,Store-South-03,SKU-APPAREL-03,147,57.31,0,1,5,0
2025-01-13,Store-South-03,SKU-APPAREL-03,214,48.72,1,0,5,0
2025-01-14,Store-South-03,SKU-APPAREL-03,115,57.31,0,0,5,0
2025-01-15,Store-South-03,SKU-APPAREL-03,107,57.31,0,0,5,0
2025-01-16,Store-South-03,SKU-APPAREL-03,106,57.31,0,0,5,0
2025-01-17,Store-South-03,SKU-APPAREL-03,112,57.31,0,0,5,0
2025-01-18,Store-South-03,SKU-APPAREL-03,153,57.31,0,1,5,0
2025-01-19,Store-South-03,SKU-APPAREL-03,158,57.31,0,1,5,0
2025-01-20,Store-South-03,SKU-APPAREL-03,141,57.31,0,0,5,0
2025-01-21,Store-South-03,SKU-APPAREL-03,125,57.31,0,0,5,0
2025-01-22,Store-South-03,SKU-APPAREL-03,128,57.31,0,0,5,0
2025-01-23,Store-South-03,SKU-APPAREL-03,112,57.31,0,0,5,0
2025-01-24,Store-South-03,SKU-APPAREL-03,142,57.31,0,0,5,0
2025-01-25,Store-South-03,SKU-APPAREL-03,168,57.31,0,1,5,0
2025-01-26,Store-South-03,SKU-APPAREL-03,188,57.31,0,1,5,0
2025-01-27,Store-South-03,SKU-APPAREL-03,121,57.31,0,0,5,0
2025-01-28,Store-South-03,SKU-APPAREL-03,129,57.31,0,0,5,0
2025-01-29,Store-South-03,SKU-APPAREL-03,156,57.31,0,0,5,0
2025-01-30,Store-South-03,SKU-APPAREL-03,125,57.31,0,0,5,0
2025-01-31,Store-South-03,SKU-APPAREL-03,122,57.31,0,0,5,0
2025-02-01,Store-South-03,SKU-APPAREL-03,179,57.31,0,1,5,0
2025-02-02,Store-South-03,SKU-APPAREL-03,185,57.31,0,1,5,0
2025-02-03,Store-South-03,SKU-APPAREL-03,250,48.72,1,0,5,0
2025-02-04,Store-South-03,SKU-APPAREL-03,136,57.31,0,0,5,0
2025-02-05,Store-South-03,SKU-APPAREL-03,140,57.31,0,0,5,0
2025-02-06,Store-South-03,SKU-APPAREL-03,144,57.31,0,0,5,0
2025-02-07,Store-South-03,SKU-APPAREL-03,245,48.72,1,0,5,0
2025-02-08,Store-South-03,SKU-APPAREL-03,181,57.31,0,1,5,0
2025-02-09,Store-South-03,SKU-APPAREL-03,191,57.31,0,1,5,0
2025-02-10,Store-South-03,SKU-APPAREL-03,113,57.31,0,0,5,0
2025-02-11,Store-South-03,SKU-APPAREL-03,0,57.31,0,0,5,1
2025-02-12,Store-South-03,SKU-APPAREL-03,129,57.31,0,0,5,0
2025-02-13,Store-South-03,SKU-APPAREL-03,141,57.31,0,0,5,0
2025-02-14,Store-South-03,SKU-APPAREL-03,151,57.31,0,0,5,0
2025-02-15,Store-South-03,SKU-APPAREL-03,183,57.31,0,1,5,0
2025-02-16,Store-South-03,SKU-APPAREL-03,354,48.72,1,1,5,0
2025-02-17,Store-South-03,SKU-APPAREL-03,145,57.31,0,0,5,0
2025-02-18,Store-South-03,SKU-APPAREL-03,135,57.31,0,0,5,0
2025-02-19,Store-South-03,SKU-APPAREL-03,145,57.31,0,0,5,0
2025-02-20,Store-South-03,SKU-APPAREL-03,153,57.31,0,0,5,0
2025-02-21,Store-South-03,SKU-APPAREL-03,244,48.72,1,0,5,0
2025-02-22,Store-South-03,SKU-APPAREL-03,198,57.31,0,1,5,0
2025-02-23,Store-South-03,SKU-APPAREL-03,219,57.31,0,1,5,0
2025-02-24,Store-South-03,SKU-APPAREL-03,160,57.31,0,0,5,0
2025-02-25,Store-South-03,SKU-APPAREL-03,141,57.31,0,0,5,0
2025-02-26,Store-South-03,SKU-APPAREL-03,148,57.31,0,0,5,0
2025-02-27,Store-South-03,SKU-APPAREL-03,143,57.31,0,0,5,0
2025-02-28,Store-South-03,SKU-APPAREL-03,0,57.31,0,0,5,1
2025-03-01,Store-South-03,SKU-APPAREL-03,192,57.31,0,1,5,0
2025-03-02,Store-South-03,SKU-APPAREL-03,184,57.31,0,1,5,0
2025-03-03,Store-South-03,SKU-APPAREL-03,263,48.72,1,0,5,0
2025-03-04,Store-South-03,SKU-APPAREL-03,153,57.31,0,0,5,0
2025-03-05,Store-South-03,SKU-APPAREL-03,158,57.31,0,0,5,0
2025-03-06,Store-South-03,SKU-APPAREL-03,276,48.72,1,0,5,0
2025-03-07,Store-South-03,SKU-APPAREL-03,153,57.31,0,0,5,0
2025-03-08,Store-South-03,SKU-APPAREL-03,221,57.31,0,1,5,0
2025-03-09,Store-South-03,SKU-APPAREL-03,357,48.72,1,1,5,0
2025-03-10,Store-South-03,SKU-APPAREL-03,156,57.31,0,0,5,0
2025-03-11,Store-South-03,SKU-APPAREL-03,155,57.31,0,0,5,0
2025-03-12,Store-South-03,SKU-APPAREL-03,162,57.31,0,0,5,0
2025-03-13,Store-South-03,SKU-APPAREL-03,139,57.31,0,0,5,0
2025-03-14,Store-South-03,SKU-APPAREL-03,156,57.31,0,0,5,0
2025-03-15,Store-South-03,SKU-APPAREL-03,192,57.31,0,1,5,0
2025-03-16,Store-South-03,SKU-APPAREL-03,222,57.31,0,1,5,0
2025-03-17,Store-South-03,SKU-APPAREL-03,163,57.31,0,0,5,0
2025-03-18,Store-South-03,SKU-APPAREL-03,156,57.31,0,0,5,0
2025-03-19,Store-South-03,SKU-APPAREL-03,166,57.31,0,0,5,0
2025-03-20,Store-South-03,SKU-APPAREL-03,165,57.31,0,0,5,0
2025-03-21,Store-South-03,SKU-APPAREL-03,152,57.31,0,0,5,0
2025-03-22,Store-South-03,SKU-APPAREL-03,220,57.31,0,1,5,0
2025-03-23,Store-South-03,SKU-APPAREL-03,224,57.31,0,1,5,0
2025-03-24,Store-South-03,SKU-APPAREL-03,151,57.31,0,0,5,0
2025-03-25,Store-South-03,SKU-APPAREL-03,281,48.72,1,0,5,0
2025-03-26,Store-South-03,SKU-APPAREL-03,170,57.31,0,0,5,0
2025-03-27,Store-South-03,SKU-APPAREL-03,172,57.31,0,0,5,0
2025-03-28,Store-South-03,SKU-APPAREL-03,158,57.31,0,0,5,0
2025-03-29,Store-South-03,SKU-APPAREL-03,226,57.31,0,1,5,0
2025-03-30,Store-South-03,SKU-APPAREL-03,213,57.31,0,1,5,0
2025-03-31,Store-South-03,SKU-APPAREL-03,0,57.31,0,0,5,1
2025-04-01,Store-South-03,SKU-APPAREL-03,170,57.31,0,0,5,0
2025-04-02,Store-South-03,SKU-APPAREL-03,157,57.31,0,0,5,0
2025-04-03,Store-South-03,SKU-APPAREL-03,170,57.31,0,0,5,0
2025-04-04,Store-South-03,SKU-APPAREL-03,154,57.31,0,0,5,0
2025-04-05,Store-South-03,SKU-APPAREL-03,230,57.31,0,1,5,0
2025-04-06,Store-South-03,SKU-APPAREL-03,367,48.72,1,1,5,0
2025-04-07,Store-South-03,SKU-APPAREL-03,188,57.31,0,0,5,0
2025-04-08,Store-South-03,SKU-APPAREL-03,168,57.31,0,0,5,0
2025-04-09,Store-South-03,SKU-APPAREL-03,178,57.31,0,0,5,0
2025-04-10,Store-South-03,SKU-APPAREL-03,175,57.31,0,0,5,0
2025-04-11,Store-South-03,SKU-APPAREL-03,173,57.31,0,0,5,0
2025-04-12,Store-South-03,SKU-APPAREL-03,210,57.31,0,1,5,0
2025-04-13,Store-South-03,SKU-APPAREL-03,202,57.31,0,1,5,0
2025-04-14,Store-South-03,SKU-APPAREL-03,175,57.31,0,0,5,0
2025-04-15,Store-South-03,SKU-APPAREL-03,149,57.31,0,0,5,0
2025-04-16,Store-South-03,SKU-APPAREL-03,154,57.31,0,0,5,0
2025-04-17,Store-South-03,SKU-APPAREL-03,165,57.31,0,0,5,0
2025-04-18,Store-South-03,SKU-APPAREL-03,167,57.31,0,0,5,0
2025-04-19,Store-South-03,SKU-APPAREL-03,210,57.31,0,1,5,0
2025-04-20,Store-South-03,SKU-APPAREL-03,230,57.31,0,1,5,0
2025-04-21,Store-South-03,SKU-APPAREL-03,189,57.31,0,0,5,0
2025-04-22,Store-South-03,SKU-APPAREL-03,278,48.72,1,0,5,0
2025-04-23,Store-South-03,SKU-APPAREL-03,169,57.31,0,0,5,0
2025-04-24,Store-South-03,SKU-APPAREL-03,160,57.31,0,0,5,0
2025-04-25,Store-South-03,SKU-APPAREL-03,153,57.31,0,0,5,0
2025-04-26,Store-South-03,SKU-APPAREL-03,383,48.72,1,1,5,0
2025-04-27,Store-South-03,SKU-APPAREL-03,208,57.31,0,1,5,0
2025-04-28,Store-South-03,SKU-APPAREL-03,175,57.31,0,0,5,0
2025-04-29,Store-South-03,SKU-APPAREL-03,155,57.31,0,0,5,0
2025-04-30,Store-South-03,SKU-APPAREL-03,171,57.31,0,0,5,0
2025-05-01,Store-South-03,SKU-APPAREL-03,0,57.31,0,0,5,1
2025-05-02,Store-South-03,SKU-APPAREL-03,155,57.31,0,0,5,0
2025-05-03,Store-South-03,SKU-APPAREL-03,238,57.31,0,1,5,0
2025-05-04,Store-South-03,SKU-APPAREL-03,213,57.31,0,1,5,0
2025-05-05,Store-South-03,SKU-APPAREL-03,154,57.31,0,0,5,0
2025-05-06,Store-South-03,SKU-APPAREL-03,0,57.31,0,0,5,1
2025-05-07,Store-South-03,SKU-APPAREL-03,201,57.31,0,0,5,0
2025-05-08,Store-South-03,SKU-APPAREL-03,181,57.31,0,0,5,0
2025-05-09,Store-South-03,SKU-APPAREL-03,173,57.31,0,0,5,0
2025-05-10,Store-South-03,SKU-APPAREL-03,247,57.31,0,1,5,0
2025-05-11,Store-South-03,SKU-APPAREL-03,201,57.31,0,1,5,0
2025-05-12,Store-South-03,SKU-APPAREL-03,316,48.72,1,0,5,0
2025-05-13,Store-South-03,SKU-APPAREL-03,170,57.31,0,0,5,0
2025-05-14,Store-South-03,SKU-APPAREL-03,174,57.31,0,0,5,0
2025-05-15,Store-South-03,SKU-APPAREL-03,169,57.31,0,0,5,0
2025-05-16,Store-South-03,SKU-APPAREL-03,145,57.31,0,0,5,0
2025-05-17,Store-South-03,SKU-APPAREL-03,411,48.72,1,1,5,0
2025-05-18,Store-South-03,SKU-APPAREL-03,208,57.31,0,1,5,0
2025-05-19,Store-South-03,SKU-APPAREL-03,183,57.31,0,0,5,0
2025-05-20,Store-South-03,SKU-APPAREL-03,189,57.31,0,0,5,0
2025-05-21,Store-South-03,SKU-APPAREL-03,0,57.31,0,0,5,1
2025-05-22,Store-South-03,SKU-APPAREL-03,156,57.31,0,0,5,0
2025-05-23,Store-South-03,SKU-APPAREL-03,201,57.31,0,0,5,0
2025-05-24,Store-South-03,SKU-APPAREL-03,211,57.31,0,1,5,0
2025-05-25,Store-South-03,SKU-APPAREL-03,236,57.31,0,1,5,0
2025-05-26,Store-South-03,SKU-APPAREL-03,166,57.31,0,0,5,0
2025-05-27,Store-South-03,SKU-APPAREL-03,175,57.31,0,0,5,0
2025-05-28,Store-South-03,SKU-APPAREL-03,167,57.31,0,0,5,0
2025-05-29,Store-South-03,SKU-APPAREL-03,154,57.31,0,0,5,0
2025-05-30,Store-South-03,SKU-APPAREL-03,176,57.31,0,0,5,0
2025-05-31,Store-South-03,SKU-APPAREL-03,403,48.72,1,1,5,0
2025-06-01,Store-South-03,SKU-APPAREL-03,226,57.31,0,1,5,0
2025-06-02,Store-South-03,SKU-APPAREL-03,176,57.31,0,0,5,0
2025-06-03,Store-South-03,SKU-APPAREL-03,298,48.72,1,0,5,0
2025-06-04,Store-South-03,SKU-APPAREL-03,154,57.31,0,0,5,0
2025-06-05,Store-South-03,SKU-APPAREL-03,146,57.31,0,0,5,0
2025-06-06,Store-South-03,SKU-APPAREL-03,274,48.72,1,0,5,0
2025-06-07,Store-South-03,SKU-APPAREL-03,209,57.31,0,1,5,0
2025-06-08,Store-South-03,SKU-APPAREL-03,229,57.31,0,1,5,0
2025-06-09,Store-South-03,SKU-APPAREL-03,156,57.31,0,0,5,0
2025-06-10,Store-South-03,SKU-APPAREL-03,160,57.31,0,0,5,0
2025-06-11,Store-South-03,SKU-APPAREL-03,281,48.72,1,0,5,0
2025-06-12,Store-South-03,SKU-APPAREL-03,311,48.72,1,0,5,0
2025-06-13,Store-South-03,SKU-APPAREL-03,140,57.31,0,0,5,0
2025-06-14,Store-South-03,SKU-APPAREL-03,206,57.31,0,1,5,0
2025-06-15,Store-South-03,SKU-APPAREL-03,201,57.31,0,1,5,0
2025-06-16,Store-South-03,SKU-APPAREL-03,159,57.31,0,0,5,0
2025-06-17,Store-South-03,SKU-APPAREL-03,171,57.31,0,0,5,0
2025-06-18,Store-South-03,SKU-APPAREL-03,151,57.31,0,0,5,0
2025-06-19,Store-South-03,SKU-APPAREL-03,156,57.31,0,0,5,0
2025-06-20,Store-South-03,SKU-APPAREL-03,176,57.31,0,0,5,0
2025-06-21,Store-South-03,SKU-APPAREL-03,367,48.72,1,1,5,0
2025-06-22,Store-South-03,SKU-APPAREL-03,190,57.31,0,1,5,0
2025-06-23,Store-South-03,SKU-APPAREL-03,285,48.72,1,0,5,0
2025-06-24,Store-South-03,SKU-APPAREL-03,143,57.31,0,0,5,0
2025-06-25,Store-South-03,SKU-APPAREL-03,147,57.31,0,0,5,0
2025-06-26,Store-South-03,SKU-APPAREL-03,125,57.31,0,0,5,0
2025-06-27,Store-South-03,SKU-APPAREL-03,308,48.72,1,0,5,0
2025-06-28,Store-South-03,SKU-APPAREL-03,230,57.31,0,1,5,0
2025-06-29,Store-South-03,SKU-APPAREL-03,219,57.31,0,1,5,0
2025-06-30,Store-South-03,SKU-APPAREL-03,155,57.31,0,0,5,0
2025-07-01,Store-South-03,SKU-APPAREL-03,262,48.72,1,0,5,0
2025-07-02,Store-South-03,SKU-APPAREL-03,113,57.31,0,0,5,0
2025-07-03,Store-South-03,SKU-APPAREL-03,123,57.31,0,0,5,0
2025-07-04,Store-South-03,SKU-APPAREL-03,153,57.31,0,0,5,0
2025-07-05,Store-South-03,SKU-APPAREL-03,204,57.31,0,1,5,0
2025-07-06,Store-South-03,SKU-APPAREL-03,357,48.72,1,1,5,0
2025-07-07,Store-South-03,SKU-APPAREL-03,147,57.31,0,0,5,0
2025-07-08,Store-South-03,SKU-APPAREL-03,144,57.31,0,0,5,0
2025-07-09,Store-South-03,SKU-APPAREL-03,128,57.31,0,0,5,0
2025-07-10,Store-South-03,SKU-APPAREL-03,132,57.31,0,0,5,0
2025-07-11,Store-South-03,SKU-APPAREL-03,140,57.31,0,0,5,0
2025-07-12,Store-South-03,SKU-APPAREL-03,197,57.31,0,1,5,0
2025-07-13,Store-South-03,SKU-APPAREL-03,194,57.31,0,1,5,0
2025-07-14,Store-South-03,SKU-APPAREL-03,139,57.31,0,0,5,0
2025-07-15,Store-South-03,SKU-APPAREL-03,133,57.31,0,0,5,0
2025-07-16,Store-South-03,SKU-APPAREL-03,141,57.31,0,0,5,0
2025-07-17,Store-South-03,SKU-APPAREL-03,257,48.72,1,0,5,0
2025-07-18,Store-South-03,SKU-APPAREL-03,224,48.72,1,0,5,0
2025-07-19,Store-South-03,SKU-APPAREL-03,201,57.31,0,1,5,0
2025-07-20,Store-South-03,SKU-APPAREL-03,190,57.31,0,1,5,0
2025-07-21,Store-South-03,SKU-APPAREL-03,142,57.31,0,0,5,0
2025-07-22,Store-South-03,SKU-APPAREL-03,133,57.31,0,0,5,0
2025-07-23,Store-South-03,SKU-APPAREL-03,126,57.31,0,0,5,0
2025-07-24,Store-South-03,SKU-APPAREL-03,126,57.31,0,0,5,0
2025-07-25,Store-South-03,SKU-APPAREL-03,251,48.72,1,0,5,0
2025-07-26,Store-South-03,SKU-APPAREL-03,196,57.31,0,1,5,0
2025-07-27,Store-South-03,SKU-APPAREL-03,321,48.72,1,1,5,0
2025-07-28,Store-South-03,SKU-APPAREL-03,116,57.31,0,0,5,0
2025-07-29,Store-South-03,SKU-APPAREL-03,126,57.31,0,0,5,0
2025-07-30,Store-South-03,SKU-APPAREL-03,112,57.31,0,0,5,0
2025-07-31,Store-South-03,SKU-APPAREL-03,136,57.31,0,0,5,0
2025-08-01,Store-South-03,SKU-APPAREL-03,132,57.31,0,0,5,0
2025-08-02,Store-South-03,SKU-APPAREL-03,185,57.31,0,1,5,0
2025-08-03,Store-South-03,SKU-APPAREL-03,179,57.31,0,1,5,0
2025-08-04,Store-South-03,SKU-APPAREL-03,0,57.31,0,0,5,1
2025-08-05,Store-South-03,SKU-APPAREL-03,115,57.31,0,0,5,0
2025-08-06,Store-South-03,SKU-APPAREL-03,108,57.31,0,0,5,0
2025-08-07,Store-South-03,SKU-APPAREL-03,113,57.31,0,0,5,0
2025-08-08,Store-South-03,SKU-APPAREL-03,120,57.31,0,0,5,0
2025-08-09,Store-South-03,SKU-APPAREL-03,154,57.31,0,1,5,0
2025-08-10,Store-South-03,SKU-APPAREL-03,174,57.31,0,1,5,0
2025-08-11,Store-South-03,SKU-APPAREL-03,205,48.72,1,0,5,0
2025-08-12,Store-South-03,SKU-APPAREL-03,122,57.31,0,0,5,0
2025-08-13,Store-South-03,SKU-APPAREL-03,130,57.31,0,0,5,0
2025-08-14,Store-South-03,SKU-APPAREL-03,121,57.31,0,0,5,0
2025-08-15,Store-South-03,SKU-APPAREL-03,125,57.31,0,0,5,0
2025-08-16,Store-South-03,SKU-APPAREL-03,269,48.72,1,1,5,0
2025-08-17,Store-South-03,SKU-APPAREL-03,158,57.31,0,1,5,0
2025-08-18,Store-South-03,SKU-APPAREL-03,121,57.31,0,0,5,0
2025-08-19,Store-South-03,SKU-APPAREL-03,194,48.72,1,0,5,0
2025-08-20,Store-South-03,SKU-APPAREL-03,112,57.31,0,0,5,0
2025-08-21,Store-South-03,SKU-APPAREL-03,121,57.31,0,0,5,0
2025-08-22,Store-South-03,SKU-APPAREL-03,115,57.31,0,0,5,0
2025-08-23,Store-South-03,SKU-APPAREL-03,292,48.72,1,1,5,0
2025-08-24,Store-South-03,SKU-APPAREL-03,162,57.31,0,1,5,0
2025-08-25,Store-South-03,SKU-APPAREL-03,103,57.31,0,0,5,0
2025-08-26,Store-South-03,SKU-APPAREL-03,127,57.31,0,0,5,0
2025-08-27,Store-South-03,SKU-APPAREL-03,124,57.31,0,0,5,0
2025-08-28,Store-South-03,SKU-APPAREL-03,108,57.31,0,0,5,0
2025-08-29,Store-South-03,SKU-APPAREL-03,122,57.31,0,0,5,0
2025-08-30,Store-South-03,SKU-APPAREL-03,140,57.31,0,1,5,0
2025-08-31,Store-South-03,SKU-APPAREL-03,166,57.31,0,1,5,0
2025-09-01,Store-South-03,SKU-APPAREL-03,110,57.31,0,0,5,0
2025-09-02,Store-South-03,SKU-APPAREL-03,120,57.31,0,0,5,0
2025-09-03,Store-South-03,SKU-APPAREL-03,96,57.31,0,0,5,0
2025-09-04,Store-South-03,SKU-APPAREL-03,98,57.31,0,0,5,0
2025-09-05,Store-South-03,SKU-APPAREL-03,103,57.31,0,0,5,0
2025-09-06,Store-South-03,SKU-APPAREL-03,163,57.31,0,1,5,0
2025-09-07,Store-South-03,SKU-APPAREL-03,137,57.31,0,1,5,0
2025-09-08,Store-South-03,SKU-APPAREL-03,104,57.31,0,0,5,0
2025-09-09,Store-South-03,SKU-APPAREL-03,102,57.31,0,0,5,0
2025-09-10,Store-South-03,SKU-APPAREL-03,118,57.31,0,0,5,0
2025-09-11,Store-South-03,SKU-APPAREL-03,109,57.31,0,0,5,0
2025-09-12,Store-South-03,SKU-APPAREL-03,93,57.31,0,0,5,0
2025-09-13,Store-South-03,SKU-APPAREL-03,148,57.31,0,1,5,0
2025-09-14,Store-South-03,SKU-APPAREL-03,160,57.31,0,1,5,0
2025-09-15,Store-South-03,SKU-APPAREL-03,112,57.31,0,0,5,0
2025-09-16,Store-South-03,SKU-APPAREL-03,100,57.31,0,0,5,0
2025-09-17,Store-South-03,SKU-APPAREL-03,124,57.31,0,0,5,0
2025-09-18,Store-South-03,SKU-APPAREL-03,105,57.31,0,0,5,0
2025-09-19,Store-South-03,SKU-APPAREL-03,100,57.31,0,0,5,0
2025-09-20,Store-South-03,SKU-APPAREL-03,127,57.31,0,1,5,0
2025-09-21,Store-South-03,SKU-APPAREL-03,117,57.31,0,1,5,0
2025-09-22,Store-South-03,SKU-APPAREL-03,126,57.31,0,0,5,0
2025-09-23,Store-South-03,SKU-APPAREL-03,94,57.31,0,0,5,0
2025-09-24,Store-South-03,SKU-APPAREL-03,91,57.31,0,0,5,0
2025-09-25,Store-South-03,SKU-APPAREL-03,89,57.31,0,0,5,0
2025-09-26,Store-South-03,SKU-APPAREL-03,98,57.31,0,0,5,0
2025-09-27,Store-South-03,SKU-APPAREL-03,155,57.31,0,1,5,0
2025-09-28,Store-South-03,SKU-APPAREL-03,240,48.72,1,1,5,0
2025-09-29,Store-South-03,SKU-APPAREL-03,104,57.31,0,0,5,0
2025-09-30,Store-South-03,SKU-APPAREL-03,108,57.31,0,0,5,0
2025-10-01,Store-South-03,SKU-APPAREL-03,116,57.31,0,0,5,0
2025-10-02,Store-South-03,SKU-APPAREL-03,99,57.31,0,0,5,0
2025-10-03,Store-South-03,SKU-APPAREL-03,110,57.31,0,0,5,0
2025-10-04,Store-South-03,SKU-APPAREL-03,129,57.31,0,1,5,0
2025-10-05,Store-South-03,SKU-APPAREL-03,120,57.31,0,1,5,0
2025-10-06,Store-South-03,SKU-APPAREL-03,86,57.31,0,0,5,0
2025-10-07,Store-South-03,SKU-APPAREL-03,92,57.31,0,0,5,0
2025-10-08,Store-South-03,SKU-APPAREL-03,96,57.31,0,0,5,0
2025-10-09,Store-South-03,SKU-APPAREL-03,95,57.31,0,0,5,0
2025-10-10,Store-South-03,SKU-APPAREL-03,100,57.31,0,0,5,0
2025-10-11,Store-South-03,SKU-APPAREL-03,117,57.31,0,1,5,0
2025-10-12,Store-South-03,SKU-APPAREL-03,236,48.72,1,1,5,0
2025-10-13,Store-South-03,SKU-APPAREL-03,88,57.31,0,0,5,0
2025-10-14,Store-South-03,SKU-APPAREL-03,82,57.31,0,0,5,0
2025-10-15,Store-South-03,SKU-APPAREL-03,88,57.31,0,0,5,0
2025-10-16,Store-South-03,SKU-APPAREL-03,99,57.31,0,0,5,0
2025-10-17,Store-South-03,SKU-APPAREL-03,84,57.31,0,0,5,0
2025-10-18,Store-South-03,SKU-APPAREL-03,125,57.31,0,1,5,0
2025-10-19,Store-South-03,SKU-APPAREL-03,121,57.31,0,1,5,0
2025-10-20,Store-South-03,SKU-APPAREL-03,85,57.31,0,0,5,0
2025-10-21,Store-South-03,SKU-APPAREL-03,84,57.31,0,0,5,0
2025-10-22,Store-South-03,SKU-APPAREL-03,89,57.31,0,0,5,0
2025-10-23,Store-South-03,SKU-APPAREL-03,84,57.31,0,0,5,0
2025-10-24,Store-South-03,SKU-APPAREL-03,78,57.31,0,0,5,0
2025-10-25,Store-South-03,SKU-APPAREL-03,89,57.31,0,1,5,0
2025-10-26,Store-South-03,SKU-APPAREL-03,129,57.31,0,1,5,0
2025-10-27,Store-South-03,SKU-APPAREL-03,180,48.72,1,0,5,0
2025-10-28,Store-South-03,SKU-APPAREL-03,95,57.31,0,0,5,0
2025-10-29,Store-South-03,SKU-APPAREL-03,99,57.31,0,0,5,0
2025-10-30,Store-South-03,SKU-APPAREL-03,174,48.72,1,0,5,0
2025-10-31,Store-South-03,SKU-APPAREL-03,91,57.31,0,0,5,0
2025-11-01,Store-South-03,SKU-APPAREL-03,0,57.31,0,1,5,1
2025-11-02,Store-South-03,SKU-APPAREL-03,148,57.31,0,1,5,0
2025-11-03,Store-South-03,SKU-APPAREL-03,95,57.31,0,0,5,0
2025-11-04,Store-South-03,SKU-APPAREL-03,89,57.31,0,0,5,0
2025-11-05,Store-South-03,SKU-APPAREL-03,79,57.31,0,0,5,0
2025-11-06,Store-South-03,SKU-APPAREL-03,101,57.31,0,0,5,0
2025-11-07,Store-South-03,SKU-APPAREL-03,78,57.31,0,0,5,0
2025-11-08,Store-South-03,SKU-APPAREL-03,114,57.31,0,1,5,0
2025-11-09,Store-South-03,SKU-APPAREL-03,133,57.31,0,1,5,0
2025-11-10,Store-South-03,SKU-APPAREL-03,78,57.31,0,0,5,0
2025-11-11,Store-South-03,SKU-APPAREL-03,99,57.31,0,0,5,0
2025-11-12,Store-South-03,SKU-APPAREL-03,91,57.31,0,0,5,0
2025-11-13,Store-South-03,SKU-APPAREL-03,90,57.31,0,0,5,0
2025-11-14,Store-South-03,SKU-APPAREL-03,91,57.31,0,0,5,0
2025-11-15,Store-South-03,SKU-APPAREL-03,125,57.31,0,1,5,0
2025-11-16,Store-South-03,SKU-APPAREL-03,247,48.72,1,1,5,0
2025-11-17,Store-South-03,SKU-APPAREL-03,95,57.31,0,0,5,0
2025-11-18,Store-South-03,SKU-APPAREL-03,0,57.31,0,0,5,1
2025-11-19,Store-South-03,SKU-APPAREL-03,88,57.31,0,0,5,0
2025-11-20,Store-South-03,SKU-APPAREL-03,106,57.31,0,0,5,0
2025-11-21,Store-South-03,SKU-APPAREL-03,92,57.31,0,0,5,0
2025-11-22,Store-South-03,SKU-APPAREL-03,127,57.31,0,1,5,0
2025-11-23,Store-South-03,SKU-APPAREL-03,110,57.31,0,1,5,0
2025-11-24,Store-South-03,SKU-APPAREL-03,114,57.31,0,0,5,0
2025-11-25,Store-South-03,SKU-APPAREL-03,154,48.72,1,0,5,0
2025-11-26,Store-South-03,SKU-APPAREL-03,107,57.31,0,0,5,0
2025-11-27,Store-South-03,SKU-APPAREL-03,93,57.31,0,0,5,0
2025-11-28,Store-South-03,SKU-APPAREL-03,165,48.72,1,0,5,0
2025-11-29,Store-South-03,SKU-APPAREL-03,130,57.31,0,1,5,0
2025-11-30,Store-South-03,SKU-APPAREL-03,130,57.31,0,1,5,0
2025-12-01,Store-South-03,SKU-APPAREL-03,165,48.72,1,0,5,0
2025-12-02,Store-South-03,SKU-APPAREL-03,102,57.31,0,0,5,0
2025-12-03,Store-South-03,SKU-APPAREL-03,85,57.31,0,0,5,0
2025-12-04,Store-South-03,SKU-APPAREL-03,95,57.31,0,0,5,0
2025-12-05,Store-South-03,SKU-APPAREL-03,94,57.31,0,0,5,0
2025-12-06,Store-South-03,SKU-APPAREL-03,246,48.72,1,1,5,0
2025-12-07,Store-South-03,SKU-APPAREL-03,126,57.31,0,1,5,0
2025-12-08,Store-South-03,SKU-APPAREL-03,89,57.31,0,0,5,0
2025-12-09,Store-South-03,SKU-APPAREL-03,90,57.31,0,0,5,0
2025-12-10,Store-South-03,SKU-APPAREL-03,100,57.31,0,0,5,0
2025-12-11,Store-South-03,SKU-APPAREL-03,115,57.31,0,0,5,0
2025-12-12,Store-South-03,SKU-APPAREL-03,181,48.72,1,0,5,0
2025-12-13,Store-South-03,SKU-APPAREL-03,269,48.72,1,1,5,0
2025-12-14,Store-South-03,SKU-APPAREL-03,151,57.31,0,1,5,0
2025-12-15,Store-South-03,SKU-APPAREL-03,102,57.31,0,0,5,0
2025-12-16,Store-South-03,SKU-APPAREL-03,102,57.31,0,0,5,0
2025-12-17,Store-South-03,SKU-APPAREL-03,0,57.31,0,0,5,1
2025-12-18,Store-South-03,SKU-APPAREL-03,102,57.31,0,0,5,0
2025-12-19,Store-South-03,SKU-APPAREL-03,110,57.31,0,0,5,0
2025-12-20,Store-South-03,SKU-APPAREL-03,145,57.31,0,1,5,0
2025-12-21,Store-South-03,SKU-APPAREL-03,138,57.31,0,1,5,0
2025-12-22,Store-South-03,SKU-APPAREL-03,93,57.31,0,0,5,0
2025-12-23,Store-South-03,SKU-APPAREL-03,113,57.31,0,0,5,0
2025-12-24,Store-South-03,SKU-APPAREL-03,101,57.31,0,0,5,0
2025-12-25,Store-South-03,SKU-APPAREL-03,125,57.31,0,0,5,0
2025-12-26,Store-South-03,SKU-APPAREL-03,101,57.31,0,0,5,0
2025-12-27,Store-South-03,SKU-APPAREL-03,141,57.31,0,1,5,0
2025-12-28,Store-South-03,SKU-APPAREL-03,138,57.31,0,1,5,0
2025-12-29,Store-South-03,SKU-APPAREL-03,0,57.31,0,0,5,1
2025-12-30,Store-South-03,SKU-APPAREL-03,104,57.31,0,0,5,0
2025-12-31,Store-South-03,SKU-APPAREL-03,110,57.31,0,0,5,0
2024-01-01,Store-South-03,SKU-FMCG-04,65,53.21,0,0,8,0
2024-01-02,Store-South-03,SKU-FMCG-04,61,53.21,0,0,8,0
2024-01-03,Store-South-03,SKU-FMCG-04,59,53.21,0,0,8,0
2024-01-04,Store-South-03,SKU-FMCG-04,78,53.21,0,0,8,0
2024-01-05,Store-South-03,SKU-FMCG-04,66,53.21,0,0,8,0
2024-01-06,Store-South-03,SKU-FMCG-04,101,53.21,0,1,8,0
2024-01-07,Store-South-03,SKU-FMCG-04,110,53.21,0,1,8,0
2024-01-08,Store-South-03,SKU-FMCG-04,61,53.21,0,0,8,0
2024-01-09,Store-South-03,SKU-FMCG-04,90,53.21,0,0,8,0
2024-01-10,Store-South-03,SKU-FMCG-04,70,53.21,0,0,8,0
2024-01-11,Store-South-03,SKU-FMCG-04,151,45.23,1,0,8,0
2024-01-12,Store-South-03,SKU-FMCG-04,68,53.21,0,0,8,0
2024-01-13,Store-South-03,SKU-FMCG-04,96,53.21,0,1,8,0
2024-01-14,Store-South-03,SKU-FMCG-04,108,53.21,0,1,8,0
2024-01-15,Store-South-03,SKU-FMCG-04,78,53.21,0,0,8,0
2024-01-16,Store-South-03,SKU-FMCG-04,84,53.21,0,0,8,0
2024-01-17,Store-South-03,SKU-FMCG-04,89,53.21,0,0,8,0
2024-01-18,Store-South-03,SKU-FMCG-04,93,53.21,0,0,8,0
2024-01-19,Store-South-03,SKU-FMCG-04,74,53.21,0,0,8,0
2024-01-20,Store-South-03,SKU-FMCG-04,111,53.21,0,1,8,0
2024-01-21,Store-South-03,SKU-FMCG-04,98,53.21,0,1,8,0
2024-01-22,Store-South-03,SKU-FMCG-04,82,53.21,0,0,8,0
2024-01-23,Store-South-03,SKU-FMCG-04,88,53.21,0,0,8,0
2024-01-24,Store-South-03,SKU-FMCG-04,69,53.21,0,0,8,0
2024-01-25,Store-South-03,SKU-FMCG-04,84,53.21,0,0,8,0
2024-01-26,Store-South-03,SKU-FMCG-04,97,53.21,0,0,8,0
2024-01-27,Store-South-03,SKU-FMCG-04,181,45.23,1,1,8,0
2024-01-28,Store-South-03,SKU-FMCG-04,109,53.21,0,1,8,0
2024-01-29,Store-South-03,SKU-FMCG-04,137,45.23,1,0,8,0
2024-01-30,Store-South-03,SKU-FMCG-04,84,53.21,0,0,8,0
2024-01-31,Store-South-03,SKU-FMCG-04,84,53.21,0,0,8,0
2024-02-01,Store-South-03,SKU-FMCG-04,81,53.21,0,0,8,0
2024-02-02,Store-South-03,SKU-FMCG-04,92,53.21,0,0,8,0
2024-02-03,Store-South-03,SKU-FMCG-04,117,53.21,0,1,8,0
2024-02-04,Store-South-03,SKU-FMCG-04,104,53.21,0,1,8,0
2024-02-05,Store-South-03,SKU-FMCG-04,76,53.21,0,0,8,0
2024-02-06,Store-South-03,SKU-FMCG-04,83,53.21,0,0,8,0
2024-02-07,Store-South-03,SKU-FMCG-04,0,53.21,0,0,8,1
2024-02-08,Store-South-03,SKU-FMCG-04,143,45.23,1,0,8,0
2024-02-09,Store-South-03,SKU-FMCG-04,79,53.21,0,0,8,0
2024-02-10,Store-South-03,SKU-FMCG-04,126,53.21,0,1,8,0
2024-02-11,Store-South-03,SKU-FMCG-04,129,53.21,0,1,8,0
2024-02-12,Store-South-03,SKU-FMCG-04,82,53.21,0,0,8,0
2024-02-13,Store-South-03,SKU-FMCG-04,139,45.23,1,0,8,0
2024-02-14,Store-South-03,SKU-FMCG-04,92,53.21,0,0,8,0
2024-02-15,Store-South-03,SKU-FMCG-04,96,53.21,0,0,8,0
2024-02-16,Store-South-03,SKU-FMCG-04,168,45.23,1,0,8,0
2024-02-17,Store-South-03,SKU-FMCG-04,124,53.21,0,1,8,0
2024-02-18,Store-South-03,SKU-FMCG-04,120,53.21,0,1,8,0
2024-02-19,Store-South-03,SKU-FMCG-04,110,53.21,0,0,8,0
2024-02-20,Store-South-03,SKU-FMCG-04,97,53.21,0,0,8,0
2024-02-21,Store-South-03,SKU-FMCG-04,86,53.21,0,0,8,0
2024-02-22,Store-South-03,SKU-FMCG-04,90,53.21,0,0,8,0
2024-02-23,Store-South-03,SKU-FMCG-04,73,53.21,0,0,8,0
2024-02-24,Store-South-03,SKU-FMCG-04,137,53.21,0,1,8,0
2024-02-25,Store-South-03,SKU-FMCG-04,248,45.23,1,1,8,0
2024-02-26,Store-South-03,SKU-FMCG-04,96,53.21,0,0,8,0
2024-02-27,Store-South-03,SKU-FMCG-04,142,45.23,1,0,8,0
2024-02-28,Store-South-03,SKU-FMCG-04,95,53.21,0,0,8,0
2024-02-29,Store-South-03,SKU-FMCG-04,86,53.21,0,0,8,0
2024-03-01,Store-South-03,SKU-FMCG-04,84,53.21,0,0,8,0
2024-03-02,Store-South-03,SKU-FMCG-04,115,53.21,0,1,8,0
2024-03-03,Store-South-03,SKU-FMCG-04,144,53.21,0,1,8,0
2024-03-04,Store-South-03,SKU-FMCG-04,74,53.21,0,0,8,0
2024-03-05,Store-South-03,SKU-FMCG-04,105,53.21,0,0,8,0
2024-03-06,Store-South-03,SKU-FMCG-04,116,53.21,0,0,8,0
2024-03-07,Store-South-03,SKU-FMCG-04,95,53.21,0,0,8,0
2024-03-08,Store-South-03,SKU-FMCG-04,97,53.21,0,0,8,0
2024-03-09,Store-South-03,SKU-FMCG-04,0,53.21,0,1,8,1
2024-03-10,Store-South-03,SKU-FMCG-04,124,53.21,0,1,8,0
2024-03-11,Store-South-03,SKU-FMCG-04,117,53.21,0,0,8,0
2024-03-12,Store-South-03,SKU-FMCG-04,90,53.21,0,0,8,0
2024-03-13,Store-South-03,SKU-FMCG-04,121,53.21,0,0,8,0
2024-03-14,Store-South-03,SKU-FMCG-04,99,53.21,0,0,8,0
2024-03-15,Store-South-03,SKU-FMCG-04,110,53.21,0,0,8,0
2024-03-16,Store-South-03,SKU-FMCG-04,126,53.21,0,1,8,0
2024-03-17,Store-South-03,SKU-FMCG-04,137,53.21,0,1,8,0
2024-03-18,Store-South-03,SKU-FMCG-04,94,53.21,0,0,8,0
2024-03-19,Store-South-03,SKU-FMCG-04,100,53.21,0,0,8,0
2024-03-20,Store-South-03,SKU-FMCG-04,129,53.21,0,0,8,0
2024-03-21,Store-South-03,SKU-FMCG-04,115,53.21,0,0,8,0
2024-03-22,Store-South-03,SKU-FMCG-04,96,53.21,0,0,8,0
2024-03-23,Store-South-03,SKU-FMCG-04,148,53.21,0,1,8,0
2024-03-24,Store-South-03,SKU-FMCG-04,126,53.21,0,1,8,0
2024-03-25,Store-South-03,SKU-FMCG-04,98,53.21,0,0,8,0
2024-03-26,Store-South-03,SKU-FMCG-04,104,53.21,0,0,8,0
2024-03-27,Store-South-03,SKU-FMCG-04,102,53.21,0,0,8,0
2024-03-28,Store-South-03,SKU-FMCG-04,174,45.23,1,0,8,0
2024-03-29,Store-South-03,SKU-FMCG-04,124,53.21,0,0,8,0
2024-03-30,Store-South-03,SKU-FMCG-04,134,53.21,0,1,8,0
2024-03-31,Store-South-03,SKU-FMCG-04,158,53.21,0,1,8,0
2024-04-01,Store-South-03,SKU-FMCG-04,112,53.21,0,0,8,0
2024-04-02,Store-South-03,SKU-FMCG-04,125,53.21,0,0,8,0
2024-04-03,Store-South-03,SKU-FMCG-04,197,45.23,1,0,8,0
2024-04-04,Store-South-03,SKU-FMCG-04,99,53.21,0,0,8,0
2024-04-05,Store-South-03,SKU-FMCG-04,86,53.21,0,0,8,0
2024-04-06,Store-South-03,SKU-FMCG-04,267,45.23,1,1,8,0
2024-04-07,Store-South-03,SKU-FMCG-04,157,53.21,0,1,8,0
2024-04-08,Store-South-03,SKU-FMCG-04,117,53.21,0,0,8,0
2024-04-09,Store-South-03,SKU-FMCG-04,92,53.21,0,0,8,0
2024-04-10,Store-South-03,SKU-FMCG-04,110,53.21,0,0,8,0
2024-04-11,Store-South-03,SKU-FMCG-04,0,53.21,0,0,8,1
2024-04-12,Store-South-03,SKU-FMCG-04,103,53.21,0,0,8,0
2024-04-13,Store-South-03,SKU-FMCG-04,244,45.23,1,1,8,0
2024-04-14,Store-South-03,SKU-FMCG-04,156,53.21,0,1,8,0
2024-04-15,Store-South-03,SKU-FMCG-04,106,53.21,0,0,8,0
2024-04-16,Store-South-03,SKU-FMCG-04,105,53.21,0,0,8,0
2024-04-17,Store-South-03,SKU-FMCG-04,0,53.21,0,0,8,1
2024-04-18,Store-South-03,SKU-FMCG-04,0,53.21,0,0,8,1
2024-04-19,Store-South-03,SKU-FMCG-04,146,53.21,0,0,8,0
2024-04-20,Store-South-03,SKU-FMCG-04,171,53.21,0,1,8,0
2024-04-21,Store-South-03,SKU-FMCG-04,107,53.21,0,1,8,0
2024-04-22,Store-South-03,SKU-FMCG-04,107,53.21,0,0,8,0
2024-04-23,Store-South-03,SKU-FMCG-04,105,53.21,0,0,8,0
2024-04-24,Store-South-03,SKU-FMCG-04,122,53.21,0,0,8,0
2024-04-25,Store-South-03,SKU-FMCG-04,107,53.21,0,0,8,0
2024-04-26,Store-South-03,SKU-FMCG-04,191,45.23,1,0,8,0
2024-04-27,Store-South-03,SKU-FMCG-04,150,53.21,0,1,8,0
2024-04-28,Store-South-03,SKU-FMCG-04,168,53.21,0,1,8,0
2024-04-29,Store-South-03,SKU-FMCG-04,132,53.21,0,0,8,0
2024-04-30,Store-South-03,SKU-FMCG-04,101,53.21,0,0,8,0
2024-05-01,Store-South-03,SKU-FMCG-04,97,53.21,0,0,8,0
2024-05-02,Store-South-03,SKU-FMCG-04,123,53.21,0,0,8,0
2024-05-03,Store-South-03,SKU-FMCG-04,0,53.21,0,0,8,1
2024-05-04,Store-South-03,SKU-FMCG-04,168,53.21,0,1,8,0
2024-05-05,Store-South-03,SKU-FMCG-04,160,53.21,0,1,8,0
2024-05-06,Store-South-03,SKU-FMCG-04,101,53.21,0,0,8,0
2024-05-07,Store-South-03,SKU-FMCG-04,108,53.21,0,0,8,0
2024-05-08,Store-South-03,SKU-FMCG-04,112,53.21,0,0,8,0
2024-05-09,Store-South-03,SKU-FMCG-04,112,53.21,0,0,8,0
2024-05-10,Store-South-03,SKU-FMCG-04,109,53.21,0,0,8,0
2024-05-11,Store-South-03,SKU-FMCG-04,165,53.21,0,1,8,0
2024-05-12,Store-South-03,SKU-FMCG-04,254,45.23,1,1,8,0
2024-05-13,Store-South-03,SKU-FMCG-04,109,53.21,0,0,8,0
2024-05-14,Store-South-03,SKU-FMCG-04,104,53.21,0,0,8,0
2024-05-15,Store-South-03,SKU-FMCG-04,110,53.21,0,0,8,0
2024-05-16,Store-South-03,SKU-FMCG-04,102,53.21,0,0,8,0
2024-05-17,Store-South-03,SKU-FMCG-04,179,45.23,1,0,8,0
2024-05-18,Store-South-03,SKU-FMCG-04,149,53.21,0,1,8,0
2024-05-19,Store-South-03,SKU-FMCG-04,122,53.21,0,1,8,0
2024-05-20,Store-South-03,SKU-FMCG-04,105,53.21,0,0,8,0
2024-05-21,Store-South-03,SKU-FMCG-04,121,53.21,0,0,8,0
2024-05-22,Store-South-03,SKU-FMCG-04,98,53.21,0,0,8,0
2024-05-23,Store-South-03,SKU-FMCG-04,188,45.23,1,0,8,0
2024-05-24,Store-South-03,SKU-FMCG-04,98,53.21,0,0,8,0
2024-05-25,Store-South-03,SKU-FMCG-04,152,53.21,0,1,8,0
2024-05-26,Store-South-03,SKU-FMCG-04,145,53.21,0,1,8,0
2024-05-27,Store-South-03,SKU-FMCG-04,100,53.21,0,0,8,0
2024-05-28,Store-South-03,SKU-FMCG-04,102,53.21,0,0,8,0
2024-05-29,Store-South-03,SKU-FMCG-04,98,53.21,0,0,8,0
2024-05-30,Store-South-03,SKU-FMCG-04,101,53.21,0,0,8,0
2024-05-31,Store-South-03,SKU-FMCG-04,206,45.23,1,0,8,0
2024-06-01,Store-South-03,SKU-FMCG-04,144,53.21,0,1,8,0
2024-06-02,Store-South-03,SKU-FMCG-04,142,53.21,0,1,8,0
2024-06-03,Store-South-03,SKU-FMCG-04,103,53.21,0,0,8,0
2024-06-04,Store-South-03,SKU-FMCG-04,106,53.21,0,0,8,0
2024-06-05,Store-South-03,SKU-FMCG-04,101,53.21,0,0,8,0
2024-06-06,Store-South-03,SKU-FMCG-04,110,53.21,0,0,8,0
2024-06-07,Store-South-03,SKU-FMCG-04,97,53.21,0,0,8,0
2024-06-08,Store-South-03,SKU-FMCG-04,172,53.21,0,1,8,0
2024-06-09,Store-South-03,SKU-FMCG-04,130,53.21,0,1,8,0
2024-06-10,Store-South-03,SKU-FMCG-04,89,53.21,0,0,8,0
2024-06-11,Store-South-03,SKU-FMCG-04,75,53.21,0,0,8,0
2024-06-12,Store-South-03,SKU-FMCG-04,105,53.21,0,0,8,0
2024-06-13,Store-South-03,SKU-FMCG-04,99,53.21,0,0,8,0
2024-06-14,Store-South-03,SKU-FMCG-04,189,45.23,1,0,8,0
2024-06-15,Store-South-03,SKU-FMCG-04,129,53.21,0,1,8,0
2024-06-16,Store-South-03,SKU-FMCG-04,252,45.23,1,1,8,0
2024-06-17,Store-South-03,SKU-FMCG-04,184,45.23,1,0,8,0
2024-06-18,Store-South-03,SKU-FMCG-04,86,53.21,0,0,8,0
2024-06-19,Store-South-03,SKU-FMCG-04,111,53.21,0,0,8,0
2024-06-20,Store-South-03,SKU-FMCG-04,112,53.21,0,0,8,0
2024-06-21,Store-South-03,SKU-FMCG-04,101,53.21,0,0,8,0
2024-06-22,Store-South-03,SKU-FMCG-04,0,53.21,0,1,8,1
2024-06-23,Store-South-03,SKU-FMCG-04,136,53.21,0,1,8,0
2024-06-24,Store-South-03,SKU-FMCG-04,93,53.21,0,0,8,0
2024-06-25,Store-South-03,SKU-FMCG-04,100,53.21,0,0,8,0
2024-06-26,Store-South-03,SKU-FMCG-04,101,53.21,0,0,8,0
2024-06-27,Store-South-03,SKU-FMCG-04,92,53.21,0,0,8,0
2024-06-28,Store-South-03,SKU-FMCG-04,93,53.21,0,0,8,0
2024-06-29,Store-South-03,SKU-FMCG-04,103,53.21,0,1,8,0
2024-06-30,Store-South-03,SKU-FMCG-04,120,53.21,0,1,8,0
2024-07-01,Store-South-03,SKU-FMCG-04,91,53.21,0,0,8,0
2024-07-02,Store-South-03,SKU-FMCG-04,113,53.21,0,0,8,0
2024-07-03,Store-South-03,SKU-FMCG-04,102,53.21,0,0,8,0
2024-07-04,Store-South-03,SKU-FMCG-04,80,53.21,0,0,8,0
2024-07-05,Store-South-03,SKU-FMCG-04,102,53.21,0,0,8,0
2024-07-06,Store-South-03,SKU-FMCG-04,130,53.21,0,1,8,0
2024-07-07,Store-South-03,SKU-FMCG-04,115,53.21,0,1,8,0
2024-07-08,Store-South-03,SKU-FMCG-04,91,53.21,0,0,8,0
2024-07-09,Store-South-03,SKU-FMCG-04,78,53.21,0,0,8,0
2024-07-10,Store-South-03,SKU-FMCG-04,70,53.21,0,0,8,0
2024-07-11,Store-South-03,SKU-FMCG-04,170,45.23,1,0,8,0
2024-07-12,Store-South-03,SKU-FMCG-04,93,53.21,0,0,8,0
2024-07-13,Store-South-03,SKU-FMCG-04,115,53.21,0,1,8,0
2024-07-14,Store-South-03,SKU-FMCG-04,107,53.21,0,1,8,0
2024-07-15,Store-South-03,SKU-FMCG-04,80,53.21,0,0,8,0
2024-07-16,Store-South-03,SKU-FMCG-04,80,53.21,0,0,8,0
2024-07-17,Store-South-03,SKU-FMCG-04,94,53.21,0,0,8,0
2024-07-18,Store-South-03,SKU-FMCG-04,0,53.21,0,0,8,1
2024-07-19,Store-South-03,SKU-FMCG-04,104,53.21,0,0,8,0
2024-07-20,Store-South-03,SKU-FMCG-04,133,53.21,0,1,8,0
2024-07-21,Store-South-03,SKU-FMCG-04,228,45.23,1,1,8,0
2024-07-22,Store-South-03,SKU-FMCG-04,83,53.21,0,0,8,0
2024-07-23,Store-South-03,SKU-FMCG-04,85,53.21,0,0,8,0
2024-07-24,Store-South-03,SKU-FMCG-04,88,53.21,0,0,8,0
2024-07-25,Store-South-03,SKU-FMCG-04,163,45.23,1,0,8,0
2024-07-26,Store-South-03,SKU-FMCG-04,106,53.21,0,0,8,0
2024-07-27,Store-South-03,SKU-FMCG-04,116,53.21,0,1,8,0
2024-07-28,Store-South-03,SKU-FMCG-04,110,53.21,0,1,8,0
2024-07-29,Store-South-03,SKU-FMCG-04,88,53.21,0,0,8,0
2024-07-30,Store-South-03,SKU-FMCG-04,79,53.21,0,0,8,0
2024-07-31,Store-South-03,SKU-FMCG-04,81,53.21,0,0,8,0
2024-08-01,Store-South-03,SKU-FMCG-04,85,53.21,0,0,8,0
2024-08-02,Store-South-03,SKU-FMCG-04,88,53.21,0,0,8,0
2024-08-03,Store-South-03,SKU-FMCG-04,130,53.21,0,1,8,0
2024-08-04,Store-South-03,SKU-FMCG-04,95,53.21,0,1,8,0
2024-08-05,Store-South-03,SKU-FMCG-04,59,53.21,0,0,8,0
2024-08-06,Store-South-03,SKU-FMCG-04,83,53.21,0,0,8,0
2024-08-07,Store-South-03,SKU-FMCG-04,87,53.21,0,0,8,0
2024-08-08,Store-South-03,SKU-FMCG-04,96,53.21,0,0,8,0
2024-08-09,Store-South-03,SKU-FMCG-04,67,53.21,0,0,8,0
2024-08-10,Store-South-03,SKU-FMCG-04,100,53.21,0,1,8,0
2024-08-11,Store-South-03,SKU-FMCG-04,94,53.21,0,1,8,0
2024-08-12,Store-South-03,SKU-FMCG-04,75,53.21,0,0,8,0
2024-08-13,Store-South-03,SKU-FMCG-04,71,53.21,0,0,8,0
2024-08-14,Store-South-03,SKU-FMCG-04,64,53.21,0,0,8,0
2024-08-15,Store-South-03,SKU-FMCG-04,88,53.21,0,0,8,0
2024-08-16,Store-South-03,SKU-FMCG-04,166,45.23,1,0,8,0
2024-08-17,Store-South-03,SKU-FMCG-04,110,53.21,0,1,8,0
2024-08-18,Store-South-03,SKU-FMCG-04,101,53.21,0,1,8,0
2024-08-19,Store-South-03,SKU-FMCG-04,69,53.21,0,0,8,0
2024-08-20,Store-South-03,SKU-FMCG-04,89,53.21,0,0,8,0
2024-08-21,Store-South-03,SKU-FMCG-04,142,45.23,1,0,8,0
2024-08-22,Store-South-03,SKU-FMCG-04,93,53.21,0,0,8,0
2024-08-23,Store-South-03,SKU-FMCG-04,80,53.21,0,0,8,0
2024-08-24,Store-South-03,SKU-FMCG-04,156,45.23,1,1,8,0
2024-08-25,Store-South-03,SKU-FMCG-04,110,53.21,0,1,8,0
2024-08-26,Store-South-03,SKU-FMCG-04,132,45.23,1,0,8,0
2024-08-27,Store-South-03,SKU-FMCG-04,63,53.21,0,0,8,0
2024-08-28,Store-South-03,SKU-FMCG-04,81,53.21,0,0,8,0
2024-08-29,Store-South-03,SKU-FMCG-04,65,53.21,0,0,8,0
2024-08-30,Store-South-03,SKU-FMCG-04,71,53.21,0,0,8,0
2024-08-31,Store-South-03,SKU-FMCG-04,96,53.21,0,1,8,0
2024-09-01,Store-South-03,SKU-FMCG-04,107,53.21,0,1,8,0
2024-09-02,Store-South-03,SKU-FMCG-04,0,53.21,0,0,8,1
2024-09-03,Store-South-03,SKU-FMCG-04,67,53.21,0,0,8,0
2024-09-04,Store-South-03,SKU-FMCG-04,75,53.21,0,0,8,0
2024-09-05,Store-South-03,SKU-FMCG-04,72,53.21,0,0,8,0
2024-09-06,Store-South-03,SKU-FMCG-04,67,53.21,0,0,8,0
2024-09-07,Store-South-03,SKU-FMCG-04,102,53.21,0,1,8,0
2024-09-08,Store-South-03,SKU-FMCG-04,90,53.21,0,1,8,0
2024-09-09,Store-South-03,SKU-FMCG-04,79,53.21,0,0,8,0
2024-09-10,Store-South-03,SKU-FMCG-04,74,53.21,0,0,8,0
2024-09-11,Store-South-03,SKU-FMCG-04,78,53.21,0,0,8,0
2024-09-12,Store-South-03,SKU-FMCG-04,52,53.21,0,0,8,0
2024-09-13,Store-South-03,SKU-FMCG-04,76,53.21,0,0,8,0
2024-09-14,Store-South-03,SKU-FMCG-04,80,53.21,0,1,8,0
2024-09-15,Store-South-03,SKU-FMCG-04,0,53.21,0,1,8,1
2024-09-16,Store-South-03,SKU-FMCG-04,77,53.21,0,0,8,0
2024-09-17,Store-South-03,SKU-FMCG-04,79,53.21,0,0,8,0
2024-09-18,Store-South-03,SKU-FMCG-04,71,53.21,0,0,8,0
2024-09-19,Store-South-03,SKU-FMCG-04,61,53.21,0,0,8,0
2024-09-20,Store-South-03,SKU-FMCG-04,66,53.21,0,0,8,0
2024-09-21,Store-South-03,SKU-FMCG-04,81,53.21,0,1,8,0
2024-09-22,Store-South-03,SKU-FMCG-04,96,53.21,0,1,8,0
2024-09-23,Store-South-03,SKU-FMCG-04,78,53.21,0,0,8,0
2024-09-24,Store-South-03,SKU-FMCG-04,69,53.21,0,0,8,0
2024-09-25,Store-South-03,SKU-FMCG-04,72,53.21,0,0,8,0
2024-09-26,Store-South-03,SKU-FMCG-04,68,53.21,0,0,8,0
2024-09-27,Store-South-03,SKU-FMCG-04,72,53.21,0,0,8,0
2024-09-28,Store-South-03,SKU-FMCG-04,96,53.21,0,1,8,0
2024-09-29,Store-South-03,SKU-FMCG-04,103,53.21,0,1,8,0
2024-09-30,Store-South-03,SKU-FMCG-04,88,45.23,1,0,8,0
2024-10-01,Store-South-03,SKU-FMCG-04,50,53.21,0,0,8,0
2024-10-02,Store-South-03,SKU-FMCG-04,72,53.21,0,0,8,0
2024-10-03,Store-South-03,SKU-FMCG-04,78,53.21,0,0,8,0
2024-10-04,Store-South-03,SKU-FMCG-04,52,53.21,0,0,8,0
2024-10-05,Store-South-03,SKU-FMCG-04,70,53.21,0,1,8,0
2024-10-06,Store-South-03,SKU-FMCG-04,69,53.21,0,1,8,0
2024-10-07,Store-South-03,SKU-FMCG-04,74,53.21,0,0,8,0
2024-10-08,Store-South-03,SKU-FMCG-04,54,53.21,0,0,8,0
2024-10-09,Store-South-03,SKU-FMCG-04,78,53.21,0,0,8,0
2024-10-10,Store-South-03,SKU-FMCG-04,57,53.21,0,0,8,0
2024-10-11,Store-South-03,SKU-FMCG-04,57,53.21,0,0,8,0
2024-10-12,Store-South-03,SKU-FMCG-04,77,53.21,0,1,8,0
2024-10-13,Store-South-03,SKU-FMCG-04,78,53.21,0,1,8,0
2024-10-14,Store-South-03,SKU-FMCG-04,52,53.21,0,0,8,0
2024-10-15,Store-South-03,SKU-FMCG-04,61,53.21,0,0,8,0
2024-10-16,Store-South-03,SKU-FMCG-04,65,53.21,0,0,8,0
2024-10-17,Store-South-03,SKU-FMCG-04,66,53.21,0,0,8,0
2024-10-18,Store-South-03,SKU-FMCG-04,57,53.21,0,0,8,0
2024-10-19,Store-South-03,SKU-FMCG-04,93,53.21,0,1,8,0
2024-10-20,Store-South-03,SKU-FMCG-04,131,45.23,1,1,8,0
2024-10-21,Store-South-03,SKU-FMCG-04,69,53.21,0,0,8,0
2024-10-22,Store-South-03,SKU-FMCG-04,56,53.21,0,0,8,0
2024-10-23,Store-South-03,SKU-FMCG-04,57,53.21,0,0,8,0
2024-10-24,Store-South-03,SKU-FMCG-04,52,53.21,0,0,8,0
2024-10-25,Store-South-03,SKU-FMCG-04,54,53.21,0,0,8,0
2024-10-26,Store-South-03,SKU-FMCG-04,79,53.21,0,1,8,0
2024-10-27,Store-South-03,SKU-FMCG-04,72,53.21,0,1,8,0
2024-10-28,Store-South-03,SKU-FMCG-04,46,53.21,0,0,8,0
2024-10-29,Store-South-03,SKU-FMCG-04,71,53.21,0,0,8,0
2024-10-30,Store-South-03,SKU-FMCG-04,66,53.21,0,0,8,0
2024-10-31,Store-South-03,SKU-FMCG-04,57,53.21,0,0,8,0
2024-11-01,Store-South-03,SKU-FMCG-04,71,53.21,0,0,8,0
2024-11-02,Store-South-03,SKU-FMCG-04,83,53.21,0,1,8,0
2024-11-03,Store-South-03,SKU-FMCG-04,91,53.21,0,1,8,0
2024-11-04,Store-South-03,SKU-FMCG-04,62,53.21,0,0,8,0
2024-11-05,Store-South-03,SKU-FMCG-04,0,53.21,0,0,8,1
2024-11-06,Store-South-03,SKU-FMCG-04,0,53.21,0,0,8,1
2024-11-07,Store-South-03,SKU-FMCG-04,51,53.21,0,0,8,0
2024-11-08,Store-South-03,SKU-FMCG-04,59,53.21,0,0,8,0
2024-11-09,Store-South-03,SKU-FMCG-04,88,53.21,0,1,8,0
2024-11-10,Store-South-03,SKU-FMCG-04,81,53.21,0,1,8,0
2024-11-11,Store-South-03,SKU-FMCG-04,59,53.21,0,0,8,0
2024-11-12,Store-South-03,SKU-FMCG-04,47,53.21,0,0,8,0
2024-11-13,Store-South-03,SKU-FMCG-04,52,53.21,0,0,8,0
2024-11-14,Store-South-03,SKU-FMCG-04,55,53.21,0,0,8,0
2024-11-15,Store-South-03,SKU-FMCG-04,65,53.21,0,0,8,0
2024-11-16,Store-South-03,SKU-FMCG-04,75,53.21,0,1,8,0
2024-11-17,Store-South-03,SKU-FMCG-04,80,53.21,0,1,8,0
2024-11-18,Store-South-03,SKU-FMCG-04,66,53.21,0,0,8,0
2024-11-19,Store-South-03,SKU-FMCG-04,64,53.21,0,0,8,0
2024-11-20,Store-South-03,SKU-FMCG-04,54,53.21,0,0,8,0
2024-11-21,Store-South-03,SKU-FMCG-04,53,53.21,0,0,8,0
2024-11-22,Store-South-03,SKU-FMCG-04,52,53.21,0,0,8,0
2024-11-23,Store-South-03,SKU-FMCG-04,99,53.21,0,1,8,0
2024-11-24,Store-South-03,SKU-FMCG-04,79,53.21,0,1,8,0
2024-11-25,Store-South-03,SKU-FMCG-04,59,53.21,0,0,8,0
2024-11-26,Store-South-03,SKU-FMCG-04,47,53.21,0,0,8,0
2024-11-27,Store-South-03,SKU-FMCG-04,53,53.21,0,0,8,0
2024-11-28,Store-South-03,SKU-FMCG-04,68,53.21,0,0,8,0
2024-11-29,Store-South-03,SKU-FMCG-04,91,45.23,1,0,8,0
2024-11-30,Store-South-03,SKU-FMCG-04,72,53.21,0,1,8,0
2024-12-01,Store-South-03,SKU-FMCG-04,91,53.21,0,1,8,0
2024-12-02,Store-South-03,SKU-FMCG-04,57,53.21,0,0,8,0
2024-12-03,Store-South-03,SKU-FMCG-04,62,53.21,0,0,8,0
2024-12-04,Store-South-03,SKU-FMCG-04,54,53.21,0,0,8,0
2024-12-05,Store-South-03,SKU-FMCG-04,116,45.23,1,0,8,0
2024-12-06,Store-South-03,SKU-FMCG-04,69,53.21,0,0,8,0
2024-12-07,Store-South-03,SKU-FMCG-04,104,53.21,0,1,8,0
2024-12-08,Store-South-03,SKU-FMCG-04,83,53.21,0,1,8,0
2024-12-09,Store-South-03,SKU-FMCG-04,64,53.21,0,0,8,0
2024-12-10,Store-South-03,SKU-FMCG-04,56,53.21,0,0,8,0
2024-12-11,Store-South-03,SKU-FMCG-04,60,53.21,0,0,8,0
2024-12-12,Store-South-03,SKU-FMCG-04,63,53.21,0,0,8,0
2024-12-13,Store-South-03,SKU-FMCG-04,69,53.21,0,0,8,0
2024-12-14,Store-South-03,SKU-FMCG-04,107,53.21,0,1,8,0
2024-12-15,Store-South-03,SKU-FMCG-04,84,53.21,0,1,8,0
2024-12-16,Store-South-03,SKU-FMCG-04,78,53.21,0,0,8,0
2024-12-17,Store-South-03,SKU-FMCG-04,78,53.21,0,0,8,0
2024-12-18,Store-South-03,SKU-FMCG-04,55,53.21,0,0,8,0
2024-12-19,Store-South-03,SKU-FMCG-04,72,53.21,0,0,8,0
2024-12-20,Store-South-03,SKU-FMCG-04,73,53.21,0,0,8,0
2024-12-21,Store-South-03,SKU-FMCG-04,90,53.21,0,1,8,0
2024-12-22,Store-South-03,SKU-FMCG-04,0,53.21,0,1,8,1
2024-12-23,Store-South-03,SKU-FMCG-04,0,53.21,0,0,8,1
2024-12-24,Store-South-03,SKU-FMCG-04,82,53.21,0,0,8,0
2024-12-25,Store-South-03,SKU-FMCG-04,70,53.21,0,0,8,0
2024-12-26,Store-South-03,SKU-FMCG-04,47,53.21,0,0,8,0
2024-12-27,Store-South-03,SKU-FMCG-04,72,53.21,0,0,8,0
2024-12-28,Store-South-03,SKU-FMCG-04,146,45.23,1,1,8,0
2024-12-29,Store-South-03,SKU-FMCG-04,115,53.21,0,1,8,0
2024-12-30,Store-South-03,SKU-FMCG-04,139,45.23,1,0,8,0
2024-12-31,Store-South-03,SKU-FMCG-04,61,53.21,0,0,8,0
2025-01-01,Store-South-03,SKU-FMCG-04,61,53.21,0,0,8,0
2025-01-02,Store-South-03,SKU-FMCG-04,78,53.21,0,0,8,0
2025-01-03,Store-South-03,SKU-FMCG-04,76,53.21,0,0,8,0
2025-01-04,Store-South-03,SKU-FMCG-04,192,45.23,1,1,8,0
2025-01-05,Store-South-03,SKU-FMCG-04,97,53.21,0,1,8,0
2025-01-06,Store-South-03,SKU-FMCG-04,60,53.21,0,0,8,0
2025-01-07,Store-South-03,SKU-FMCG-04,71,53.21,0,0,8,0
2025-01-08,Store-South-03,SKU-FMCG-04,62,53.21,0,0,8,0
2025-01-09,Store-South-03,SKU-FMCG-04,71,53.21,0,0,8,0
2025-01-10,Store-South-03,SKU-FMCG-04,68,53.21,0,0,8,0
2025-01-11,Store-South-03,SKU-FMCG-04,106,53.21,0,1,8,0
2025-01-12,Store-South-03,SKU-FMCG-04,86,53.21,0,1,8,0
2025-01-13,Store-South-03,SKU-FMCG-04,70,53.21,0,0,8,0
2025-01-14,Store-South-03,SKU-FMCG-04,90,53.21,0,0,8,0
2025-01-15,Store-South-03,SKU-FMCG-04,133,45.23,1,0,8,0
2025-01-16,Store-South-03,SKU-FMCG-04,89,53.21,0,0,8,0
2025-01-17,Store-South-03,SKU-FMCG-04,74,53.21,0,0,8,0
2025-01-18,Store-South-03,SKU-FMCG-04,102,53.21,0,1,8,0
2025-01-19,Store-South-03,SKU-FMCG-04,87,53.21,0,1,8,0
2025-01-20,Store-South-03,SKU-FMCG-04,68,53.21,0,0,8,0
2025-01-21,Store-South-03,SKU-FMCG-04,124,45.23,1,0,8,0
2025-01-22,Store-South-03,SKU-FMCG-04,75,53.21,0,0,8,0
2025-01-23,Store-South-03,SKU-FMCG-04,90,53.21,0,0,8,0
2025-01-24,Store-South-03,SKU-FMCG-04,81,53.21,0,0,8,0
2025-01-25,Store-South-03,SKU-FMCG-04,184,45.23,1,1,8,0
2025-01-26,Store-South-03,SKU-FMCG-04,119,53.21,0,1,8,0
2025-01-27,Store-South-03,SKU-FMCG-04,77,53.21,0,0,8,0
2025-01-28,Store-South-03,SKU-FMCG-04,0,53.21,0,0,8,1
2025-01-29,Store-South-03,SKU-FMCG-04,157,45.23,1,0,8,0
2025-01-30,Store-South-03,SKU-FMCG-04,85,53.21,0,0,8,0
2025-01-31,Store-South-03,SKU-FMCG-04,78,53.21,0,0,8,0
2025-02-01,Store-South-03,SKU-FMCG-04,132,53.21,0,1,8,0
2025-02-02,Store-South-03,SKU-FMCG-04,106,53.21,0,1,8,0
2025-02-03,Store-South-03,SKU-FMCG-04,142,45.23,1,0,8,0
2025-02-04,Store-South-03,SKU-FMCG-04,160,45.23,1,0,8,0
2025-02-05,Store-South-03,SKU-FMCG-04,93,53.21,0,0,8,0
2025-02-06,Store-South-03,SKU-FMCG-04,90,53.21,0,0,8,0
2025-02-07,Store-South-03,SKU-FMCG-04,76,53.21,0,0,8,0
2025-02-08,Store-South-03,SKU-FMCG-04,213,45.23,1,1,8,0
2025-02-09,Store-South-03,SKU-FMCG-04,124,53.21,0,1,8,0
2025-02-10,Store-South-03,SKU-FMCG-04,81,53.21,0,0,8,0
2025-02-11,Store-South-03,SKU-FMCG-04,88,53.21,0,0,8,0
2025-02-12,Store-South-03,SKU-FMCG-04,67,53.21,0,0,8,0
2025-02-13,Store-South-03,SKU-FMCG-04,84,53.21,0,0,8,0
2025-02-14,Store-South-03,SKU-FMCG-04,105,53.21,0,0,8,0
2025-02-15,Store-South-03,SKU-FMCG-04,201,45.23,1,1,8,0
2025-02-16,Store-South-03,SKU-FMCG-04,143,53.21,0,1,8,0
2025-02-17,Store-South-03,SKU-FMCG-04,93,53.21,0,0,8,0
2025-02-18,Store-South-03,SKU-FMCG-04,85,53.21,0,0,8,0
2025-02-19,Store-South-03,SKU-FMCG-04,76,53.21,0,0,8,0
2025-02-20,Store-South-03,SKU-FMCG-04,101,53.21,0,0,8,0
2025-02-21,Store-South-03,SKU-FMCG-04,103,53.21,0,0,8,0
2025-02-22,Store-South-03,SKU-FMCG-04,131,53.21,0,1,8,0
2025-02-23,Store-South-03,SKU-FMCG-04,132,53.21,0,1,8,0
2025-02-24,Store-South-03,SKU-FMCG-04,85,53.21,0,0,8,0
2025-02-25,Store-South-03,SKU-FMCG-04,91,53.21,0,0,8,0
2025-02-26,Store-South-03,SKU-FMCG-04,103,53.21,0,0,8,0
2025-02-27,Store-South-03,SKU-FMCG-04,93,53.21,0,0,8,0
2025-02-28,Store-South-03,SKU-FMCG-04,110,53.21,0,0,8,0
2025-03-01,Store-South-03,SKU-FMCG-04,129,53.21,0,1,8,0
2025-03-02,Store-South-03,SKU-FMCG-04,124,53.21,0,1,8,0
2025-03-03,Store-South-03,SKU-FMCG-04,155,45.23,1,0,8,0
2025-03-04,Store-South-03,SKU-FMCG-04,82,53.21,0,0,8,0
2025-03-05,Store-South-03,SKU-FMCG-04,83,53.21,0,0,8,0
2025-03-06,Store-South-03,SKU-FMCG-04,87,53.21,0,0,8,0
2025-03-07,Store-South-03,SKU-FMCG-04,101,53.21,0,0,8,0
2025-03-08,Store-South-03,SKU-FMCG-04,149,53.21,0,1,8,0
2025-03-09,Store-South-03,SKU-FMCG-04,133,53.21,0,1,8,0
2025-03-10,Store-South-03,SKU-FMCG-04,119,53.21,0,0,8,0
2025-03-11,Store-South-03,SKU-FMCG-04,182,45.23,1,0,8,0
2025-03-12,Store-South-03,SKU-FMCG-04,103,53.21,0,0,8,0
2025-03-13,Store-South-03,SKU-FMCG-04,94,53.21,0,0,8,0
2025-03-14,Store-South-03,SKU-FMCG-04,88,53.21,0,0,8,0
2025-03-15,Store-South-03,SKU-FMCG-04,118,53.21,0,1,8,0
2025-03-16,Store-South-03,SKU-FMCG-04,0,53.21,0,1,8,1
2025-03-17,Store-South-03,SKU-FMCG-04,105,53.21,0,0,8,0
2025-03-18,Store-South-03,SKU-FMCG-04,97,53.21,0,0,8,0
2025-03-19,Store-South-03,SKU-FMCG-04,93,53.21,0,0,8,0
2025-03-20,Store-South-03,SKU-FMCG-04,101,53.21,0,0,8,0
2025-03-21,Store-South-03,SKU-FMCG-04,106,53.21,0,0,8,0
2025-03-22,Store-South-03,SKU-FMCG-04,119,53.21,0,1,8,0
2025-03-23,Store-South-03,SKU-FMCG-04,134,53.21,0,1,8,0
2025-03-24,Store-South-03,SKU-FMCG-04,115,53.21,0,0,8,0
2025-03-25,Store-South-03,SKU-FMCG-04,124,53.21,0,0,8,0
2025-03-26,Store-South-03,SKU-FMCG-04,98,53.21,0,0,8,0
2025-03-27,Store-South-03,SKU-FMCG-04,91,53.21,0,0,8,0
2025-03-28,Store-South-03,SKU-FMCG-04,113,53.21,0,0,8,0
2025-03-29,Store-South-03,SKU-FMCG-04,124,53.21,0,1,8,0
2025-03-30,Store-South-03,SKU-FMCG-04,150,53.21,0,1,8,0
2025-03-31,Store-South-03,SKU-FMCG-04,95,53.21,0,0,8,0
2025-04-01,Store-South-03,SKU-FMCG-04,112,53.21,0,0,8,0
2025-04-02,Store-South-03,SKU-FMCG-04,107,53.21,0,0,8,0
2025-04-03,Store-South-03,SKU-FMCG-04,100,53.21,0,0,8,0
2025-04-04,Store-South-03,SKU-FMCG-04,114,53.21,0,0,8,0
2025-04-05,Store-South-03,SKU-FMCG-04,117,53.21,0,1,8,0
2025-04-06,Store-South-03,SKU-FMCG-04,261,45.23,1,1,8,0
2025-04-07,Store-South-03,SKU-FMCG-04,111,53.21,0,0,8,0
2025-04-08,Store-South-03,SKU-FMCG-04,0,53.21,0,0,8,1
2025-04-09,Store-South-03,SKU-FMCG-04,0,53.21,0,0,8,1
2025-04-10,Store-South-03,SKU-FMCG-04,101,53.21,0,0,8,0
2025-04-11,Store-South-03,SKU-FMCG-04,88,53.21,0,0,8,0
2025-04-12,Store-South-03,SKU-FMCG-04,129,53.21,0,1,8,0
2025-04-13,Store-South-03,SKU-FMCG-04,253,45.23,1,1,8,0
2025-04-14,Store-South-03,SKU-FMCG-04,109,53.21,0,0,8,0
2025-04-15,Store-South-03,SKU-FMCG-04,136,53.21,0,0,8,0
2025-04-16,Store-South-03,SKU-FMCG-04,96,53.21,0,0,8,0
2025-04-17,Store-South-03,SKU-FMCG-04,110,53.21,0,0,8,0
2025-04-18,Store-South-03,SKU-FMCG-04,112,53.21,0,0,8,0
2025-04-19,Store-South-03,SKU-FMCG-04,171,53.21,0,1,8,0
2025-04-20,Store-South-03,SKU-FMCG-04,149,53.21,0,1,8,0
2025-04-21,Store-South-03,SKU-FMCG-04,111,53.21,0,0,8,0
2025-04-22,Store-South-03,SKU-FMCG-04,92,53.21,0,0,8,0
2025-04-23,Store-South-03,SKU-FMCG-04,104,53.21,0,0,8,0
2025-04-24,Store-South-03,SKU-FMCG-04,104,53.21,0,0,8,0
2025-04-25,Store-South-03,SKU-FMCG-04,116,53.21,0,0,8,0
2025-04-26,Store-South-03,SKU-FMCG-04,137,53.21,0,1,8,0
2025-04-27,Store-South-03,SKU-FMCG-04,144,53.21,0,1,8,0
2025-04-28,Store-South-03,SKU-FMCG-04,103,53.21,0,0,8,0
2025-04-29,Store-South-03,SKU-FMCG-04,113,53.21,0,0,8,0
2025-04-30,Store-South-03,SKU-FMCG-04,104,53.21,0,0,8,0
2025-05-01,Store-South-03,SKU-FMCG-04,119,53.21,0,0,8,0
2025-05-02,Store-South-03,SKU-FMCG-04,104,53.21,0,0,8,0
2025-05-03,Store-South-03,SKU-FMCG-04,156,53.21,0,1,8,0
2025-05-04,Store-South-03,SKU-FMCG-04,166,53.21,0,1,8,0
2025-05-05,Store-South-03,SKU-FMCG-04,114,53.21,0,0,8,0
2025-05-06,Store-South-03,SKU-FMCG-04,110,53.21,0,0,8,0
2025-05-07,Store-South-03,SKU-FMCG-04,123,53.21,0,0,8,0
2025-05-08,Store-South-03,SKU-FMCG-04,121,53.21,0,0,8,0
2025-05-09,Store-South-03,SKU-FMCG-04,109,53.21,0,0,8,0
2025-05-10,Store-South-03,SKU-FMCG-04,142,53.21,0,1,8,0
2025-05-11,Store-South-03,SKU-FMCG-04,138,53.21,0,1,8,0
2025-05-12,Store-South-03,SKU-FMCG-04,116,53.21,0,0,8,0
2025-05-13,Store-South-03,SKU-FMCG-04,111,53.21,0,0,8,0
2025-05-14,Store-South-03,SKU-FMCG-04,127,53.21,0,0,8,0
2025-05-15,Store-South-03,SKU-FMCG-04,126,53.21,0,0,8,0
2025-05-16,Store-South-03,SKU-FMCG-04,108,53.21,0,0,8,0
2025-05-17,Store-South-03,SKU-FMCG-04,144,53.21,0,1,8,0
2025-05-18,Store-South-03,SKU-FMCG-04,129,53.21,0,1,8,0
2025-05-19,Store-South-03,SKU-FMCG-04,175,45.23,1,0,8,0
2025-05-20,Store-South-03,SKU-FMCG-04,0,53.21,0,0,8,1
2025-05-21,Store-South-03,SKU-FMCG-04,110,53.21,0,0,8,0
2025-05-22,Store-South-03,SKU-FMCG-04,105,53.21,0,0,8,0
2025-05-23,Store-South-03,SKU-FMCG-04,112,53.21,0,0,8,0
2025-05-24,Store-South-03,SKU-FMCG-04,149,53.21,0,1,8,0
2025-05-25,Store-South-03,SKU-FMCG-04,126,53.21,0,1,8,0
2025-05-26,Store-South-03,SKU-FMCG-04,101,53.21,0,0,8,0
2025-05-27,Store-South-03,SKU-FMCG-04,94,53.21,0,0,8,0
2025-05-28,Store-South-03,SKU-FMCG-04,110,53.21,0,0,8,0
2025-05-29,Store-South-03,SKU-FMCG-04,96,53.21,0,0,8,0
2025-05-30,Store-South-03,SKU-FMCG-04,114,53.21,0,0,8,0
2025-05-31,Store-South-03,SKU-FMCG-04,158,53.21,0,1,8,0
2025-06-01,Store-South-03,SKU-FMCG-04,145,53.21,0,1,8,0
2025-06-02,Store-South-03,SKU-FMCG-04,99,53.21,0,0,8,0
2025-06-03,Store-South-03,SKU-FMCG-04,101,53.21,0,0,8,0
2025-06-04,Store-South-03,SKU-FMCG-04,97,53.21,0,0,8,0
2025-06-05,Store-South-03,SKU-FMCG-04,109,53.21,0,0,8,0
2025-06-06,Store-South-03,SKU-FMCG-04,106,53.21,0,0,8,0
2025-06-07,Store-South-03,SKU-FMCG-04,144,53.21,0,1,8,0
2025-06-08,Store-South-03,SKU-FMCG-04,265,45.23,1,1,8,0
2025-06-09,Store-South-03,SKU-FMCG-04,102,53.21,0,0,8,0
2025-06-10,Store-South-03,SKU-FMCG-04,101,53.21,0,0,8,0
2025-06-11,Store-South-03,SKU-FMCG-04,113,53.21,0,0,8,0
2025-06-12,Store-South-03,SKU-FMCG-04,101,53.21,0,0,8,0
2025-06-13,Store-South-03,SKU-FMCG-04,106,53.21,0,0,8,0
2025-06-14,Store-South-03,SKU-FMCG-04,163,53.21,0,1,8,0
2025-06-15,Store-South-03,SKU-FMCG-04,146,53.21,0,1,8,0
2025-06-16,Store-South-03,SKU-FMCG-04,102,53.21,0,0,8,0
2025-06-17,Store-South-03,SKU-FMCG-04,186,45.23,1,0,8,0
2025-06-18,Store-South-03,SKU-FMCG-04,105,53.21,0,0,8,0
2025-06-19,Store-South-03,SKU-FMCG-04,110,53.21,0,0,8,0
2025-06-20,Store-South-03,SKU-FMCG-04,97,53.21,0,0,8,0
2025-06-21,Store-South-03,SKU-FMCG-04,121,53.21,0,1,8,0
2025-06-22,Store-South-03,SKU-FMCG-04,130,53.21,0,1,8,0
2025-06-23,Store-South-03,SKU-FMCG-04,109,53.21,0,0,8,0
2025-06-24,Store-South-03,SKU-FMCG-04,90,53.21,0,0,8,0
2025-06-25,Store-South-03,SKU-FMCG-04,102,53.21,0,0,8,0
2025-06-26,Store-South-03,SKU-FMCG-04,100,53.21,0,0,8,0
2025-06-27,Store-South-03,SKU-FMCG-04,98,53.21,0,0,8,0
2025-06-28,Store-South-03,SKU-FMCG-04,138,53.21,0,1,8,0
2025-06-29,Store-South-03,SKU-FMCG-04,125,53.21,0,1,8,0
2025-06-30,Store-South-03,SKU-FMCG-04,102,53.21,0,0,8,0
2025-07-01,Store-South-03,SKU-FMCG-04,108,53.21,0,0,8,0
2025-07-02,Store-South-03,SKU-FMCG-04,112,53.21,0,0,8,0
2025-07-03,Store-South-03,SKU-FMCG-04,90,53.21,0,0,8,0
2025-07-04,Store-South-03,SKU-FMCG-04,167,45.23,1,0,8,0
2025-07-05,Store-South-03,SKU-FMCG-04,130,53.21,0,1,8,0
2025-07-06,Store-South-03,SKU-FMCG-04,131,53.21,0,1,8,0
2025-07-07,Store-South-03,SKU-FMCG-04,101,53.21,0,0,8,0
2025-07-08,Store-South-03,SKU-FMCG-04,102,53.21,0,0,8,0
2025-07-09,Store-South-03,SKU-FMCG-04,96,53.21,0,0,8,0
2025-07-10,Store-South-03,SKU-FMCG-04,89,53.21,0,0,8,0
2025-07-11,Store-South-03,SKU-FMCG-04,92,53.21,0,0,8,0
2025-07-12,Store-South-03,SKU-FMCG-04,116,53.21,0,1,8,0
2025-07-13,Store-South-03,SKU-FMCG-04,216,45.23,1,1,8,0
2025-07-14,Store-South-03,SKU-FMCG-04,98,53.21,0,0,8,0
2025-07-15,Store-South-03,SKU-FMCG-04,94,53.21,0,0,8,0
2025-07-16,Store-South-03,SKU-FMCG-04,85,53.21,0,0,8,0
2025-07-17,Store-South-03,SKU-FMCG-04,93,53.21,0,0,8,0
2025-07-18,Store-South-03,SKU-FMCG-04,147,45.23,1,0,8,0
2025-07-19,Store-South-03,SKU-FMCG-04,132,53.21,0,1,8,0
2025-07-20,Store-South-03,SKU-FMCG-04,126,53.21,0,1,8,0
2025-07-21,Store-South-03,SKU-FMCG-04,84,53.21,0,0,8,0
2025-07-22,Store-South-03,SKU-FMCG-04,167,45.23,1,0,8,0
2025-07-23,Store-South-03,SKU-FMCG-04,95,53.21,0,0,8,0
2025-07-24,Store-South-03,SKU-FMCG-04,70,53.21,0,0,8,0
2025-07-25,Store-South-03,SKU-FMCG-04,81,53.21,0,0,8,0
2025-07-26,Store-South-03,SKU-FMCG-04,119,53.21,0,1,8,0
2025-07-27,Store-South-03,SKU-FMCG-04,123,53.21,0,1,8,0
2025-07-28,Store-South-03,SKU-FMCG-04,93,53.21,0,0,8,0
2025-07-29,Store-South-03,SKU-FMCG-04,83,53.21,0,0,8,0
2025-07-30,Store-South-03,SKU-FMCG-04,89,53.21,0,0,8,0
2025-07-31,Store-South-03,SKU-FMCG-04,91,53.21,0,0,8,0
2025-08-01,Store-South-03,SKU-FMCG-04,87,53.21,0,0,8,0
2025-08-02,Store-South-03,SKU-FMCG-04,106,53.21,0,1,8,0
2025-08-03,Store-South-03,SKU-FMCG-04,117,53.21,0,1,8,0
2025-08-04,Store-South-03,SKU-FMCG-04,92,53.21,0,0,8,0
2025-08-05,Store-South-03,SKU-FMCG-04,94,53.21,0,0,8,0
2025-08-06,Store-South-03,SKU-FMCG-04,67,53.21,0,0,8,0
2025-08-07,Store-South-03,SKU-FMCG-04,74,53.21,0,0,8,0
2025-08-08,Store-South-03,SKU-FMCG-04,85,53.21,0,0,8,0
2025-08-09,Store-South-03,SKU-FMCG-04,104,53.21,0,1,8,0
2025-08-10,Store-South-03,SKU-FMCG-04,115,53.21,0,1,8,0
2025-08-11,Store-South-03,SKU-FMCG-04,91,53.21,0,0,8,0
2025-08-12,Store-South-03,SKU-FMCG-04,77,53.21,0,0,8,0
2025-08-13,Store-South-03,SKU-FMCG-04,86,53.21,0,0,8,0
2025-08-14,Store-South-03,SKU-FMCG-04,95,53.21,0,0,8,0
2025-08-15,Store-South-03,SKU-FMCG-04,63,53.21,0,0,8,0
2025-08-16,Store-South-03,SKU-FMCG-04,132,53.21,0,1,8,0
2025-08-17,Store-South-03,SKU-FMCG-04,113,53.21,0,1,8,0
2025-08-18,Store-South-03,SKU-FMCG-04,79,53.21,0,0,8,0
2025-08-19,Store-South-03,SKU-FMCG-04,80,53.21,0,0,8,0
2025-08-20,Store-South-03,SKU-FMCG-04,0,53.21,0,0,8,1
2025-08-21,Store-South-03,SKU-FMCG-04,77,53.21,0,0,8,0
2025-08-22,Store-South-03,SKU-FMCG-04,81,53.21,0,0,8,0
2025-08-23,Store-South-03,SKU-FMCG-04,103,53.21,0,1,8,0
2025-08-24,Store-South-03,SKU-FMCG-04,111,53.21,0,1,8,0
2025-08-25,Store-South-03,SKU-FMCG-04,66,53.21,0,0,8,0
2025-08-26,Store-South-03,SKU-FMCG-04,106,53.21,0,0,8,0
2025-08-27,Store-South-03,SKU-FMCG-04,80,53.21,0,0,8,0
2025-08-28,Store-South-03,SKU-FMCG-04,77,53.21,0,0,8,0
2025-08-29,Store-South-03,SKU-FMCG-04,0,53.21,0,0,8,1
2025-08-30,Store-South-03,SKU-FMCG-04,87,53.21,0,1,8,0
2025-08-31,Store-South-03,SKU-FMCG-04,172,45.23,1,1,8,0
2025-09-01,Store-South-03,SKU-FMCG-04,89,53.21,0,0,8,0
2025-09-02,Store-South-03,SKU-FMCG-04,61,53.21,0,0,8,0
2025-09-03,Store-South-03,SKU-FMCG-04,59,53.21,0,0,8,0
2025-09-04,Store-South-03,SKU-FMCG-04,84,53.21,0,0,8,0
2025-09-05,Store-South-03,SKU-FMCG-04,81,53.21,0,0,8,0
2025-09-06,Store-South-03,SKU-FMCG-04,109,53.21,0,1,8,0
2025-09-07,Store-South-03,SKU-FMCG-04,0,53.21,0,1,8,1
2025-09-08,Store-South-03,SKU-FMCG-04,69,53.21,0,0,8,0
2025-09-09,Store-South-03,SKU-FMCG-04,64,53.21,0,0,8,0
2025-09-10,Store-South-03,SKU-FMCG-04,59,53.21,0,0,8,0
2025-09-11,Store-South-03,SKU-FMCG-04,65,53.21,0,0,8,0
2025-09-12,Store-South-03,SKU-FMCG-04,67,53.21,0,0,8,0
2025-09-13,Store-South-03,SKU-FMCG-04,85,53.21,0,1,8,0
2025-09-14,Store-South-03,SKU-FMCG-04,87,53.21,0,1,8,0
2025-09-15,Store-South-03,SKU-FMCG-04,125,45.23,1,0,8,0
2025-09-16,Store-South-03,SKU-FMCG-04,46,53.21,0,0,8,0
2025-09-17,Store-South-03,SKU-FMCG-04,67,53.21,0,0,8,0
2025-09-18,Store-South-03,SKU-FMCG-04,75,53.21,0,0,8,0
2025-09-19,Store-South-03,SKU-FMCG-04,59,53.21,0,0,8,0
2025-09-20,Store-South-03,SKU-FMCG-04,0,53.21,0,1,8,1
2025-09-21,Store-South-03,SKU-FMCG-04,84,53.21,0,1,8,0
2025-09-22,Store-South-03,SKU-FMCG-04,62,53.21,0,0,8,0
2025-09-23,Store-South-03,SKU-FMCG-04,62,53.21,0,0,8,0
2025-09-24,Store-South-03,SKU-FMCG-04,66,53.21,0,0,8,0
2025-09-25,Store-South-03,SKU-FMCG-04,67,53.21,0,0,8,0
2025-09-26,Store-South-03,SKU-FMCG-04,48,53.21,0,0,8,0
2025-09-27,Store-South-03,SKU-FMCG-04,75,53.21,0,1,8,0
2025-09-28,Store-South-03,SKU-FMCG-04,85,53.21,0,1,8,0
2025-09-29,Store-South-03,SKU-FMCG-04,65,53.21,0,0,8,0
2025-09-30,Store-South-03,SKU-FMCG-04,57,53.21,0,0,8,0
2025-10-01,Store-South-03,SKU-FMCG-04,56,53.21,0,0,8,0
2025-10-02,Store-South-03,SKU-FMCG-04,70,53.21,0,0,8,0
2025-10-03,Store-South-03,SKU-FMCG-04,57,53.21,0,0,8,0
2025-10-04,Store-South-03,SKU-FMCG-04,84,53.21,0,1,8,0
2025-10-05,Store-South-03,SKU-FMCG-04,97,53.21,0,1,8,0
2025-10-06,Store-South-03,SKU-FMCG-04,58,53.21,0,0,8,0
2025-10-07,Store-South-03,SKU-FMCG-04,48,53.21,0,0,8,0
2025-10-08,Store-South-03,SKU-FMCG-04,69,53.21,0,0,8,0
2025-10-09,Store-South-03,SKU-FMCG-04,54,53.21,0,0,8,0
2025-10-10,Store-South-03,SKU-FMCG-04,67,53.21,0,0,8,0
2025-10-11,Store-South-03,SKU-FMCG-04,84,53.21,0,1,8,0
2025-10-12,Store-South-03,SKU-FMCG-04,82,53.21,0,1,8,0
2025-10-13,Store-South-03,SKU-FMCG-04,61,53.21,0,0,8,0
2025-10-14,Store-South-03,SKU-FMCG-04,57,53.21,0,0,8,0
2025-10-15,Store-South-03,SKU-FMCG-04,52,53.21,0,0,8,0
2025-10-16,Store-South-03,SKU-FMCG-04,59,53.21,0,0,8,0
2025-10-17,Store-South-03,SKU-FMCG-04,65,53.21,0,0,8,0
2025-10-18,Store-South-03,SKU-FMCG-04,142,45.23,1,1,8,0
2025-10-19,Store-South-03,SKU-FMCG-04,0,53.21,0,1,8,1
2025-10-20,Store-South-03,SKU-FMCG-04,70,53.21,0,0,8,0
2025-10-21,Store-South-03,SKU-FMCG-04,58,53.21,0,0,8,0
2025-10-22,Store-South-03,SKU-FMCG-04,55,53.21,0,0,8,0
2025-10-23,Store-South-03,SKU-FMCG-04,108,45.23,1,0,8,0
2025-10-24,Store-South-03,SKU-FMCG-04,61,53.21,0,0,8,0
2025-10-25,Store-South-03,SKU-FMCG-04,81,53.21,0,1,8,0
2025-10-26,Store-South-03,SKU-FMCG-04,58,53.21,0,1,8,0
2025-10-27,Store-South-03,SKU-FMCG-04,89,45.23,1,0,8,0
2025-10-28,Store-South-03,SKU-FMCG-04,72,53.21,0,0,8,0
2025-10-29,Store-South-03,SKU-FMCG-04,74,53.21,0,0,8,0
2025-10-30,Store-South-03,SKU-FMCG-04,55,53.21,0,0,8,0
2025-10-31,Store-South-03,SKU-FMCG-04,68,53.21,0,0,8,0
2025-11-01,Store-South-03,SKU-FMCG-04,78,53.21,0,1,8,0
2025-11-02,Store-South-03,SKU-FMCG-04,68,53.21,0,1,8,0
2025-11-03,Store-South-03,SKU-FMCG-04,90,45.23,1,0,8,0
2025-11-04,Store-South-03,SKU-FMCG-04,48,53.21,0,0,8,0
2025-11-05,Store-South-03,SKU-FMCG-04,47,53.21,0,0,8,0
2025-11-06,Store-South-03,SKU-FMCG-04,58,53.21,0,0,8,0
2025-11-07,Store-South-03,SKU-FMCG-04,52,53.21,0,0,8,0
2025-11-08,Store-South-03,SKU-FMCG-04,74,53.21,0,1,8,0
2025-11-09,Store-South-03,SKU-FMCG-04,76,53.21,0,1,8,0
2025-11-10,Store-South-03,SKU-FMCG-04,66,53.21,0,0,8,0
2025-11-11,Store-South-03,SKU-FMCG-04,110,45.23,1,0,8,0
2025-11-12,Store-South-03,SKU-FMCG-04,51,53.21,0,0,8,0
2025-11-13,Store-South-03,SKU-FMCG-04,53,53.21,0,0,8,0
2025-11-14,Store-South-03,SKU-FMCG-04,66,53.21,0,0,8,0
2025-11-15,Store-South-03,SKU-FMCG-04,90,53.21,0,1,8,0
2025-11-16,Store-South-03,SKU-FMCG-04,62,53.21,0,1,8,0
2025-11-17,Store-South-03,SKU-FMCG-04,60,53.21,0,0,8,0
2025-11-18,Store-South-03,SKU-FMCG-04,59,53.21,0,0,8,0
2025-11-19,Store-South-03,SKU-FMCG-04,0,53.21,0,0,8,1
2025-11-20,Store-South-03,SKU-FMCG-04,54,53.21,0,0,8,0
2025-11-21,Store-South-03,SKU-FMCG-04,47,53.21,0,0,8,0
2025-11-22,Store-South-03,SKU-FMCG-04,161,45.23,1,1,8,0
2025-11-23,Store-South-03,SKU-FMCG-04,74,53.21,0,1,8,0
2025-11-24,Store-South-03,SKU-FMCG-04,61,53.21,0,0,8,0
2025-11-25,Store-South-03,SKU-FMCG-04,109,45.23,1,0,8,0
2025-11-26,Store-South-03,SKU-FMCG-04,56,53.21,0,0,8,0
2025-11-27,Store-South-03,SKU-FMCG-04,73,53.21,0,0,8,0
2025-11-28,Store-South-03,SKU-FMCG-04,64,53.21,0,0,8,0
2025-11-29,Store-South-03,SKU-FMCG-04,90,53.21,0,1,8,0
2025-11-30,Store-South-03,SKU-FMCG-04,76,53.21,0,1,8,0
2025-12-01,Store-South-03,SKU-FMCG-04,56,53.21,0,0,8,0
2025-12-02,Store-South-03,SKU-FMCG-04,61,53.21,0,0,8,0
2025-12-03,Store-South-03,SKU-FMCG-04,59,53.21,0,0,8,0
2025-12-04,Store-South-03,SKU-FMCG-04,0,53.21,0,0,8,1
2025-12-05,Store-South-03,SKU-FMCG-04,122,45.23,1,0,8,0
2025-12-06,Store-South-03,SKU-FMCG-04,75,53.21,0,1,8,0
2025-12-07,Store-South-03,SKU-FMCG-04,80,53.21,0,1,8,0
2025-12-08,Store-South-03,SKU-FMCG-04,74,53.21,0,0,8,0
2025-12-09,Store-South-03,SKU-FMCG-04,55,53.21,0,0,8,0
2025-12-10,Store-South-03,SKU-FMCG-04,72,53.21,0,0,8,0
2025-12-11,Store-South-03,SKU-FMCG-04,67,53.21,0,0,8,0
2025-12-12,Store-South-03,SKU-FMCG-04,59,53.21,0,0,8,0
2025-12-13,Store-South-03,SKU-FMCG-04,75,53.21,0,1,8,0
2025-12-14,Store-South-03,SKU-FMCG-04,97,53.21,0,1,8,0
2025-12-15,Store-South-03,SKU-FMCG-04,53,53.21,0,0,8,0
2025-12-16,Store-South-03,SKU-FMCG-04,54,53.21,0,0,8,0
2025-12-17,Store-South-03,SKU-FMCG-04,64,53.21,0,0,8,0
2025-12-18,Store-South-03,SKU-FMCG-04,56,53.21,0,0,8,0
2025-12-19,Store-South-03,SKU-FMCG-04,65,53.21,0,0,8,0
2025-12-20,Store-South-03,SKU-FMCG-04,81,53.21,0,1,8,0
2025-12-21,Store-South-03,SKU-FMCG-04,91,53.21,0,1,8,0
2025-12-22,Store-South-03,SKU-FMCG-04,70,53.21,0,0,8,0
2025-12-23,Store-South-03,SKU-FMCG-04,54,53.21,0,0,8,0
2025-12-24,Store-South-03,SKU-FMCG-04,71,53.21,0,0,8,0
2025-12-25,Store-South-03,SKU-FMCG-04,74,53.21,0,0,8,0
2025-12-26,Store-South-03,SKU-FMCG-04,67,53.21,0,0,8,0
2025-12-27,Store-South-03,SKU-FMCG-04,172,45.23,1,1,8,0
2025-12-28,Store-South-03,SKU-FMCG-04,140,45.23,1,1,8,0
2025-12-29,Store-South-03,SKU-FMCG-04,71,53.21,0,0,8,0
2025-12-30,Store-South-03,SKU-FMCG-04,62,53.21,0,0,8,0
2025-12-31,Store-South-03,SKU-FMCG-04,71,53.21,0,0,8,0
